## SLURM PROLOG ###############################################################
##    Job ID : 5431312
##  Job Name : dump_preds
##  Nodelist : gpu1505
##      CPUs : 4
##  Mem/Node : 65536 MB
## Directory : /oscar/data/rsingh47/fperalta/scfm-fairness
##   Job Started : Thu Aug 27 08:37:17 PM EDT 2026
###############################################################################
########## Geneformer: 3 cohorts x 6 arms ##########
=== geneformer crc P ===
holdout filter: kept 8,572/8,572 eval_donor cells
/users/fperalta/.conda/envs/geneformer310/lib/python3.10/site-packages/geneformer/collator_for_classification.py:649: UserWarning: To copy construct from a tensor, it is recommended to use sourceTensor.clone().detach() or sourceTensor.clone().detach().requires_grad_(True), rather than torch.tensor(sourceTensor).
  batch = {k: torch.tensor(v.clone().detach(), dtype=torch.int64) if isinstance(v, torch.Tensor) else torch.tensor(v, dtype=torch.int64) for k, v in batch.items()}
wrote per-cell predictions: 8,572 rows
/users/fperalta/.conda/envs/geneformer310/lib/python3.10/site-packages/sklearn/metrics/_classification.py:1731: UndefinedMetricWarning: F-score is ill-defined and being set to 0.0 in labels with no true nor predicted samples. Use `zero_division` parameter to control this behavior.
  _warn_prf(average, modifier, f"{metric.capitalize()} is", result.shape[0])
/users/fperalta/.conda/envs/geneformer310/lib/python3.10/site-packages/sklearn/metrics/_classification.py:1731: UndefinedMetricWarning: F-score is ill-defined and being set to 0.0 in labels with no true nor predicted samples. Use `zero_division` parameter to control this behavior.
  _warn_prf(average, modifier, f"{metric.capitalize()} is", result.shape[0])
/users/fperalta/.conda/envs/geneformer310/lib/python3.10/site-packages/sklearn/metrics/_classification.py:1731: UndefinedMetricWarning: F-score is ill-defined and being set to 0.0 in labels with no true nor predicted samples. Use `zero_division` parameter to control this behavior.
  _warn_prf(average, modifier, f"{metric.capitalize()} is", result.shape[0])
/users/fperalta/.conda/envs/geneformer310/lib/python3.10/site-packages/sklearn/metrics/_classification.py:1731: UndefinedMetricWarning: F-score is ill-defined and being set to 0.0 in labels with no true nor predicted samples. Use `zero_division` parameter to control this behavior.
  _warn_prf(average, modifier, f"{metric.capitalize()} is", result.shape[0])
/users/fperalta/.conda/envs/geneformer310/lib/python3.10/site-packages/sklearn/metrics/_classification.py:1731: UndefinedMetricWarning: F-score is ill-defined and being set to 0.0 in labels with no true nor predicted samples. Use `zero_division` parameter to control this behavior.
  _warn_prf(average, modifier, f"{metric.capitalize()} is", result.shape[0])
/users/fperalta/.conda/envs/geneformer310/lib/python3.10/site-packages/sklearn/metrics/_classification.py:1731: UndefinedMetricWarning: F-score is ill-defined and being set to 0.0 in labels with no true nor predicted samples. Use `zero_division` parameter to control this behavior.
  _warn_prf(average, modifier, f"{metric.capitalize()} is", result.shape[0])
/users/fperalta/.conda/envs/geneformer310/lib/python3.10/site-packages/sklearn/metrics/_classification.py:1731: UndefinedMetricWarning: F-score is ill-defined and being set to 0.0 in labels with no true nor predicted samples. Use `zero_division` parameter to control this behavior.
  _warn_prf(average, modifier, f"{metric.capitalize()} is", result.shape[0])
/users/fperalta/.conda/envs/geneformer310/lib/python3.10/site-packages/sklearn/metrics/_classification.py:1731: UndefinedMetricWarning: F-score is ill-defined and being set to 0.0 in labels with no true nor predicted samples. Use `zero_division` parameter to control this behavior.
  _warn_prf(average, modifier, f"{metric.capitalize()} is", result.shape[0])
/users/fperalta/.conda/envs/geneformer310/lib/python3.10/site-packages/sklearn/metrics/_classification.py:1731: UndefinedMetricWarning: F-score is ill-defined and being set to 0.0 in labels with no true nor predicted samples. Use `zero_division` parameter to control this behavior.
  _warn_prf(average, modifier, f"{metric.capitalize()} is", result.shape[0])
/users/fperalta/.conda/envs/geneformer310/lib/python3.10/site-packages/sklearn/metrics/_classification.py:1731: UndefinedMetricWarning: F-score is ill-defined and being set to 0.0 in labels with no true nor predicted samples. Use `zero_division` parameter to control this behavior.
  _warn_prf(average, modifier, f"{metric.capitalize()} is", result.shape[0])
/users/fperalta/.conda/envs/geneformer310/lib/python3.10/site-packages/sklearn/metrics/_classification.py:1731: UndefinedMetricWarning: F-score is ill-defined and being set to 0.0 in labels with no true nor predicted samples. Use `zero_division` parameter to control this behavior.
  _warn_prf(average, modifier, f"{metric.capitalize()} is", result.shape[0])
/users/fperalta/.conda/envs/geneformer310/lib/python3.10/site-packages/sklearn/metrics/_classification.py:1731: UndefinedMetricWarning: F-score is ill-defined and being set to 0.0 in labels with no true nor predicted samples. Use `zero_division` parameter to control this behavior.
  _warn_prf(average, modifier, f"{metric.capitalize()} is", result.shape[0])
/users/fperalta/.conda/envs/geneformer310/lib/python3.10/site-packages/sklearn/metrics/_classification.py:1731: UndefinedMetricWarning: F-score is ill-defined and being set to 0.0 in labels with no true nor predicted samples. Use `zero_division` parameter to control this behavior.
  _warn_prf(average, modifier, f"{metric.capitalize()} is", result.shape[0])
/users/fperalta/.conda/envs/geneformer310/lib/python3.10/site-packages/sklearn/metrics/_classification.py:1731: UndefinedMetricWarning: F-score is ill-defined and being set to 0.0 in labels with no true nor predicted samples. Use `zero_division` parameter to control this behavior.
  _warn_prf(average, modifier, f"{metric.capitalize()} is", result.shape[0])
/users/fperalta/.conda/envs/geneformer310/lib/python3.10/site-packages/sklearn/metrics/_classification.py:1731: UndefinedMetricWarning: F-score is ill-defined and being set to 0.0 in labels with no true nor predicted samples. Use `zero_division` parameter to control this behavior.
  _warn_prf(average, modifier, f"{metric.capitalize()} is", result.shape[0])
/users/fperalta/.conda/envs/geneformer310/lib/python3.10/site-packages/sklearn/metrics/_classification.py:1731: UndefinedMetricWarning: F-score is ill-defined and being set to 0.0 in labels with no true nor predicted samples. Use `zero_division` parameter to control this behavior.
  _warn_prf(average, modifier, f"{metric.capitalize()} is", result.shape[0])
/users/fperalta/.conda/envs/geneformer310/lib/python3.10/site-packages/sklearn/metrics/_classification.py:1731: UndefinedMetricWarning: F-score is ill-defined and being set to 0.0 in labels with no true nor predicted samples. Use `zero_division` parameter to control this behavior.
  _warn_prf(average, modifier, f"{metric.capitalize()} is", result.shape[0])
/users/fperalta/.conda/envs/geneformer310/lib/python3.10/site-packages/sklearn/metrics/_classification.py:1731: UndefinedMetricWarning: F-score is ill-defined and being set to 0.0 in labels with no true nor predicted samples. Use `zero_division` parameter to control this behavior.
  _warn_prf(average, modifier, f"{metric.capitalize()} is", result.shape[0])
/users/fperalta/.conda/envs/geneformer310/lib/python3.10/site-packages/sklearn/metrics/_classification.py:1731: UndefinedMetricWarning: F-score is ill-defined and being set to 0.0 in labels with no true nor predicted samples. Use `zero_division` parameter to control this behavior.
  _warn_prf(average, modifier, f"{metric.capitalize()} is", result.shape[0])
/users/fperalta/.conda/envs/geneformer310/lib/python3.10/site-packages/sklearn/metrics/_classification.py:1731: UndefinedMetricWarning: F-score is ill-defined and being set to 0.0 in labels with no true nor predicted samples. Use `zero_division` parameter to control this behavior.
  _warn_prf(average, modifier, f"{metric.capitalize()} is", result.shape[0])
/users/fperalta/.conda/envs/geneformer310/lib/python3.10/site-packages/sklearn/metrics/_classification.py:1731: UndefinedMetricWarning: F-score is ill-defined and being set to 0.0 in labels with no true nor predicted samples. Use `zero_division` parameter to control this behavior.
  _warn_prf(average, modifier, f"{metric.capitalize()} is", result.shape[0])
/users/fperalta/.conda/envs/geneformer310/lib/python3.10/site-packages/sklearn/metrics/_classification.py:1731: UndefinedMetricWarning: F-score is ill-defined and being set to 0.0 in labels with no true nor predicted samples. Use `zero_division` parameter to control this behavior.
  _warn_prf(average, modifier, f"{metric.capitalize()} is", result.shape[0])
/users/fperalta/.conda/envs/geneformer310/lib/python3.10/site-packages/sklearn/metrics/_classification.py:1731: UndefinedMetricWarning: F-score is ill-defined and being set to 0.0 in labels with no true nor predicted samples. Use `zero_division` parameter to control this behavior.
  _warn_prf(average, modifier, f"{metric.capitalize()} is", result.shape[0])
/users/fperalta/.conda/envs/geneformer310/lib/python3.10/site-packages/sklearn/metrics/_classification.py:1731: UndefinedMetricWarning: F-score is ill-defined and being set to 0.0 in labels with no true nor predicted samples. Use `zero_division` parameter to control this behavior.
  _warn_prf(average, modifier, f"{metric.capitalize()} is", result.shape[0])
/users/fperalta/.conda/envs/geneformer310/lib/python3.10/site-packages/sklearn/metrics/_classification.py:1731: UndefinedMetricWarning: F-score is ill-defined and being set to 0.0 in labels with no true nor predicted samples. Use `zero_division` parameter to control this behavior.
  _warn_prf(average, modifier, f"{metric.capitalize()} is", result.shape[0])
/users/fperalta/.conda/envs/geneformer310/lib/python3.10/site-packages/sklearn/metrics/_classification.py:1731: UndefinedMetricWarning: F-score is ill-defined and being set to 0.0 in labels with no true nor predicted samples. Use `zero_division` parameter to control this behavior.
  _warn_prf(average, modifier, f"{metric.capitalize()} is", result.shape[0])
/users/fperalta/.conda/envs/geneformer310/lib/python3.10/site-packages/sklearn/metrics/_classification.py:1731: UndefinedMetricWarning: F-score is ill-defined and being set to 0.0 in labels with no true nor predicted samples. Use `zero_division` parameter to control this behavior.
  _warn_prf(average, modifier, f"{metric.capitalize()} is", result.shape[0])
/users/fperalta/.conda/envs/geneformer310/lib/python3.10/site-packages/sklearn/metrics/_classification.py:1731: UndefinedMetricWarning: F-score is ill-defined and being set to 0.0 in labels with no true nor predicted samples. Use `zero_division` parameter to control this behavior.
  _warn_prf(average, modifier, f"{metric.capitalize()} is", result.shape[0])
/users/fperalta/.conda/envs/geneformer310/lib/python3.10/site-packages/sklearn/metrics/_classification.py:1731: UndefinedMetricWarning: F-score is ill-defined and being set to 0.0 in labels with no true nor predicted samples. Use `zero_division` parameter to control this behavior.
  _warn_prf(average, modifier, f"{metric.capitalize()} is", result.shape[0])
/users/fperalta/.conda/envs/geneformer310/lib/python3.10/site-packages/sklearn/metrics/_classification.py:1731: UndefinedMetricWarning: F-score is ill-defined and being set to 0.0 in labels with no true nor predicted samples. Use `zero_division` parameter to control this behavior.
  _warn_prf(average, modifier, f"{metric.capitalize()} is", result.shape[0])
/users/fperalta/.conda/envs/geneformer310/lib/python3.10/site-packages/sklearn/metrics/_classification.py:1731: UndefinedMetricWarning: F-score is ill-defined and being set to 0.0 in labels with no true nor predicted samples. Use `zero_division` parameter to control this behavior.
  _warn_prf(average, modifier, f"{metric.capitalize()} is", result.shape[0])
/users/fperalta/.conda/envs/geneformer310/lib/python3.10/site-packages/sklearn/metrics/_classification.py:1731: UndefinedMetricWarning: F-score is ill-defined and being set to 0.0 in labels with no true nor predicted samples. Use `zero_division` parameter to control this behavior.
  _warn_prf(average, modifier, f"{metric.capitalize()} is", result.shape[0])
/users/fperalta/.conda/envs/geneformer310/lib/python3.10/site-packages/sklearn/metrics/_classification.py:1731: UndefinedMetricWarning: F-score is ill-defined and being set to 0.0 in labels with no true nor predicted samples. Use `zero_division` parameter to control this behavior.
  _warn_prf(average, modifier, f"{metric.capitalize()} is", result.shape[0])
/users/fperalta/.conda/envs/geneformer310/lib/python3.10/site-packages/sklearn/metrics/_classification.py:1731: UndefinedMetricWarning: F-score is ill-defined and being set to 0.0 in labels with no true nor predicted samples. Use `zero_division` parameter to control this behavior.
  _warn_prf(average, modifier, f"{metric.capitalize()} is", result.shape[0])
/users/fperalta/.conda/envs/geneformer310/lib/python3.10/site-packages/sklearn/metrics/_classification.py:1731: UndefinedMetricWarning: F-score is ill-defined and being set to 0.0 in labels with no true nor predicted samples. Use `zero_division` parameter to control this behavior.
  _warn_prf(average, modifier, f"{metric.capitalize()} is", result.shape[0])
/users/fperalta/.conda/envs/geneformer310/lib/python3.10/site-packages/sklearn/metrics/_classification.py:1731: UndefinedMetricWarning: F-score is ill-defined and being set to 0.0 in labels with no true nor predicted samples. Use `zero_division` parameter to control this behavior.
  _warn_prf(average, modifier, f"{metric.capitalize()} is", result.shape[0])
/users/fperalta/.conda/envs/geneformer310/lib/python3.10/site-packages/sklearn/metrics/_classification.py:1731: UndefinedMetricWarning: F-score is ill-defined and being set to 0.0 in labels with no true nor predicted samples. Use `zero_division` parameter to control this behavior.
  _warn_prf(average, modifier, f"{metric.capitalize()} is", result.shape[0])
/users/fperalta/.conda/envs/geneformer310/lib/python3.10/site-packages/sklearn/metrics/_classification.py:1731: UndefinedMetricWarning: F-score is ill-defined and being set to 0.0 in labels with no true nor predicted samples. Use `zero_division` parameter to control this behavior.
  _warn_prf(average, modifier, f"{metric.capitalize()} is", result.shape[0])
/users/fperalta/.conda/envs/geneformer310/lib/python3.10/site-packages/sklearn/metrics/_classification.py:1731: UndefinedMetricWarning: F-score is ill-defined and being set to 0.0 in labels with no true nor predicted samples. Use `zero_division` parameter to control this behavior.
  _warn_prf(average, modifier, f"{metric.capitalize()} is", result.shape[0])
/users/fperalta/.conda/envs/geneformer310/lib/python3.10/site-packages/sklearn/metrics/_classification.py:1731: UndefinedMetricWarning: F-score is ill-defined and being set to 0.0 in labels with no true nor predicted samples. Use `zero_division` parameter to control this behavior.
  _warn_prf(average, modifier, f"{metric.capitalize()} is", result.shape[0])
/users/fperalta/.conda/envs/geneformer310/lib/python3.10/site-packages/sklearn/metrics/_classification.py:1731: UndefinedMetricWarning: F-score is ill-defined and being set to 0.0 in labels with no true nor predicted samples. Use `zero_division` parameter to control this behavior.
  _warn_prf(average, modifier, f"{metric.capitalize()} is", result.shape[0])
/users/fperalta/.conda/envs/geneformer310/lib/python3.10/site-packages/sklearn/metrics/_classification.py:1731: UndefinedMetricWarning: F-score is ill-defined and being set to 0.0 in labels with no true nor predicted samples. Use `zero_division` parameter to control this behavior.
  _warn_prf(average, modifier, f"{metric.capitalize()} is", result.shape[0])
/users/fperalta/.conda/envs/geneformer310/lib/python3.10/site-packages/sklearn/metrics/_classification.py:1731: UndefinedMetricWarning: F-score is ill-defined and being set to 0.0 in labels with no true nor predicted samples. Use `zero_division` parameter to control this behavior.
  _warn_prf(average, modifier, f"{metric.capitalize()} is", result.shape[0])
/users/fperalta/.conda/envs/geneformer310/lib/python3.10/site-packages/sklearn/metrics/_classification.py:1731: UndefinedMetricWarning: F-score is ill-defined and being set to 0.0 in labels with no true nor predicted samples. Use `zero_division` parameter to control this behavior.
  _warn_prf(average, modifier, f"{metric.capitalize()} is", result.shape[0])
/users/fperalta/.conda/envs/geneformer310/lib/python3.10/site-packages/sklearn/metrics/_classification.py:1731: UndefinedMetricWarning: F-score is ill-defined and being set to 0.0 in labels with no true nor predicted samples. Use `zero_division` parameter to control this behavior.
  _warn_prf(average, modifier, f"{metric.capitalize()} is", result.shape[0])
/users/fperalta/.conda/envs/geneformer310/lib/python3.10/site-packages/sklearn/metrics/_classification.py:1731: UndefinedMetricWarning: F-score is ill-defined and being set to 0.0 in labels with no true nor predicted samples. Use `zero_division` parameter to control this behavior.
  _warn_prf(average, modifier, f"{metric.capitalize()} is", result.shape[0])
/users/fperalta/.conda/envs/geneformer310/lib/python3.10/site-packages/sklearn/metrics/_classification.py:1731: UndefinedMetricWarning: F-score is ill-defined and being set to 0.0 in labels with no true nor predicted samples. Use `zero_division` parameter to control this behavior.
  _warn_prf(average, modifier, f"{metric.capitalize()} is", result.shape[0])
/users/fperalta/.conda/envs/geneformer310/lib/python3.10/site-packages/sklearn/metrics/_classification.py:1731: UndefinedMetricWarning: F-score is ill-defined and being set to 0.0 in labels with no true nor predicted samples. Use `zero_division` parameter to control this behavior.
  _warn_prf(average, modifier, f"{metric.capitalize()} is", result.shape[0])
/users/fperalta/.conda/envs/geneformer310/lib/python3.10/site-packages/sklearn/metrics/_classification.py:1731: UndefinedMetricWarning: F-score is ill-defined and being set to 0.0 in labels with no true nor predicted samples. Use `zero_division` parameter to control this behavior.
  _warn_prf(average, modifier, f"{metric.capitalize()} is", result.shape[0])
/users/fperalta/.conda/envs/geneformer310/lib/python3.10/site-packages/sklearn/metrics/_classification.py:1731: UndefinedMetricWarning: F-score is ill-defined and being set to 0.0 in labels with no true nor predicted samples. Use `zero_division` parameter to control this behavior.
  _warn_prf(average, modifier, f"{metric.capitalize()} is", result.shape[0])
/users/fperalta/.conda/envs/geneformer310/lib/python3.10/site-packages/sklearn/metrics/_classification.py:1731: UndefinedMetricWarning: F-score is ill-defined and being set to 0.0 in labels with no true nor predicted samples. Use `zero_division` parameter to control this behavior.
  _warn_prf(average, modifier, f"{metric.capitalize()} is", result.shape[0])
/users/fperalta/.conda/envs/geneformer310/lib/python3.10/site-packages/sklearn/metrics/_classification.py:1731: UndefinedMetricWarning: F-score is ill-defined and being set to 0.0 in labels with no true nor predicted samples. Use `zero_division` parameter to control this behavior.
  _warn_prf(average, modifier, f"{metric.capitalize()} is", result.shape[0])
/users/fperalta/.conda/envs/geneformer310/lib/python3.10/site-packages/sklearn/metrics/_classification.py:1731: UndefinedMetricWarning: F-score is ill-defined and being set to 0.0 in labels with no true nor predicted samples. Use `zero_division` parameter to control this behavior.
  _warn_prf(average, modifier, f"{metric.capitalize()} is", result.shape[0])
/users/fperalta/.conda/envs/geneformer310/lib/python3.10/site-packages/sklearn/metrics/_classification.py:1731: UndefinedMetricWarning: F-score is ill-defined and being set to 0.0 in labels with no true nor predicted samples. Use `zero_division` parameter to control this behavior.
  _warn_prf(average, modifier, f"{metric.capitalize()} is", result.shape[0])
/users/fperalta/.conda/envs/geneformer310/lib/python3.10/site-packages/sklearn/metrics/_classification.py:1731: UndefinedMetricWarning: F-score is ill-defined and being set to 0.0 in labels with no true nor predicted samples. Use `zero_division` parameter to control this behavior.
  _warn_prf(average, modifier, f"{metric.capitalize()} is", result.shape[0])
/users/fperalta/.conda/envs/geneformer310/lib/python3.10/site-packages/sklearn/metrics/_classification.py:1731: UndefinedMetricWarning: F-score is ill-defined and being set to 0.0 in labels with no true nor predicted samples. Use `zero_division` parameter to control this behavior.
  _warn_prf(average, modifier, f"{metric.capitalize()} is", result.shape[0])
/users/fperalta/.conda/envs/geneformer310/lib/python3.10/site-packages/sklearn/metrics/_classification.py:1731: UndefinedMetricWarning: F-score is ill-defined and being set to 0.0 in labels with no true nor predicted samples. Use `zero_division` parameter to control this behavior.
  _warn_prf(average, modifier, f"{metric.capitalize()} is", result.shape[0])
/users/fperalta/.conda/envs/geneformer310/lib/python3.10/site-packages/sklearn/metrics/_classification.py:1731: UndefinedMetricWarning: F-score is ill-defined and being set to 0.0 in labels with no true nor predicted samples. Use `zero_division` parameter to control this behavior.
  _warn_prf(average, modifier, f"{metric.capitalize()} is", result.shape[0])
/users/fperalta/.conda/envs/geneformer310/lib/python3.10/site-packages/sklearn/metrics/_classification.py:1731: UndefinedMetricWarning: F-score is ill-defined and being set to 0.0 in labels with no true nor predicted samples. Use `zero_division` parameter to control this behavior.
  _warn_prf(average, modifier, f"{metric.capitalize()} is", result.shape[0])
/users/fperalta/.conda/envs/geneformer310/lib/python3.10/site-packages/sklearn/metrics/_classification.py:1731: UndefinedMetricWarning: F-score is ill-defined and being set to 0.0 in labels with no true nor predicted samples. Use `zero_division` parameter to control this behavior.
  _warn_prf(average, modifier, f"{metric.capitalize()} is", result.shape[0])
/users/fperalta/.conda/envs/geneformer310/lib/python3.10/site-packages/sklearn/metrics/_classification.py:1731: UndefinedMetricWarning: F-score is ill-defined and being set to 0.0 in labels with no true nor predicted samples. Use `zero_division` parameter to control this behavior.
  _warn_prf(average, modifier, f"{metric.capitalize()} is", result.shape[0])
/users/fperalta/.conda/envs/geneformer310/lib/python3.10/site-packages/sklearn/metrics/_classification.py:1731: UndefinedMetricWarning: F-score is ill-defined and being set to 0.0 in labels with no true nor predicted samples. Use `zero_division` parameter to control this behavior.
  _warn_prf(average, modifier, f"{metric.capitalize()} is", result.shape[0])
/users/fperalta/.conda/envs/geneformer310/lib/python3.10/site-packages/sklearn/metrics/_classification.py:1731: UndefinedMetricWarning: F-score is ill-defined and being set to 0.0 in labels with no true nor predicted samples. Use `zero_division` parameter to control this behavior.
  _warn_prf(average, modifier, f"{metric.capitalize()} is", result.shape[0])
/users/fperalta/.conda/envs/geneformer310/lib/python3.10/site-packages/sklearn/metrics/_classification.py:1731: UndefinedMetricWarning: F-score is ill-defined and being set to 0.0 in labels with no true nor predicted samples. Use `zero_division` parameter to control this behavior.
  _warn_prf(average, modifier, f"{metric.capitalize()} is", result.shape[0])
/users/fperalta/.conda/envs/geneformer310/lib/python3.10/site-packages/sklearn/metrics/_classification.py:1731: UndefinedMetricWarning: F-score is ill-defined and being set to 0.0 in labels with no true nor predicted samples. Use `zero_division` parameter to control this behavior.
  _warn_prf(average, modifier, f"{metric.capitalize()} is", result.shape[0])
/users/fperalta/.conda/envs/geneformer310/lib/python3.10/site-packages/sklearn/metrics/_classification.py:1731: UndefinedMetricWarning: F-score is ill-defined and being set to 0.0 in labels with no true nor predicted samples. Use `zero_division` parameter to control this behavior.
  _warn_prf(average, modifier, f"{metric.capitalize()} is", result.shape[0])
/users/fperalta/.conda/envs/geneformer310/lib/python3.10/site-packages/sklearn/metrics/_classification.py:1731: UndefinedMetricWarning: F-score is ill-defined and being set to 0.0 in labels with no true nor predicted samples. Use `zero_division` parameter to control this behavior.
  _warn_prf(average, modifier, f"{metric.capitalize()} is", result.shape[0])
/users/fperalta/.conda/envs/geneformer310/lib/python3.10/site-packages/sklearn/metrics/_classification.py:1731: UndefinedMetricWarning: F-score is ill-defined and being set to 0.0 in labels with no true nor predicted samples. Use `zero_division` parameter to control this behavior.
  _warn_prf(average, modifier, f"{metric.capitalize()} is", result.shape[0])
/users/fperalta/.conda/envs/geneformer310/lib/python3.10/site-packages/sklearn/metrics/_classification.py:1731: UndefinedMetricWarning: F-score is ill-defined and being set to 0.0 in labels with no true nor predicted samples. Use `zero_division` parameter to control this behavior.
  _warn_prf(average, modifier, f"{metric.capitalize()} is", result.shape[0])
/users/fperalta/.conda/envs/geneformer310/lib/python3.10/site-packages/sklearn/metrics/_classification.py:1731: UndefinedMetricWarning: F-score is ill-defined and being set to 0.0 in labels with no true nor predicted samples. Use `zero_division` parameter to control this behavior.
  _warn_prf(average, modifier, f"{metric.capitalize()} is", result.shape[0])
/users/fperalta/.conda/envs/geneformer310/lib/python3.10/site-packages/sklearn/metrics/_classification.py:1731: UndefinedMetricWarning: F-score is ill-defined and being set to 0.0 in labels with no true nor predicted samples. Use `zero_division` parameter to control this behavior.
  _warn_prf(average, modifier, f"{metric.capitalize()} is", result.shape[0])
/users/fperalta/.conda/envs/geneformer310/lib/python3.10/site-packages/sklearn/metrics/_classification.py:1731: UndefinedMetricWarning: F-score is ill-defined and being set to 0.0 in labels with no true nor predicted samples. Use `zero_division` parameter to control this behavior.
  _warn_prf(average, modifier, f"{metric.capitalize()} is", result.shape[0])
/users/fperalta/.conda/envs/geneformer310/lib/python3.10/site-packages/sklearn/metrics/_classification.py:1731: UndefinedMetricWarning: F-score is ill-defined and being set to 0.0 in labels with no true nor predicted samples. Use `zero_division` parameter to control this behavior.
  _warn_prf(average, modifier, f"{metric.capitalize()} is", result.shape[0])
/users/fperalta/.conda/envs/geneformer310/lib/python3.10/site-packages/sklearn/metrics/_classification.py:1731: UndefinedMetricWarning: F-score is ill-defined and being set to 0.0 in labels with no true nor predicted samples. Use `zero_division` parameter to control this behavior.
  _warn_prf(average, modifier, f"{metric.capitalize()} is", result.shape[0])
/users/fperalta/.conda/envs/geneformer310/lib/python3.10/site-packages/sklearn/metrics/_classification.py:1731: UndefinedMetricWarning: F-score is ill-defined and being set to 0.0 in labels with no true nor predicted samples. Use `zero_division` parameter to control this behavior.
  _warn_prf(average, modifier, f"{metric.capitalize()} is", result.shape[0])
/users/fperalta/.conda/envs/geneformer310/lib/python3.10/site-packages/sklearn/metrics/_classification.py:1731: UndefinedMetricWarning: F-score is ill-defined and being set to 0.0 in labels with no true nor predicted samples. Use `zero_division` parameter to control this behavior.
  _warn_prf(average, modifier, f"{metric.capitalize()} is", result.shape[0])
/users/fperalta/.conda/envs/geneformer310/lib/python3.10/site-packages/sklearn/metrics/_classification.py:1731: UndefinedMetricWarning: F-score is ill-defined and being set to 0.0 in labels with no true nor predicted samples. Use `zero_division` parameter to control this behavior.
  _warn_prf(average, modifier, f"{metric.capitalize()} is", result.shape[0])
/users/fperalta/.conda/envs/geneformer310/lib/python3.10/site-packages/sklearn/metrics/_classification.py:1731: UndefinedMetricWarning: F-score is ill-defined and being set to 0.0 in labels with no true nor predicted samples. Use `zero_division` parameter to control this behavior.
  _warn_prf(average, modifier, f"{metric.capitalize()} is", result.shape[0])
/users/fperalta/.conda/envs/geneformer310/lib/python3.10/site-packages/sklearn/metrics/_classification.py:1731: UndefinedMetricWarning: F-score is ill-defined and being set to 0.0 in labels with no true nor predicted samples. Use `zero_division` parameter to control this behavior.
  _warn_prf(average, modifier, f"{metric.capitalize()} is", result.shape[0])
/users/fperalta/.conda/envs/geneformer310/lib/python3.10/site-packages/sklearn/metrics/_classification.py:1731: UndefinedMetricWarning: F-score is ill-defined and being set to 0.0 in labels with no true nor predicted samples. Use `zero_division` parameter to control this behavior.
  _warn_prf(average, modifier, f"{metric.capitalize()} is", result.shape[0])
/users/fperalta/.conda/envs/geneformer310/lib/python3.10/site-packages/sklearn/metrics/_classification.py:1731: UndefinedMetricWarning: F-score is ill-defined and being set to 0.0 in labels with no true nor predicted samples. Use `zero_division` parameter to control this behavior.
  _warn_prf(average, modifier, f"{metric.capitalize()} is", result.shape[0])
/users/fperalta/.conda/envs/geneformer310/lib/python3.10/site-packages/sklearn/metrics/_classification.py:1731: UndefinedMetricWarning: F-score is ill-defined and being set to 0.0 in labels with no true nor predicted samples. Use `zero_division` parameter to control this behavior.
  _warn_prf(average, modifier, f"{metric.capitalize()} is", result.shape[0])
/users/fperalta/.conda/envs/geneformer310/lib/python3.10/site-packages/sklearn/metrics/_classification.py:1731: UndefinedMetricWarning: F-score is ill-defined and being set to 0.0 in labels with no true nor predicted samples. Use `zero_division` parameter to control this behavior.
  _warn_prf(average, modifier, f"{metric.capitalize()} is", result.shape[0])
/users/fperalta/.conda/envs/geneformer310/lib/python3.10/site-packages/sklearn/metrics/_classification.py:1731: UndefinedMetricWarning: F-score is ill-defined and being set to 0.0 in labels with no true nor predicted samples. Use `zero_division` parameter to control this behavior.
  _warn_prf(average, modifier, f"{metric.capitalize()} is", result.shape[0])
/users/fperalta/.conda/envs/geneformer310/lib/python3.10/site-packages/sklearn/metrics/_classification.py:1731: UndefinedMetricWarning: F-score is ill-defined and being set to 0.0 in labels with no true nor predicted samples. Use `zero_division` parameter to control this behavior.
  _warn_prf(average, modifier, f"{metric.capitalize()} is", result.shape[0])
/users/fperalta/.conda/envs/geneformer310/lib/python3.10/site-packages/sklearn/metrics/_classification.py:1731: UndefinedMetricWarning: F-score is ill-defined and being set to 0.0 in labels with no true nor predicted samples. Use `zero_division` parameter to control this behavior.
  _warn_prf(average, modifier, f"{metric.capitalize()} is", result.shape[0])
/users/fperalta/.conda/envs/geneformer310/lib/python3.10/site-packages/sklearn/metrics/_classification.py:1731: UndefinedMetricWarning: F-score is ill-defined and being set to 0.0 in labels with no true nor predicted samples. Use `zero_division` parameter to control this behavior.
  _warn_prf(average, modifier, f"{metric.capitalize()} is", result.shape[0])
/users/fperalta/.conda/envs/geneformer310/lib/python3.10/site-packages/sklearn/metrics/_classification.py:1731: UndefinedMetricWarning: F-score is ill-defined and being set to 0.0 in labels with no true nor predicted samples. Use `zero_division` parameter to control this behavior.
  _warn_prf(average, modifier, f"{metric.capitalize()} is", result.shape[0])
/users/fperalta/.conda/envs/geneformer310/lib/python3.10/site-packages/sklearn/metrics/_classification.py:1731: UndefinedMetricWarning: F-score is ill-defined and being set to 0.0 in labels with no true nor predicted samples. Use `zero_division` parameter to control this behavior.
  _warn_prf(average, modifier, f"{metric.capitalize()} is", result.shape[0])
/users/fperalta/.conda/envs/geneformer310/lib/python3.10/site-packages/sklearn/metrics/_classification.py:1731: UndefinedMetricWarning: F-score is ill-defined and being set to 0.0 in labels with no true nor predicted samples. Use `zero_division` parameter to control this behavior.
  _warn_prf(average, modifier, f"{metric.capitalize()} is", result.shape[0])
/users/fperalta/.conda/envs/geneformer310/lib/python3.10/site-packages/sklearn/metrics/_classification.py:1731: UndefinedMetricWarning: F-score is ill-defined and being set to 0.0 in labels with no true nor predicted samples. Use `zero_division` parameter to control this behavior.
  _warn_prf(average, modifier, f"{metric.capitalize()} is", result.shape[0])
/users/fperalta/.conda/envs/geneformer310/lib/python3.10/site-packages/sklearn/metrics/_classification.py:1731: UndefinedMetricWarning: F-score is ill-defined and being set to 0.0 in labels with no true nor predicted samples. Use `zero_division` parameter to control this behavior.
  _warn_prf(average, modifier, f"{metric.capitalize()} is", result.shape[0])
/users/fperalta/.conda/envs/geneformer310/lib/python3.10/site-packages/sklearn/metrics/_classification.py:1731: UndefinedMetricWarning: F-score is ill-defined and being set to 0.0 in labels with no true nor predicted samples. Use `zero_division` parameter to control this behavior.
  _warn_prf(average, modifier, f"{metric.capitalize()} is", result.shape[0])
/users/fperalta/.conda/envs/geneformer310/lib/python3.10/site-packages/sklearn/metrics/_classification.py:1731: UndefinedMetricWarning: F-score is ill-defined and being set to 0.0 in labels with no true nor predicted samples. Use `zero_division` parameter to control this behavior.
  _warn_prf(average, modifier, f"{metric.capitalize()} is", result.shape[0])
/users/fperalta/.conda/envs/geneformer310/lib/python3.10/site-packages/sklearn/metrics/_classification.py:1731: UndefinedMetricWarning: F-score is ill-defined and being set to 0.0 in labels with no true nor predicted samples. Use `zero_division` parameter to control this behavior.
  _warn_prf(average, modifier, f"{metric.capitalize()} is", result.shape[0])
/users/fperalta/.conda/envs/geneformer310/lib/python3.10/site-packages/sklearn/metrics/_classification.py:1731: UndefinedMetricWarning: F-score is ill-defined and being set to 0.0 in labels with no true nor predicted samples. Use `zero_division` parameter to control this behavior.
  _warn_prf(average, modifier, f"{metric.capitalize()} is", result.shape[0])
/users/fperalta/.conda/envs/geneformer310/lib/python3.10/site-packages/sklearn/metrics/_classification.py:1731: UndefinedMetricWarning: F-score is ill-defined and being set to 0.0 in labels with no true nor predicted samples. Use `zero_division` parameter to control this behavior.
  _warn_prf(average, modifier, f"{metric.capitalize()} is", result.shape[0])
/users/fperalta/.conda/envs/geneformer310/lib/python3.10/site-packages/sklearn/metrics/_classification.py:1731: UndefinedMetricWarning: F-score is ill-defined and being set to 0.0 in labels with no true nor predicted samples. Use `zero_division` parameter to control this behavior.
  _warn_prf(average, modifier, f"{metric.capitalize()} is", result.shape[0])
/users/fperalta/.conda/envs/geneformer310/lib/python3.10/site-packages/sklearn/metrics/_classification.py:1731: UndefinedMetricWarning: F-score is ill-defined and being set to 0.0 in labels with no true nor predicted samples. Use `zero_division` parameter to control this behavior.
  _warn_prf(average, modifier, f"{metric.capitalize()} is", result.shape[0])
/users/fperalta/.conda/envs/geneformer310/lib/python3.10/site-packages/sklearn/metrics/_classification.py:1731: UndefinedMetricWarning: F-score is ill-defined and being set to 0.0 in labels with no true nor predicted samples. Use `zero_division` parameter to control this behavior.
  _warn_prf(average, modifier, f"{metric.capitalize()} is", result.shape[0])
/users/fperalta/.conda/envs/geneformer310/lib/python3.10/site-packages/sklearn/metrics/_classification.py:1731: UndefinedMetricWarning: F-score is ill-defined and being set to 0.0 in labels with no true nor predicted samples. Use `zero_division` parameter to control this behavior.
  _warn_prf(average, modifier, f"{metric.capitalize()} is", result.shape[0])
/users/fperalta/.conda/envs/geneformer310/lib/python3.10/site-packages/sklearn/metrics/_classification.py:1731: UndefinedMetricWarning: F-score is ill-defined and being set to 0.0 in labels with no true nor predicted samples. Use `zero_division` parameter to control this behavior.
  _warn_prf(average, modifier, f"{metric.capitalize()} is", result.shape[0])
/users/fperalta/.conda/envs/geneformer310/lib/python3.10/site-packages/sklearn/metrics/_classification.py:1731: UndefinedMetricWarning: F-score is ill-defined and being set to 0.0 in labels with no true nor predicted samples. Use `zero_division` parameter to control this behavior.
  _warn_prf(average, modifier, f"{metric.capitalize()} is", result.shape[0])
/users/fperalta/.conda/envs/geneformer310/lib/python3.10/site-packages/sklearn/metrics/_classification.py:1731: UndefinedMetricWarning: F-score is ill-defined and being set to 0.0 in labels with no true nor predicted samples. Use `zero_division` parameter to control this behavior.
  _warn_prf(average, modifier, f"{metric.capitalize()} is", result.shape[0])
/users/fperalta/.conda/envs/geneformer310/lib/python3.10/site-packages/sklearn/metrics/_classification.py:1731: UndefinedMetricWarning: F-score is ill-defined and being set to 0.0 in labels with no true nor predicted samples. Use `zero_division` parameter to control this behavior.
  _warn_prf(average, modifier, f"{metric.capitalize()} is", result.shape[0])
/users/fperalta/.conda/envs/geneformer310/lib/python3.10/site-packages/sklearn/metrics/_classification.py:1731: UndefinedMetricWarning: F-score is ill-defined and being set to 0.0 in labels with no true nor predicted samples. Use `zero_division` parameter to control this behavior.
  _warn_prf(average, modifier, f"{metric.capitalize()} is", result.shape[0])
/users/fperalta/.conda/envs/geneformer310/lib/python3.10/site-packages/sklearn/metrics/_classification.py:1731: UndefinedMetricWarning: F-score is ill-defined and being set to 0.0 in labels with no true nor predicted samples. Use `zero_division` parameter to control this behavior.
  _warn_prf(average, modifier, f"{metric.capitalize()} is", result.shape[0])
/users/fperalta/.conda/envs/geneformer310/lib/python3.10/site-packages/sklearn/metrics/_classification.py:1731: UndefinedMetricWarning: F-score is ill-defined and being set to 0.0 in labels with no true nor predicted samples. Use `zero_division` parameter to control this behavior.
  _warn_prf(average, modifier, f"{metric.capitalize()} is", result.shape[0])
/users/fperalta/.conda/envs/geneformer310/lib/python3.10/site-packages/sklearn/metrics/_classification.py:1731: UndefinedMetricWarning: F-score is ill-defined and being set to 0.0 in labels with no true nor predicted samples. Use `zero_division` parameter to control this behavior.
  _warn_prf(average, modifier, f"{metric.capitalize()} is", result.shape[0])
/users/fperalta/.conda/envs/geneformer310/lib/python3.10/site-packages/sklearn/metrics/_classification.py:1731: UndefinedMetricWarning: F-score is ill-defined and being set to 0.0 in labels with no true nor predicted samples. Use `zero_division` parameter to control this behavior.
  _warn_prf(average, modifier, f"{metric.capitalize()} is", result.shape[0])
/users/fperalta/.conda/envs/geneformer310/lib/python3.10/site-packages/sklearn/metrics/_classification.py:1731: UndefinedMetricWarning: F-score is ill-defined and being set to 0.0 in labels with no true nor predicted samples. Use `zero_division` parameter to control this behavior.
  _warn_prf(average, modifier, f"{metric.capitalize()} is", result.shape[0])
/users/fperalta/.conda/envs/geneformer310/lib/python3.10/site-packages/sklearn/metrics/_classification.py:1731: UndefinedMetricWarning: F-score is ill-defined and being set to 0.0 in labels with no true nor predicted samples. Use `zero_division` parameter to control this behavior.
  _warn_prf(average, modifier, f"{metric.capitalize()} is", result.shape[0])
/users/fperalta/.conda/envs/geneformer310/lib/python3.10/site-packages/sklearn/metrics/_classification.py:1731: UndefinedMetricWarning: F-score is ill-defined and being set to 0.0 in labels with no true nor predicted samples. Use `zero_division` parameter to control this behavior.
  _warn_prf(average, modifier, f"{metric.capitalize()} is", result.shape[0])
/users/fperalta/.conda/envs/geneformer310/lib/python3.10/site-packages/sklearn/metrics/_classification.py:1731: UndefinedMetricWarning: F-score is ill-defined and being set to 0.0 in labels with no true nor predicted samples. Use `zero_division` parameter to control this behavior.
  _warn_prf(average, modifier, f"{metric.capitalize()} is", result.shape[0])
/users/fperalta/.conda/envs/geneformer310/lib/python3.10/site-packages/sklearn/metrics/_classification.py:1731: UndefinedMetricWarning: F-score is ill-defined and being set to 0.0 in labels with no true nor predicted samples. Use `zero_division` parameter to control this behavior.
  _warn_prf(average, modifier, f"{metric.capitalize()} is", result.shape[0])
/users/fperalta/.conda/envs/geneformer310/lib/python3.10/site-packages/sklearn/metrics/_classification.py:1731: UndefinedMetricWarning: F-score is ill-defined and being set to 0.0 in labels with no true nor predicted samples. Use `zero_division` parameter to control this behavior.
  _warn_prf(average, modifier, f"{metric.capitalize()} is", result.shape[0])
/users/fperalta/.conda/envs/geneformer310/lib/python3.10/site-packages/sklearn/metrics/_classification.py:1731: UndefinedMetricWarning: F-score is ill-defined and being set to 0.0 in labels with no true nor predicted samples. Use `zero_division` parameter to control this behavior.
  _warn_prf(average, modifier, f"{metric.capitalize()} is", result.shape[0])
/users/fperalta/.conda/envs/geneformer310/lib/python3.10/site-packages/sklearn/metrics/_classification.py:1731: UndefinedMetricWarning: F-score is ill-defined and being set to 0.0 in labels with no true nor predicted samples. Use `zero_division` parameter to control this behavior.
  _warn_prf(average, modifier, f"{metric.capitalize()} is", result.shape[0])
/users/fperalta/.conda/envs/geneformer310/lib/python3.10/site-packages/sklearn/metrics/_classification.py:1731: UndefinedMetricWarning: F-score is ill-defined and being set to 0.0 in labels with no true nor predicted samples. Use `zero_division` parameter to control this behavior.
  _warn_prf(average, modifier, f"{metric.capitalize()} is", result.shape[0])
/users/fperalta/.conda/envs/geneformer310/lib/python3.10/site-packages/sklearn/metrics/_classification.py:1731: UndefinedMetricWarning: F-score is ill-defined and being set to 0.0 in labels with no true nor predicted samples. Use `zero_division` parameter to control this behavior.
  _warn_prf(average, modifier, f"{metric.capitalize()} is", result.shape[0])
/users/fperalta/.conda/envs/geneformer310/lib/python3.10/site-packages/sklearn/metrics/_classification.py:1731: UndefinedMetricWarning: F-score is ill-defined and being set to 0.0 in labels with no true nor predicted samples. Use `zero_division` parameter to control this behavior.
  _warn_prf(average, modifier, f"{metric.capitalize()} is", result.shape[0])
/users/fperalta/.conda/envs/geneformer310/lib/python3.10/site-packages/sklearn/metrics/_classification.py:1731: UndefinedMetricWarning: F-score is ill-defined and being set to 0.0 in labels with no true nor predicted samples. Use `zero_division` parameter to control this behavior.
  _warn_prf(average, modifier, f"{metric.capitalize()} is", result.shape[0])
/users/fperalta/.conda/envs/geneformer310/lib/python3.10/site-packages/sklearn/metrics/_classification.py:1731: UndefinedMetricWarning: F-score is ill-defined and being set to 0.0 in labels with no true nor predicted samples. Use `zero_division` parameter to control this behavior.
  _warn_prf(average, modifier, f"{metric.capitalize()} is", result.shape[0])
/users/fperalta/.conda/envs/geneformer310/lib/python3.10/site-packages/sklearn/metrics/_classification.py:1731: UndefinedMetricWarning: F-score is ill-defined and being set to 0.0 in labels with no true nor predicted samples. Use `zero_division` parameter to control this behavior.
  _warn_prf(average, modifier, f"{metric.capitalize()} is", result.shape[0])
/users/fperalta/.conda/envs/geneformer310/lib/python3.10/site-packages/sklearn/metrics/_classification.py:1731: UndefinedMetricWarning: F-score is ill-defined and being set to 0.0 in labels with no true nor predicted samples. Use `zero_division` parameter to control this behavior.
  _warn_prf(average, modifier, f"{metric.capitalize()} is", result.shape[0])
/users/fperalta/.conda/envs/geneformer310/lib/python3.10/site-packages/sklearn/metrics/_classification.py:1731: UndefinedMetricWarning: F-score is ill-defined and being set to 0.0 in labels with no true nor predicted samples. Use `zero_division` parameter to control this behavior.
  _warn_prf(average, modifier, f"{metric.capitalize()} is", result.shape[0])
/users/fperalta/.conda/envs/geneformer310/lib/python3.10/site-packages/sklearn/metrics/_classification.py:1731: UndefinedMetricWarning: F-score is ill-defined and being set to 0.0 in labels with no true nor predicted samples. Use `zero_division` parameter to control this behavior.
  _warn_prf(average, modifier, f"{metric.capitalize()} is", result.shape[0])
/users/fperalta/.conda/envs/geneformer310/lib/python3.10/site-packages/sklearn/metrics/_classification.py:1731: UndefinedMetricWarning: F-score is ill-defined and being set to 0.0 in labels with no true nor predicted samples. Use `zero_division` parameter to control this behavior.
  _warn_prf(average, modifier, f"{metric.capitalize()} is", result.shape[0])
/users/fperalta/.conda/envs/geneformer310/lib/python3.10/site-packages/sklearn/metrics/_classification.py:1731: UndefinedMetricWarning: F-score is ill-defined and being set to 0.0 in labels with no true nor predicted samples. Use `zero_division` parameter to control this behavior.
  _warn_prf(average, modifier, f"{metric.capitalize()} is", result.shape[0])
/users/fperalta/.conda/envs/geneformer310/lib/python3.10/site-packages/sklearn/metrics/_classification.py:1731: UndefinedMetricWarning: F-score is ill-defined and being set to 0.0 in labels with no true nor predicted samples. Use `zero_division` parameter to control this behavior.
  _warn_prf(average, modifier, f"{metric.capitalize()} is", result.shape[0])
/users/fperalta/.conda/envs/geneformer310/lib/python3.10/site-packages/sklearn/metrics/_classification.py:1731: UndefinedMetricWarning: F-score is ill-defined and being set to 0.0 in labels with no true nor predicted samples. Use `zero_division` parameter to control this behavior.
  _warn_prf(average, modifier, f"{metric.capitalize()} is", result.shape[0])
/users/fperalta/.conda/envs/geneformer310/lib/python3.10/site-packages/sklearn/metrics/_classification.py:1731: UndefinedMetricWarning: F-score is ill-defined and being set to 0.0 in labels with no true nor predicted samples. Use `zero_division` parameter to control this behavior.
  _warn_prf(average, modifier, f"{metric.capitalize()} is", result.shape[0])
/users/fperalta/.conda/envs/geneformer310/lib/python3.10/site-packages/sklearn/metrics/_classification.py:1731: UndefinedMetricWarning: F-score is ill-defined and being set to 0.0 in labels with no true nor predicted samples. Use `zero_division` parameter to control this behavior.
  _warn_prf(average, modifier, f"{metric.capitalize()} is", result.shape[0])
/users/fperalta/.conda/envs/geneformer310/lib/python3.10/site-packages/sklearn/metrics/_classification.py:1731: UndefinedMetricWarning: F-score is ill-defined and being set to 0.0 in labels with no true nor predicted samples. Use `zero_division` parameter to control this behavior.
  _warn_prf(average, modifier, f"{metric.capitalize()} is", result.shape[0])
            group  n_cells  n_donors  accuracy  macro_f1  macro_f1_common   ci_low  ci_high
hispanic or latin     1111         2  0.978398  0.831738         0.831738 0.718983 0.878788
            asian      619         2  0.959612  0.910533         0.910533 0.111111 0.910533
european american     6456        18  0.945167  0.912043         0.912043 0.850492 0.927639
 african american      386         3  0.953368  0.913462         0.913462 0.516251 0.914586
worst group: hispanic or latin (common-class macro-F1 0.8317 CI [0.7190,0.8788])
=== geneformer crc B ===
holdout filter: kept 8,572/8,572 eval_donor cells
/users/fperalta/.conda/envs/geneformer310/lib/python3.10/site-packages/geneformer/collator_for_classification.py:649: UserWarning: To copy construct from a tensor, it is recommended to use sourceTensor.clone().detach() or sourceTensor.clone().detach().requires_grad_(True), rather than torch.tensor(sourceTensor).
  batch = {k: torch.tensor(v.clone().detach(), dtype=torch.int64) if isinstance(v, torch.Tensor) else torch.tensor(v, dtype=torch.int64) for k, v in batch.items()}
wrote per-cell predictions: 8,572 rows
/users/fperalta/.conda/envs/geneformer310/lib/python3.10/site-packages/sklearn/metrics/_classification.py:1731: UndefinedMetricWarning: F-score is ill-defined and being set to 0.0 in labels with no true nor predicted samples. Use `zero_division` parameter to control this behavior.
  _warn_prf(average, modifier, f"{metric.capitalize()} is", result.shape[0])
/users/fperalta/.conda/envs/geneformer310/lib/python3.10/site-packages/sklearn/metrics/_classification.py:1731: UndefinedMetricWarning: F-score is ill-defined and being set to 0.0 in labels with no true nor predicted samples. Use `zero_division` parameter to control this behavior.
  _warn_prf(average, modifier, f"{metric.capitalize()} is", result.shape[0])
/users/fperalta/.conda/envs/geneformer310/lib/python3.10/site-packages/sklearn/metrics/_classification.py:1731: UndefinedMetricWarning: F-score is ill-defined and being set to 0.0 in labels with no true nor predicted samples. Use `zero_division` parameter to control this behavior.
  _warn_prf(average, modifier, f"{metric.capitalize()} is", result.shape[0])
/users/fperalta/.conda/envs/geneformer310/lib/python3.10/site-packages/sklearn/metrics/_classification.py:1731: UndefinedMetricWarning: F-score is ill-defined and being set to 0.0 in labels with no true nor predicted samples. Use `zero_division` parameter to control this behavior.
  _warn_prf(average, modifier, f"{metric.capitalize()} is", result.shape[0])
/users/fperalta/.conda/envs/geneformer310/lib/python3.10/site-packages/sklearn/metrics/_classification.py:1731: UndefinedMetricWarning: F-score is ill-defined and being set to 0.0 in labels with no true nor predicted samples. Use `zero_division` parameter to control this behavior.
  _warn_prf(average, modifier, f"{metric.capitalize()} is", result.shape[0])
/users/fperalta/.conda/envs/geneformer310/lib/python3.10/site-packages/sklearn/metrics/_classification.py:1731: UndefinedMetricWarning: F-score is ill-defined and being set to 0.0 in labels with no true nor predicted samples. Use `zero_division` parameter to control this behavior.
  _warn_prf(average, modifier, f"{metric.capitalize()} is", result.shape[0])
/users/fperalta/.conda/envs/geneformer310/lib/python3.10/site-packages/sklearn/metrics/_classification.py:1731: UndefinedMetricWarning: F-score is ill-defined and being set to 0.0 in labels with no true nor predicted samples. Use `zero_division` parameter to control this behavior.
  _warn_prf(average, modifier, f"{metric.capitalize()} is", result.shape[0])
/users/fperalta/.conda/envs/geneformer310/lib/python3.10/site-packages/sklearn/metrics/_classification.py:1731: UndefinedMetricWarning: F-score is ill-defined and being set to 0.0 in labels with no true nor predicted samples. Use `zero_division` parameter to control this behavior.
  _warn_prf(average, modifier, f"{metric.capitalize()} is", result.shape[0])
/users/fperalta/.conda/envs/geneformer310/lib/python3.10/site-packages/sklearn/metrics/_classification.py:1731: UndefinedMetricWarning: F-score is ill-defined and being set to 0.0 in labels with no true nor predicted samples. Use `zero_division` parameter to control this behavior.
  _warn_prf(average, modifier, f"{metric.capitalize()} is", result.shape[0])
/users/fperalta/.conda/envs/geneformer310/lib/python3.10/site-packages/sklearn/metrics/_classification.py:1731: UndefinedMetricWarning: F-score is ill-defined and being set to 0.0 in labels with no true nor predicted samples. Use `zero_division` parameter to control this behavior.
  _warn_prf(average, modifier, f"{metric.capitalize()} is", result.shape[0])
/users/fperalta/.conda/envs/geneformer310/lib/python3.10/site-packages/sklearn/metrics/_classification.py:1731: UndefinedMetricWarning: F-score is ill-defined and being set to 0.0 in labels with no true nor predicted samples. Use `zero_division` parameter to control this behavior.
  _warn_prf(average, modifier, f"{metric.capitalize()} is", result.shape[0])
/users/fperalta/.conda/envs/geneformer310/lib/python3.10/site-packages/sklearn/metrics/_classification.py:1731: UndefinedMetricWarning: F-score is ill-defined and being set to 0.0 in labels with no true nor predicted samples. Use `zero_division` parameter to control this behavior.
  _warn_prf(average, modifier, f"{metric.capitalize()} is", result.shape[0])
/users/fperalta/.conda/envs/geneformer310/lib/python3.10/site-packages/sklearn/metrics/_classification.py:1731: UndefinedMetricWarning: F-score is ill-defined and being set to 0.0 in labels with no true nor predicted samples. Use `zero_division` parameter to control this behavior.
  _warn_prf(average, modifier, f"{metric.capitalize()} is", result.shape[0])
/users/fperalta/.conda/envs/geneformer310/lib/python3.10/site-packages/sklearn/metrics/_classification.py:1731: UndefinedMetricWarning: F-score is ill-defined and being set to 0.0 in labels with no true nor predicted samples. Use `zero_division` parameter to control this behavior.
  _warn_prf(average, modifier, f"{metric.capitalize()} is", result.shape[0])
/users/fperalta/.conda/envs/geneformer310/lib/python3.10/site-packages/sklearn/metrics/_classification.py:1731: UndefinedMetricWarning: F-score is ill-defined and being set to 0.0 in labels with no true nor predicted samples. Use `zero_division` parameter to control this behavior.
  _warn_prf(average, modifier, f"{metric.capitalize()} is", result.shape[0])
/users/fperalta/.conda/envs/geneformer310/lib/python3.10/site-packages/sklearn/metrics/_classification.py:1731: UndefinedMetricWarning: F-score is ill-defined and being set to 0.0 in labels with no true nor predicted samples. Use `zero_division` parameter to control this behavior.
  _warn_prf(average, modifier, f"{metric.capitalize()} is", result.shape[0])
/users/fperalta/.conda/envs/geneformer310/lib/python3.10/site-packages/sklearn/metrics/_classification.py:1731: UndefinedMetricWarning: F-score is ill-defined and being set to 0.0 in labels with no true nor predicted samples. Use `zero_division` parameter to control this behavior.
  _warn_prf(average, modifier, f"{metric.capitalize()} is", result.shape[0])
/users/fperalta/.conda/envs/geneformer310/lib/python3.10/site-packages/sklearn/metrics/_classification.py:1731: UndefinedMetricWarning: F-score is ill-defined and being set to 0.0 in labels with no true nor predicted samples. Use `zero_division` parameter to control this behavior.
  _warn_prf(average, modifier, f"{metric.capitalize()} is", result.shape[0])
/users/fperalta/.conda/envs/geneformer310/lib/python3.10/site-packages/sklearn/metrics/_classification.py:1731: UndefinedMetricWarning: F-score is ill-defined and being set to 0.0 in labels with no true nor predicted samples. Use `zero_division` parameter to control this behavior.
  _warn_prf(average, modifier, f"{metric.capitalize()} is", result.shape[0])
/users/fperalta/.conda/envs/geneformer310/lib/python3.10/site-packages/sklearn/metrics/_classification.py:1731: UndefinedMetricWarning: F-score is ill-defined and being set to 0.0 in labels with no true nor predicted samples. Use `zero_division` parameter to control this behavior.
  _warn_prf(average, modifier, f"{metric.capitalize()} is", result.shape[0])
/users/fperalta/.conda/envs/geneformer310/lib/python3.10/site-packages/sklearn/metrics/_classification.py:1731: UndefinedMetricWarning: F-score is ill-defined and being set to 0.0 in labels with no true nor predicted samples. Use `zero_division` parameter to control this behavior.
  _warn_prf(average, modifier, f"{metric.capitalize()} is", result.shape[0])
/users/fperalta/.conda/envs/geneformer310/lib/python3.10/site-packages/sklearn/metrics/_classification.py:1731: UndefinedMetricWarning: F-score is ill-defined and being set to 0.0 in labels with no true nor predicted samples. Use `zero_division` parameter to control this behavior.
  _warn_prf(average, modifier, f"{metric.capitalize()} is", result.shape[0])
/users/fperalta/.conda/envs/geneformer310/lib/python3.10/site-packages/sklearn/metrics/_classification.py:1731: UndefinedMetricWarning: F-score is ill-defined and being set to 0.0 in labels with no true nor predicted samples. Use `zero_division` parameter to control this behavior.
  _warn_prf(average, modifier, f"{metric.capitalize()} is", result.shape[0])
/users/fperalta/.conda/envs/geneformer310/lib/python3.10/site-packages/sklearn/metrics/_classification.py:1731: UndefinedMetricWarning: F-score is ill-defined and being set to 0.0 in labels with no true nor predicted samples. Use `zero_division` parameter to control this behavior.
  _warn_prf(average, modifier, f"{metric.capitalize()} is", result.shape[0])
/users/fperalta/.conda/envs/geneformer310/lib/python3.10/site-packages/sklearn/metrics/_classification.py:1731: UndefinedMetricWarning: F-score is ill-defined and being set to 0.0 in labels with no true nor predicted samples. Use `zero_division` parameter to control this behavior.
  _warn_prf(average, modifier, f"{metric.capitalize()} is", result.shape[0])
/users/fperalta/.conda/envs/geneformer310/lib/python3.10/site-packages/sklearn/metrics/_classification.py:1731: UndefinedMetricWarning: F-score is ill-defined and being set to 0.0 in labels with no true nor predicted samples. Use `zero_division` parameter to control this behavior.
  _warn_prf(average, modifier, f"{metric.capitalize()} is", result.shape[0])
/users/fperalta/.conda/envs/geneformer310/lib/python3.10/site-packages/sklearn/metrics/_classification.py:1731: UndefinedMetricWarning: F-score is ill-defined and being set to 0.0 in labels with no true nor predicted samples. Use `zero_division` parameter to control this behavior.
  _warn_prf(average, modifier, f"{metric.capitalize()} is", result.shape[0])
/users/fperalta/.conda/envs/geneformer310/lib/python3.10/site-packages/sklearn/metrics/_classification.py:1731: UndefinedMetricWarning: F-score is ill-defined and being set to 0.0 in labels with no true nor predicted samples. Use `zero_division` parameter to control this behavior.
  _warn_prf(average, modifier, f"{metric.capitalize()} is", result.shape[0])
/users/fperalta/.conda/envs/geneformer310/lib/python3.10/site-packages/sklearn/metrics/_classification.py:1731: UndefinedMetricWarning: F-score is ill-defined and being set to 0.0 in labels with no true nor predicted samples. Use `zero_division` parameter to control this behavior.
  _warn_prf(average, modifier, f"{metric.capitalize()} is", result.shape[0])
/users/fperalta/.conda/envs/geneformer310/lib/python3.10/site-packages/sklearn/metrics/_classification.py:1731: UndefinedMetricWarning: F-score is ill-defined and being set to 0.0 in labels with no true nor predicted samples. Use `zero_division` parameter to control this behavior.
  _warn_prf(average, modifier, f"{metric.capitalize()} is", result.shape[0])
/users/fperalta/.conda/envs/geneformer310/lib/python3.10/site-packages/sklearn/metrics/_classification.py:1731: UndefinedMetricWarning: F-score is ill-defined and being set to 0.0 in labels with no true nor predicted samples. Use `zero_division` parameter to control this behavior.
  _warn_prf(average, modifier, f"{metric.capitalize()} is", result.shape[0])
/users/fperalta/.conda/envs/geneformer310/lib/python3.10/site-packages/sklearn/metrics/_classification.py:1731: UndefinedMetricWarning: F-score is ill-defined and being set to 0.0 in labels with no true nor predicted samples. Use `zero_division` parameter to control this behavior.
  _warn_prf(average, modifier, f"{metric.capitalize()} is", result.shape[0])
/users/fperalta/.conda/envs/geneformer310/lib/python3.10/site-packages/sklearn/metrics/_classification.py:1731: UndefinedMetricWarning: F-score is ill-defined and being set to 0.0 in labels with no true nor predicted samples. Use `zero_division` parameter to control this behavior.
  _warn_prf(average, modifier, f"{metric.capitalize()} is", result.shape[0])
/users/fperalta/.conda/envs/geneformer310/lib/python3.10/site-packages/sklearn/metrics/_classification.py:1731: UndefinedMetricWarning: F-score is ill-defined and being set to 0.0 in labels with no true nor predicted samples. Use `zero_division` parameter to control this behavior.
  _warn_prf(average, modifier, f"{metric.capitalize()} is", result.shape[0])
/users/fperalta/.conda/envs/geneformer310/lib/python3.10/site-packages/sklearn/metrics/_classification.py:1731: UndefinedMetricWarning: F-score is ill-defined and being set to 0.0 in labels with no true nor predicted samples. Use `zero_division` parameter to control this behavior.
  _warn_prf(average, modifier, f"{metric.capitalize()} is", result.shape[0])
/users/fperalta/.conda/envs/geneformer310/lib/python3.10/site-packages/sklearn/metrics/_classification.py:1731: UndefinedMetricWarning: F-score is ill-defined and being set to 0.0 in labels with no true nor predicted samples. Use `zero_division` parameter to control this behavior.
  _warn_prf(average, modifier, f"{metric.capitalize()} is", result.shape[0])
/users/fperalta/.conda/envs/geneformer310/lib/python3.10/site-packages/sklearn/metrics/_classification.py:1731: UndefinedMetricWarning: F-score is ill-defined and being set to 0.0 in labels with no true nor predicted samples. Use `zero_division` parameter to control this behavior.
  _warn_prf(average, modifier, f"{metric.capitalize()} is", result.shape[0])
/users/fperalta/.conda/envs/geneformer310/lib/python3.10/site-packages/sklearn/metrics/_classification.py:1731: UndefinedMetricWarning: F-score is ill-defined and being set to 0.0 in labels with no true nor predicted samples. Use `zero_division` parameter to control this behavior.
  _warn_prf(average, modifier, f"{metric.capitalize()} is", result.shape[0])
/users/fperalta/.conda/envs/geneformer310/lib/python3.10/site-packages/sklearn/metrics/_classification.py:1731: UndefinedMetricWarning: F-score is ill-defined and being set to 0.0 in labels with no true nor predicted samples. Use `zero_division` parameter to control this behavior.
  _warn_prf(average, modifier, f"{metric.capitalize()} is", result.shape[0])
/users/fperalta/.conda/envs/geneformer310/lib/python3.10/site-packages/sklearn/metrics/_classification.py:1731: UndefinedMetricWarning: F-score is ill-defined and being set to 0.0 in labels with no true nor predicted samples. Use `zero_division` parameter to control this behavior.
  _warn_prf(average, modifier, f"{metric.capitalize()} is", result.shape[0])
/users/fperalta/.conda/envs/geneformer310/lib/python3.10/site-packages/sklearn/metrics/_classification.py:1731: UndefinedMetricWarning: F-score is ill-defined and being set to 0.0 in labels with no true nor predicted samples. Use `zero_division` parameter to control this behavior.
  _warn_prf(average, modifier, f"{metric.capitalize()} is", result.shape[0])
/users/fperalta/.conda/envs/geneformer310/lib/python3.10/site-packages/sklearn/metrics/_classification.py:1731: UndefinedMetricWarning: F-score is ill-defined and being set to 0.0 in labels with no true nor predicted samples. Use `zero_division` parameter to control this behavior.
  _warn_prf(average, modifier, f"{metric.capitalize()} is", result.shape[0])
/users/fperalta/.conda/envs/geneformer310/lib/python3.10/site-packages/sklearn/metrics/_classification.py:1731: UndefinedMetricWarning: F-score is ill-defined and being set to 0.0 in labels with no true nor predicted samples. Use `zero_division` parameter to control this behavior.
  _warn_prf(average, modifier, f"{metric.capitalize()} is", result.shape[0])
/users/fperalta/.conda/envs/geneformer310/lib/python3.10/site-packages/sklearn/metrics/_classification.py:1731: UndefinedMetricWarning: F-score is ill-defined and being set to 0.0 in labels with no true nor predicted samples. Use `zero_division` parameter to control this behavior.
  _warn_prf(average, modifier, f"{metric.capitalize()} is", result.shape[0])
/users/fperalta/.conda/envs/geneformer310/lib/python3.10/site-packages/sklearn/metrics/_classification.py:1731: UndefinedMetricWarning: F-score is ill-defined and being set to 0.0 in labels with no true nor predicted samples. Use `zero_division` parameter to control this behavior.
  _warn_prf(average, modifier, f"{metric.capitalize()} is", result.shape[0])
/users/fperalta/.conda/envs/geneformer310/lib/python3.10/site-packages/sklearn/metrics/_classification.py:1731: UndefinedMetricWarning: F-score is ill-defined and being set to 0.0 in labels with no true nor predicted samples. Use `zero_division` parameter to control this behavior.
  _warn_prf(average, modifier, f"{metric.capitalize()} is", result.shape[0])
/users/fperalta/.conda/envs/geneformer310/lib/python3.10/site-packages/sklearn/metrics/_classification.py:1731: UndefinedMetricWarning: F-score is ill-defined and being set to 0.0 in labels with no true nor predicted samples. Use `zero_division` parameter to control this behavior.
  _warn_prf(average, modifier, f"{metric.capitalize()} is", result.shape[0])
/users/fperalta/.conda/envs/geneformer310/lib/python3.10/site-packages/sklearn/metrics/_classification.py:1731: UndefinedMetricWarning: F-score is ill-defined and being set to 0.0 in labels with no true nor predicted samples. Use `zero_division` parameter to control this behavior.
  _warn_prf(average, modifier, f"{metric.capitalize()} is", result.shape[0])
/users/fperalta/.conda/envs/geneformer310/lib/python3.10/site-packages/sklearn/metrics/_classification.py:1731: UndefinedMetricWarning: F-score is ill-defined and being set to 0.0 in labels with no true nor predicted samples. Use `zero_division` parameter to control this behavior.
  _warn_prf(average, modifier, f"{metric.capitalize()} is", result.shape[0])
/users/fperalta/.conda/envs/geneformer310/lib/python3.10/site-packages/sklearn/metrics/_classification.py:1731: UndefinedMetricWarning: F-score is ill-defined and being set to 0.0 in labels with no true nor predicted samples. Use `zero_division` parameter to control this behavior.
  _warn_prf(average, modifier, f"{metric.capitalize()} is", result.shape[0])
/users/fperalta/.conda/envs/geneformer310/lib/python3.10/site-packages/sklearn/metrics/_classification.py:1731: UndefinedMetricWarning: F-score is ill-defined and being set to 0.0 in labels with no true nor predicted samples. Use `zero_division` parameter to control this behavior.
  _warn_prf(average, modifier, f"{metric.capitalize()} is", result.shape[0])
/users/fperalta/.conda/envs/geneformer310/lib/python3.10/site-packages/sklearn/metrics/_classification.py:1731: UndefinedMetricWarning: F-score is ill-defined and being set to 0.0 in labels with no true nor predicted samples. Use `zero_division` parameter to control this behavior.
  _warn_prf(average, modifier, f"{metric.capitalize()} is", result.shape[0])
/users/fperalta/.conda/envs/geneformer310/lib/python3.10/site-packages/sklearn/metrics/_classification.py:1731: UndefinedMetricWarning: F-score is ill-defined and being set to 0.0 in labels with no true nor predicted samples. Use `zero_division` parameter to control this behavior.
  _warn_prf(average, modifier, f"{metric.capitalize()} is", result.shape[0])
/users/fperalta/.conda/envs/geneformer310/lib/python3.10/site-packages/sklearn/metrics/_classification.py:1731: UndefinedMetricWarning: F-score is ill-defined and being set to 0.0 in labels with no true nor predicted samples. Use `zero_division` parameter to control this behavior.
  _warn_prf(average, modifier, f"{metric.capitalize()} is", result.shape[0])
/users/fperalta/.conda/envs/geneformer310/lib/python3.10/site-packages/sklearn/metrics/_classification.py:1731: UndefinedMetricWarning: F-score is ill-defined and being set to 0.0 in labels with no true nor predicted samples. Use `zero_division` parameter to control this behavior.
  _warn_prf(average, modifier, f"{metric.capitalize()} is", result.shape[0])
/users/fperalta/.conda/envs/geneformer310/lib/python3.10/site-packages/sklearn/metrics/_classification.py:1731: UndefinedMetricWarning: F-score is ill-defined and being set to 0.0 in labels with no true nor predicted samples. Use `zero_division` parameter to control this behavior.
  _warn_prf(average, modifier, f"{metric.capitalize()} is", result.shape[0])
/users/fperalta/.conda/envs/geneformer310/lib/python3.10/site-packages/sklearn/metrics/_classification.py:1731: UndefinedMetricWarning: F-score is ill-defined and being set to 0.0 in labels with no true nor predicted samples. Use `zero_division` parameter to control this behavior.
  _warn_prf(average, modifier, f"{metric.capitalize()} is", result.shape[0])
/users/fperalta/.conda/envs/geneformer310/lib/python3.10/site-packages/sklearn/metrics/_classification.py:1731: UndefinedMetricWarning: F-score is ill-defined and being set to 0.0 in labels with no true nor predicted samples. Use `zero_division` parameter to control this behavior.
  _warn_prf(average, modifier, f"{metric.capitalize()} is", result.shape[0])
/users/fperalta/.conda/envs/geneformer310/lib/python3.10/site-packages/sklearn/metrics/_classification.py:1731: UndefinedMetricWarning: F-score is ill-defined and being set to 0.0 in labels with no true nor predicted samples. Use `zero_division` parameter to control this behavior.
  _warn_prf(average, modifier, f"{metric.capitalize()} is", result.shape[0])
/users/fperalta/.conda/envs/geneformer310/lib/python3.10/site-packages/sklearn/metrics/_classification.py:1731: UndefinedMetricWarning: F-score is ill-defined and being set to 0.0 in labels with no true nor predicted samples. Use `zero_division` parameter to control this behavior.
  _warn_prf(average, modifier, f"{metric.capitalize()} is", result.shape[0])
/users/fperalta/.conda/envs/geneformer310/lib/python3.10/site-packages/sklearn/metrics/_classification.py:1731: UndefinedMetricWarning: F-score is ill-defined and being set to 0.0 in labels with no true nor predicted samples. Use `zero_division` parameter to control this behavior.
  _warn_prf(average, modifier, f"{metric.capitalize()} is", result.shape[0])
/users/fperalta/.conda/envs/geneformer310/lib/python3.10/site-packages/sklearn/metrics/_classification.py:1731: UndefinedMetricWarning: F-score is ill-defined and being set to 0.0 in labels with no true nor predicted samples. Use `zero_division` parameter to control this behavior.
  _warn_prf(average, modifier, f"{metric.capitalize()} is", result.shape[0])
/users/fperalta/.conda/envs/geneformer310/lib/python3.10/site-packages/sklearn/metrics/_classification.py:1731: UndefinedMetricWarning: F-score is ill-defined and being set to 0.0 in labels with no true nor predicted samples. Use `zero_division` parameter to control this behavior.
  _warn_prf(average, modifier, f"{metric.capitalize()} is", result.shape[0])
/users/fperalta/.conda/envs/geneformer310/lib/python3.10/site-packages/sklearn/metrics/_classification.py:1731: UndefinedMetricWarning: F-score is ill-defined and being set to 0.0 in labels with no true nor predicted samples. Use `zero_division` parameter to control this behavior.
  _warn_prf(average, modifier, f"{metric.capitalize()} is", result.shape[0])
/users/fperalta/.conda/envs/geneformer310/lib/python3.10/site-packages/sklearn/metrics/_classification.py:1731: UndefinedMetricWarning: F-score is ill-defined and being set to 0.0 in labels with no true nor predicted samples. Use `zero_division` parameter to control this behavior.
  _warn_prf(average, modifier, f"{metric.capitalize()} is", result.shape[0])
/users/fperalta/.conda/envs/geneformer310/lib/python3.10/site-packages/sklearn/metrics/_classification.py:1731: UndefinedMetricWarning: F-score is ill-defined and being set to 0.0 in labels with no true nor predicted samples. Use `zero_division` parameter to control this behavior.
  _warn_prf(average, modifier, f"{metric.capitalize()} is", result.shape[0])
/users/fperalta/.conda/envs/geneformer310/lib/python3.10/site-packages/sklearn/metrics/_classification.py:1731: UndefinedMetricWarning: F-score is ill-defined and being set to 0.0 in labels with no true nor predicted samples. Use `zero_division` parameter to control this behavior.
  _warn_prf(average, modifier, f"{metric.capitalize()} is", result.shape[0])
/users/fperalta/.conda/envs/geneformer310/lib/python3.10/site-packages/sklearn/metrics/_classification.py:1731: UndefinedMetricWarning: F-score is ill-defined and being set to 0.0 in labels with no true nor predicted samples. Use `zero_division` parameter to control this behavior.
  _warn_prf(average, modifier, f"{metric.capitalize()} is", result.shape[0])
/users/fperalta/.conda/envs/geneformer310/lib/python3.10/site-packages/sklearn/metrics/_classification.py:1731: UndefinedMetricWarning: F-score is ill-defined and being set to 0.0 in labels with no true nor predicted samples. Use `zero_division` parameter to control this behavior.
  _warn_prf(average, modifier, f"{metric.capitalize()} is", result.shape[0])
/users/fperalta/.conda/envs/geneformer310/lib/python3.10/site-packages/sklearn/metrics/_classification.py:1731: UndefinedMetricWarning: F-score is ill-defined and being set to 0.0 in labels with no true nor predicted samples. Use `zero_division` parameter to control this behavior.
  _warn_prf(average, modifier, f"{metric.capitalize()} is", result.shape[0])
/users/fperalta/.conda/envs/geneformer310/lib/python3.10/site-packages/sklearn/metrics/_classification.py:1731: UndefinedMetricWarning: F-score is ill-defined and being set to 0.0 in labels with no true nor predicted samples. Use `zero_division` parameter to control this behavior.
  _warn_prf(average, modifier, f"{metric.capitalize()} is", result.shape[0])
/users/fperalta/.conda/envs/geneformer310/lib/python3.10/site-packages/sklearn/metrics/_classification.py:1731: UndefinedMetricWarning: F-score is ill-defined and being set to 0.0 in labels with no true nor predicted samples. Use `zero_division` parameter to control this behavior.
  _warn_prf(average, modifier, f"{metric.capitalize()} is", result.shape[0])
/users/fperalta/.conda/envs/geneformer310/lib/python3.10/site-packages/sklearn/metrics/_classification.py:1731: UndefinedMetricWarning: F-score is ill-defined and being set to 0.0 in labels with no true nor predicted samples. Use `zero_division` parameter to control this behavior.
  _warn_prf(average, modifier, f"{metric.capitalize()} is", result.shape[0])
/users/fperalta/.conda/envs/geneformer310/lib/python3.10/site-packages/sklearn/metrics/_classification.py:1731: UndefinedMetricWarning: F-score is ill-defined and being set to 0.0 in labels with no true nor predicted samples. Use `zero_division` parameter to control this behavior.
  _warn_prf(average, modifier, f"{metric.capitalize()} is", result.shape[0])
/users/fperalta/.conda/envs/geneformer310/lib/python3.10/site-packages/sklearn/metrics/_classification.py:1731: UndefinedMetricWarning: F-score is ill-defined and being set to 0.0 in labels with no true nor predicted samples. Use `zero_division` parameter to control this behavior.
  _warn_prf(average, modifier, f"{metric.capitalize()} is", result.shape[0])
/users/fperalta/.conda/envs/geneformer310/lib/python3.10/site-packages/sklearn/metrics/_classification.py:1731: UndefinedMetricWarning: F-score is ill-defined and being set to 0.0 in labels with no true nor predicted samples. Use `zero_division` parameter to control this behavior.
  _warn_prf(average, modifier, f"{metric.capitalize()} is", result.shape[0])
/users/fperalta/.conda/envs/geneformer310/lib/python3.10/site-packages/sklearn/metrics/_classification.py:1731: UndefinedMetricWarning: F-score is ill-defined and being set to 0.0 in labels with no true nor predicted samples. Use `zero_division` parameter to control this behavior.
  _warn_prf(average, modifier, f"{metric.capitalize()} is", result.shape[0])
/users/fperalta/.conda/envs/geneformer310/lib/python3.10/site-packages/sklearn/metrics/_classification.py:1731: UndefinedMetricWarning: F-score is ill-defined and being set to 0.0 in labels with no true nor predicted samples. Use `zero_division` parameter to control this behavior.
  _warn_prf(average, modifier, f"{metric.capitalize()} is", result.shape[0])
/users/fperalta/.conda/envs/geneformer310/lib/python3.10/site-packages/sklearn/metrics/_classification.py:1731: UndefinedMetricWarning: F-score is ill-defined and being set to 0.0 in labels with no true nor predicted samples. Use `zero_division` parameter to control this behavior.
  _warn_prf(average, modifier, f"{metric.capitalize()} is", result.shape[0])
/users/fperalta/.conda/envs/geneformer310/lib/python3.10/site-packages/sklearn/metrics/_classification.py:1731: UndefinedMetricWarning: F-score is ill-defined and being set to 0.0 in labels with no true nor predicted samples. Use `zero_division` parameter to control this behavior.
  _warn_prf(average, modifier, f"{metric.capitalize()} is", result.shape[0])
/users/fperalta/.conda/envs/geneformer310/lib/python3.10/site-packages/sklearn/metrics/_classification.py:1731: UndefinedMetricWarning: F-score is ill-defined and being set to 0.0 in labels with no true nor predicted samples. Use `zero_division` parameter to control this behavior.
  _warn_prf(average, modifier, f"{metric.capitalize()} is", result.shape[0])
/users/fperalta/.conda/envs/geneformer310/lib/python3.10/site-packages/sklearn/metrics/_classification.py:1731: UndefinedMetricWarning: F-score is ill-defined and being set to 0.0 in labels with no true nor predicted samples. Use `zero_division` parameter to control this behavior.
  _warn_prf(average, modifier, f"{metric.capitalize()} is", result.shape[0])
/users/fperalta/.conda/envs/geneformer310/lib/python3.10/site-packages/sklearn/metrics/_classification.py:1731: UndefinedMetricWarning: F-score is ill-defined and being set to 0.0 in labels with no true nor predicted samples. Use `zero_division` parameter to control this behavior.
  _warn_prf(average, modifier, f"{metric.capitalize()} is", result.shape[0])
/users/fperalta/.conda/envs/geneformer310/lib/python3.10/site-packages/sklearn/metrics/_classification.py:1731: UndefinedMetricWarning: F-score is ill-defined and being set to 0.0 in labels with no true nor predicted samples. Use `zero_division` parameter to control this behavior.
  _warn_prf(average, modifier, f"{metric.capitalize()} is", result.shape[0])
/users/fperalta/.conda/envs/geneformer310/lib/python3.10/site-packages/sklearn/metrics/_classification.py:1731: UndefinedMetricWarning: F-score is ill-defined and being set to 0.0 in labels with no true nor predicted samples. Use `zero_division` parameter to control this behavior.
  _warn_prf(average, modifier, f"{metric.capitalize()} is", result.shape[0])
/users/fperalta/.conda/envs/geneformer310/lib/python3.10/site-packages/sklearn/metrics/_classification.py:1731: UndefinedMetricWarning: F-score is ill-defined and being set to 0.0 in labels with no true nor predicted samples. Use `zero_division` parameter to control this behavior.
  _warn_prf(average, modifier, f"{metric.capitalize()} is", result.shape[0])
/users/fperalta/.conda/envs/geneformer310/lib/python3.10/site-packages/sklearn/metrics/_classification.py:1731: UndefinedMetricWarning: F-score is ill-defined and being set to 0.0 in labels with no true nor predicted samples. Use `zero_division` parameter to control this behavior.
  _warn_prf(average, modifier, f"{metric.capitalize()} is", result.shape[0])
/users/fperalta/.conda/envs/geneformer310/lib/python3.10/site-packages/sklearn/metrics/_classification.py:1731: UndefinedMetricWarning: F-score is ill-defined and being set to 0.0 in labels with no true nor predicted samples. Use `zero_division` parameter to control this behavior.
  _warn_prf(average, modifier, f"{metric.capitalize()} is", result.shape[0])
/users/fperalta/.conda/envs/geneformer310/lib/python3.10/site-packages/sklearn/metrics/_classification.py:1731: UndefinedMetricWarning: F-score is ill-defined and being set to 0.0 in labels with no true nor predicted samples. Use `zero_division` parameter to control this behavior.
  _warn_prf(average, modifier, f"{metric.capitalize()} is", result.shape[0])
/users/fperalta/.conda/envs/geneformer310/lib/python3.10/site-packages/sklearn/metrics/_classification.py:1731: UndefinedMetricWarning: F-score is ill-defined and being set to 0.0 in labels with no true nor predicted samples. Use `zero_division` parameter to control this behavior.
  _warn_prf(average, modifier, f"{metric.capitalize()} is", result.shape[0])
/users/fperalta/.conda/envs/geneformer310/lib/python3.10/site-packages/sklearn/metrics/_classification.py:1731: UndefinedMetricWarning: F-score is ill-defined and being set to 0.0 in labels with no true nor predicted samples. Use `zero_division` parameter to control this behavior.
  _warn_prf(average, modifier, f"{metric.capitalize()} is", result.shape[0])
/users/fperalta/.conda/envs/geneformer310/lib/python3.10/site-packages/sklearn/metrics/_classification.py:1731: UndefinedMetricWarning: F-score is ill-defined and being set to 0.0 in labels with no true nor predicted samples. Use `zero_division` parameter to control this behavior.
  _warn_prf(average, modifier, f"{metric.capitalize()} is", result.shape[0])
/users/fperalta/.conda/envs/geneformer310/lib/python3.10/site-packages/sklearn/metrics/_classification.py:1731: UndefinedMetricWarning: F-score is ill-defined and being set to 0.0 in labels with no true nor predicted samples. Use `zero_division` parameter to control this behavior.
  _warn_prf(average, modifier, f"{metric.capitalize()} is", result.shape[0])
/users/fperalta/.conda/envs/geneformer310/lib/python3.10/site-packages/sklearn/metrics/_classification.py:1731: UndefinedMetricWarning: F-score is ill-defined and being set to 0.0 in labels with no true nor predicted samples. Use `zero_division` parameter to control this behavior.
  _warn_prf(average, modifier, f"{metric.capitalize()} is", result.shape[0])
/users/fperalta/.conda/envs/geneformer310/lib/python3.10/site-packages/sklearn/metrics/_classification.py:1731: UndefinedMetricWarning: F-score is ill-defined and being set to 0.0 in labels with no true nor predicted samples. Use `zero_division` parameter to control this behavior.
  _warn_prf(average, modifier, f"{metric.capitalize()} is", result.shape[0])
/users/fperalta/.conda/envs/geneformer310/lib/python3.10/site-packages/sklearn/metrics/_classification.py:1731: UndefinedMetricWarning: F-score is ill-defined and being set to 0.0 in labels with no true nor predicted samples. Use `zero_division` parameter to control this behavior.
  _warn_prf(average, modifier, f"{metric.capitalize()} is", result.shape[0])
/users/fperalta/.conda/envs/geneformer310/lib/python3.10/site-packages/sklearn/metrics/_classification.py:1731: UndefinedMetricWarning: F-score is ill-defined and being set to 0.0 in labels with no true nor predicted samples. Use `zero_division` parameter to control this behavior.
  _warn_prf(average, modifier, f"{metric.capitalize()} is", result.shape[0])
/users/fperalta/.conda/envs/geneformer310/lib/python3.10/site-packages/sklearn/metrics/_classification.py:1731: UndefinedMetricWarning: F-score is ill-defined and being set to 0.0 in labels with no true nor predicted samples. Use `zero_division` parameter to control this behavior.
  _warn_prf(average, modifier, f"{metric.capitalize()} is", result.shape[0])
/users/fperalta/.conda/envs/geneformer310/lib/python3.10/site-packages/sklearn/metrics/_classification.py:1731: UndefinedMetricWarning: F-score is ill-defined and being set to 0.0 in labels with no true nor predicted samples. Use `zero_division` parameter to control this behavior.
  _warn_prf(average, modifier, f"{metric.capitalize()} is", result.shape[0])
/users/fperalta/.conda/envs/geneformer310/lib/python3.10/site-packages/sklearn/metrics/_classification.py:1731: UndefinedMetricWarning: F-score is ill-defined and being set to 0.0 in labels with no true nor predicted samples. Use `zero_division` parameter to control this behavior.
  _warn_prf(average, modifier, f"{metric.capitalize()} is", result.shape[0])
/users/fperalta/.conda/envs/geneformer310/lib/python3.10/site-packages/sklearn/metrics/_classification.py:1731: UndefinedMetricWarning: F-score is ill-defined and being set to 0.0 in labels with no true nor predicted samples. Use `zero_division` parameter to control this behavior.
  _warn_prf(average, modifier, f"{metric.capitalize()} is", result.shape[0])
/users/fperalta/.conda/envs/geneformer310/lib/python3.10/site-packages/sklearn/metrics/_classification.py:1731: UndefinedMetricWarning: F-score is ill-defined and being set to 0.0 in labels with no true nor predicted samples. Use `zero_division` parameter to control this behavior.
  _warn_prf(average, modifier, f"{metric.capitalize()} is", result.shape[0])
/users/fperalta/.conda/envs/geneformer310/lib/python3.10/site-packages/sklearn/metrics/_classification.py:1731: UndefinedMetricWarning: F-score is ill-defined and being set to 0.0 in labels with no true nor predicted samples. Use `zero_division` parameter to control this behavior.
  _warn_prf(average, modifier, f"{metric.capitalize()} is", result.shape[0])
/users/fperalta/.conda/envs/geneformer310/lib/python3.10/site-packages/sklearn/metrics/_classification.py:1731: UndefinedMetricWarning: F-score is ill-defined and being set to 0.0 in labels with no true nor predicted samples. Use `zero_division` parameter to control this behavior.
  _warn_prf(average, modifier, f"{metric.capitalize()} is", result.shape[0])
/users/fperalta/.conda/envs/geneformer310/lib/python3.10/site-packages/sklearn/metrics/_classification.py:1731: UndefinedMetricWarning: F-score is ill-defined and being set to 0.0 in labels with no true nor predicted samples. Use `zero_division` parameter to control this behavior.
  _warn_prf(average, modifier, f"{metric.capitalize()} is", result.shape[0])
/users/fperalta/.conda/envs/geneformer310/lib/python3.10/site-packages/sklearn/metrics/_classification.py:1731: UndefinedMetricWarning: F-score is ill-defined and being set to 0.0 in labels with no true nor predicted samples. Use `zero_division` parameter to control this behavior.
  _warn_prf(average, modifier, f"{metric.capitalize()} is", result.shape[0])
/users/fperalta/.conda/envs/geneformer310/lib/python3.10/site-packages/sklearn/metrics/_classification.py:1731: UndefinedMetricWarning: F-score is ill-defined and being set to 0.0 in labels with no true nor predicted samples. Use `zero_division` parameter to control this behavior.
  _warn_prf(average, modifier, f"{metric.capitalize()} is", result.shape[0])
/users/fperalta/.conda/envs/geneformer310/lib/python3.10/site-packages/sklearn/metrics/_classification.py:1731: UndefinedMetricWarning: F-score is ill-defined and being set to 0.0 in labels with no true nor predicted samples. Use `zero_division` parameter to control this behavior.
  _warn_prf(average, modifier, f"{metric.capitalize()} is", result.shape[0])
/users/fperalta/.conda/envs/geneformer310/lib/python3.10/site-packages/sklearn/metrics/_classification.py:1731: UndefinedMetricWarning: F-score is ill-defined and being set to 0.0 in labels with no true nor predicted samples. Use `zero_division` parameter to control this behavior.
  _warn_prf(average, modifier, f"{metric.capitalize()} is", result.shape[0])
/users/fperalta/.conda/envs/geneformer310/lib/python3.10/site-packages/sklearn/metrics/_classification.py:1731: UndefinedMetricWarning: F-score is ill-defined and being set to 0.0 in labels with no true nor predicted samples. Use `zero_division` parameter to control this behavior.
  _warn_prf(average, modifier, f"{metric.capitalize()} is", result.shape[0])
/users/fperalta/.conda/envs/geneformer310/lib/python3.10/site-packages/sklearn/metrics/_classification.py:1731: UndefinedMetricWarning: F-score is ill-defined and being set to 0.0 in labels with no true nor predicted samples. Use `zero_division` parameter to control this behavior.
  _warn_prf(average, modifier, f"{metric.capitalize()} is", result.shape[0])
/users/fperalta/.conda/envs/geneformer310/lib/python3.10/site-packages/sklearn/metrics/_classification.py:1731: UndefinedMetricWarning: F-score is ill-defined and being set to 0.0 in labels with no true nor predicted samples. Use `zero_division` parameter to control this behavior.
  _warn_prf(average, modifier, f"{metric.capitalize()} is", result.shape[0])
/users/fperalta/.conda/envs/geneformer310/lib/python3.10/site-packages/sklearn/metrics/_classification.py:1731: UndefinedMetricWarning: F-score is ill-defined and being set to 0.0 in labels with no true nor predicted samples. Use `zero_division` parameter to control this behavior.
  _warn_prf(average, modifier, f"{metric.capitalize()} is", result.shape[0])
/users/fperalta/.conda/envs/geneformer310/lib/python3.10/site-packages/sklearn/metrics/_classification.py:1731: UndefinedMetricWarning: F-score is ill-defined and being set to 0.0 in labels with no true nor predicted samples. Use `zero_division` parameter to control this behavior.
  _warn_prf(average, modifier, f"{metric.capitalize()} is", result.shape[0])
/users/fperalta/.conda/envs/geneformer310/lib/python3.10/site-packages/sklearn/metrics/_classification.py:1731: UndefinedMetricWarning: F-score is ill-defined and being set to 0.0 in labels with no true nor predicted samples. Use `zero_division` parameter to control this behavior.
  _warn_prf(average, modifier, f"{metric.capitalize()} is", result.shape[0])
/users/fperalta/.conda/envs/geneformer310/lib/python3.10/site-packages/sklearn/metrics/_classification.py:1731: UndefinedMetricWarning: F-score is ill-defined and being set to 0.0 in labels with no true nor predicted samples. Use `zero_division` parameter to control this behavior.
  _warn_prf(average, modifier, f"{metric.capitalize()} is", result.shape[0])
/users/fperalta/.conda/envs/geneformer310/lib/python3.10/site-packages/sklearn/metrics/_classification.py:1731: UndefinedMetricWarning: F-score is ill-defined and being set to 0.0 in labels with no true nor predicted samples. Use `zero_division` parameter to control this behavior.
  _warn_prf(average, modifier, f"{metric.capitalize()} is", result.shape[0])
/users/fperalta/.conda/envs/geneformer310/lib/python3.10/site-packages/sklearn/metrics/_classification.py:1731: UndefinedMetricWarning: F-score is ill-defined and being set to 0.0 in labels with no true nor predicted samples. Use `zero_division` parameter to control this behavior.
  _warn_prf(average, modifier, f"{metric.capitalize()} is", result.shape[0])
/users/fperalta/.conda/envs/geneformer310/lib/python3.10/site-packages/sklearn/metrics/_classification.py:1731: UndefinedMetricWarning: F-score is ill-defined and being set to 0.0 in labels with no true nor predicted samples. Use `zero_division` parameter to control this behavior.
  _warn_prf(average, modifier, f"{metric.capitalize()} is", result.shape[0])
/users/fperalta/.conda/envs/geneformer310/lib/python3.10/site-packages/sklearn/metrics/_classification.py:1731: UndefinedMetricWarning: F-score is ill-defined and being set to 0.0 in labels with no true nor predicted samples. Use `zero_division` parameter to control this behavior.
  _warn_prf(average, modifier, f"{metric.capitalize()} is", result.shape[0])
/users/fperalta/.conda/envs/geneformer310/lib/python3.10/site-packages/sklearn/metrics/_classification.py:1731: UndefinedMetricWarning: F-score is ill-defined and being set to 0.0 in labels with no true nor predicted samples. Use `zero_division` parameter to control this behavior.
  _warn_prf(average, modifier, f"{metric.capitalize()} is", result.shape[0])
/users/fperalta/.conda/envs/geneformer310/lib/python3.10/site-packages/sklearn/metrics/_classification.py:1731: UndefinedMetricWarning: F-score is ill-defined and being set to 0.0 in labels with no true nor predicted samples. Use `zero_division` parameter to control this behavior.
  _warn_prf(average, modifier, f"{metric.capitalize()} is", result.shape[0])
/users/fperalta/.conda/envs/geneformer310/lib/python3.10/site-packages/sklearn/metrics/_classification.py:1731: UndefinedMetricWarning: F-score is ill-defined and being set to 0.0 in labels with no true nor predicted samples. Use `zero_division` parameter to control this behavior.
  _warn_prf(average, modifier, f"{metric.capitalize()} is", result.shape[0])
/users/fperalta/.conda/envs/geneformer310/lib/python3.10/site-packages/sklearn/metrics/_classification.py:1731: UndefinedMetricWarning: F-score is ill-defined and being set to 0.0 in labels with no true nor predicted samples. Use `zero_division` parameter to control this behavior.
  _warn_prf(average, modifier, f"{metric.capitalize()} is", result.shape[0])
/users/fperalta/.conda/envs/geneformer310/lib/python3.10/site-packages/sklearn/metrics/_classification.py:1731: UndefinedMetricWarning: F-score is ill-defined and being set to 0.0 in labels with no true nor predicted samples. Use `zero_division` parameter to control this behavior.
  _warn_prf(average, modifier, f"{metric.capitalize()} is", result.shape[0])
/users/fperalta/.conda/envs/geneformer310/lib/python3.10/site-packages/sklearn/metrics/_classification.py:1731: UndefinedMetricWarning: F-score is ill-defined and being set to 0.0 in labels with no true nor predicted samples. Use `zero_division` parameter to control this behavior.
  _warn_prf(average, modifier, f"{metric.capitalize()} is", result.shape[0])
/users/fperalta/.conda/envs/geneformer310/lib/python3.10/site-packages/sklearn/metrics/_classification.py:1731: UndefinedMetricWarning: F-score is ill-defined and being set to 0.0 in labels with no true nor predicted samples. Use `zero_division` parameter to control this behavior.
  _warn_prf(average, modifier, f"{metric.capitalize()} is", result.shape[0])
/users/fperalta/.conda/envs/geneformer310/lib/python3.10/site-packages/sklearn/metrics/_classification.py:1731: UndefinedMetricWarning: F-score is ill-defined and being set to 0.0 in labels with no true nor predicted samples. Use `zero_division` parameter to control this behavior.
  _warn_prf(average, modifier, f"{metric.capitalize()} is", result.shape[0])
/users/fperalta/.conda/envs/geneformer310/lib/python3.10/site-packages/sklearn/metrics/_classification.py:1731: UndefinedMetricWarning: F-score is ill-defined and being set to 0.0 in labels with no true nor predicted samples. Use `zero_division` parameter to control this behavior.
  _warn_prf(average, modifier, f"{metric.capitalize()} is", result.shape[0])
/users/fperalta/.conda/envs/geneformer310/lib/python3.10/site-packages/sklearn/metrics/_classification.py:1731: UndefinedMetricWarning: F-score is ill-defined and being set to 0.0 in labels with no true nor predicted samples. Use `zero_division` parameter to control this behavior.
  _warn_prf(average, modifier, f"{metric.capitalize()} is", result.shape[0])
/users/fperalta/.conda/envs/geneformer310/lib/python3.10/site-packages/sklearn/metrics/_classification.py:1731: UndefinedMetricWarning: F-score is ill-defined and being set to 0.0 in labels with no true nor predicted samples. Use `zero_division` parameter to control this behavior.
  _warn_prf(average, modifier, f"{metric.capitalize()} is", result.shape[0])
/users/fperalta/.conda/envs/geneformer310/lib/python3.10/site-packages/sklearn/metrics/_classification.py:1731: UndefinedMetricWarning: F-score is ill-defined and being set to 0.0 in labels with no true nor predicted samples. Use `zero_division` parameter to control this behavior.
  _warn_prf(average, modifier, f"{metric.capitalize()} is", result.shape[0])
/users/fperalta/.conda/envs/geneformer310/lib/python3.10/site-packages/sklearn/metrics/_classification.py:1731: UndefinedMetricWarning: F-score is ill-defined and being set to 0.0 in labels with no true nor predicted samples. Use `zero_division` parameter to control this behavior.
  _warn_prf(average, modifier, f"{metric.capitalize()} is", result.shape[0])
/users/fperalta/.conda/envs/geneformer310/lib/python3.10/site-packages/sklearn/metrics/_classification.py:1731: UndefinedMetricWarning: F-score is ill-defined and being set to 0.0 in labels with no true nor predicted samples. Use `zero_division` parameter to control this behavior.
  _warn_prf(average, modifier, f"{metric.capitalize()} is", result.shape[0])
            group  n_cells  n_donors  accuracy  macro_f1  macro_f1_common   ci_low  ci_high
hispanic or latin     1111         2  0.980198  0.857760         0.857760 0.735367 1.000000
 african american      386         3  0.955959  0.904887         0.904887 0.516251 0.904895
            asian      619         2  0.969305  0.905743         0.905743 0.111111 0.905743
european american     6456        18  0.948420  0.922755         0.922755 0.859347 0.938082
worst group: hispanic or latin (common-class macro-F1 0.8578 CI [0.7354,1.0000])
=== geneformer crc P2BA ===
holdout filter: kept 8,572/8,572 eval_donor cells
/users/fperalta/.conda/envs/geneformer310/lib/python3.10/site-packages/geneformer/collator_for_classification.py:649: UserWarning: To copy construct from a tensor, it is recommended to use sourceTensor.clone().detach() or sourceTensor.clone().detach().requires_grad_(True), rather than torch.tensor(sourceTensor).
  batch = {k: torch.tensor(v.clone().detach(), dtype=torch.int64) if isinstance(v, torch.Tensor) else torch.tensor(v, dtype=torch.int64) for k, v in batch.items()}
wrote per-cell predictions: 8,572 rows
/users/fperalta/.conda/envs/geneformer310/lib/python3.10/site-packages/sklearn/metrics/_classification.py:1731: UndefinedMetricWarning: F-score is ill-defined and being set to 0.0 in labels with no true nor predicted samples. Use `zero_division` parameter to control this behavior.
  _warn_prf(average, modifier, f"{metric.capitalize()} is", result.shape[0])
/users/fperalta/.conda/envs/geneformer310/lib/python3.10/site-packages/sklearn/metrics/_classification.py:1731: UndefinedMetricWarning: F-score is ill-defined and being set to 0.0 in labels with no true nor predicted samples. Use `zero_division` parameter to control this behavior.
  _warn_prf(average, modifier, f"{metric.capitalize()} is", result.shape[0])
/users/fperalta/.conda/envs/geneformer310/lib/python3.10/site-packages/sklearn/metrics/_classification.py:1731: UndefinedMetricWarning: F-score is ill-defined and being set to 0.0 in labels with no true nor predicted samples. Use `zero_division` parameter to control this behavior.
  _warn_prf(average, modifier, f"{metric.capitalize()} is", result.shape[0])
/users/fperalta/.conda/envs/geneformer310/lib/python3.10/site-packages/sklearn/metrics/_classification.py:1731: UndefinedMetricWarning: F-score is ill-defined and being set to 0.0 in labels with no true nor predicted samples. Use `zero_division` parameter to control this behavior.
  _warn_prf(average, modifier, f"{metric.capitalize()} is", result.shape[0])
/users/fperalta/.conda/envs/geneformer310/lib/python3.10/site-packages/sklearn/metrics/_classification.py:1731: UndefinedMetricWarning: F-score is ill-defined and being set to 0.0 in labels with no true nor predicted samples. Use `zero_division` parameter to control this behavior.
  _warn_prf(average, modifier, f"{metric.capitalize()} is", result.shape[0])
/users/fperalta/.conda/envs/geneformer310/lib/python3.10/site-packages/sklearn/metrics/_classification.py:1731: UndefinedMetricWarning: F-score is ill-defined and being set to 0.0 in labels with no true nor predicted samples. Use `zero_division` parameter to control this behavior.
  _warn_prf(average, modifier, f"{metric.capitalize()} is", result.shape[0])
/users/fperalta/.conda/envs/geneformer310/lib/python3.10/site-packages/sklearn/metrics/_classification.py:1731: UndefinedMetricWarning: F-score is ill-defined and being set to 0.0 in labels with no true nor predicted samples. Use `zero_division` parameter to control this behavior.
  _warn_prf(average, modifier, f"{metric.capitalize()} is", result.shape[0])
/users/fperalta/.conda/envs/geneformer310/lib/python3.10/site-packages/sklearn/metrics/_classification.py:1731: UndefinedMetricWarning: F-score is ill-defined and being set to 0.0 in labels with no true nor predicted samples. Use `zero_division` parameter to control this behavior.
  _warn_prf(average, modifier, f"{metric.capitalize()} is", result.shape[0])
/users/fperalta/.conda/envs/geneformer310/lib/python3.10/site-packages/sklearn/metrics/_classification.py:1731: UndefinedMetricWarning: F-score is ill-defined and being set to 0.0 in labels with no true nor predicted samples. Use `zero_division` parameter to control this behavior.
  _warn_prf(average, modifier, f"{metric.capitalize()} is", result.shape[0])
/users/fperalta/.conda/envs/geneformer310/lib/python3.10/site-packages/sklearn/metrics/_classification.py:1731: UndefinedMetricWarning: F-score is ill-defined and being set to 0.0 in labels with no true nor predicted samples. Use `zero_division` parameter to control this behavior.
  _warn_prf(average, modifier, f"{metric.capitalize()} is", result.shape[0])
/users/fperalta/.conda/envs/geneformer310/lib/python3.10/site-packages/sklearn/metrics/_classification.py:1731: UndefinedMetricWarning: F-score is ill-defined and being set to 0.0 in labels with no true nor predicted samples. Use `zero_division` parameter to control this behavior.
  _warn_prf(average, modifier, f"{metric.capitalize()} is", result.shape[0])
/users/fperalta/.conda/envs/geneformer310/lib/python3.10/site-packages/sklearn/metrics/_classification.py:1731: UndefinedMetricWarning: F-score is ill-defined and being set to 0.0 in labels with no true nor predicted samples. Use `zero_division` parameter to control this behavior.
  _warn_prf(average, modifier, f"{metric.capitalize()} is", result.shape[0])
/users/fperalta/.conda/envs/geneformer310/lib/python3.10/site-packages/sklearn/metrics/_classification.py:1731: UndefinedMetricWarning: F-score is ill-defined and being set to 0.0 in labels with no true nor predicted samples. Use `zero_division` parameter to control this behavior.
  _warn_prf(average, modifier, f"{metric.capitalize()} is", result.shape[0])
/users/fperalta/.conda/envs/geneformer310/lib/python3.10/site-packages/sklearn/metrics/_classification.py:1731: UndefinedMetricWarning: F-score is ill-defined and being set to 0.0 in labels with no true nor predicted samples. Use `zero_division` parameter to control this behavior.
  _warn_prf(average, modifier, f"{metric.capitalize()} is", result.shape[0])
/users/fperalta/.conda/envs/geneformer310/lib/python3.10/site-packages/sklearn/metrics/_classification.py:1731: UndefinedMetricWarning: F-score is ill-defined and being set to 0.0 in labels with no true nor predicted samples. Use `zero_division` parameter to control this behavior.
  _warn_prf(average, modifier, f"{metric.capitalize()} is", result.shape[0])
/users/fperalta/.conda/envs/geneformer310/lib/python3.10/site-packages/sklearn/metrics/_classification.py:1731: UndefinedMetricWarning: F-score is ill-defined and being set to 0.0 in labels with no true nor predicted samples. Use `zero_division` parameter to control this behavior.
  _warn_prf(average, modifier, f"{metric.capitalize()} is", result.shape[0])
/users/fperalta/.conda/envs/geneformer310/lib/python3.10/site-packages/sklearn/metrics/_classification.py:1731: UndefinedMetricWarning: F-score is ill-defined and being set to 0.0 in labels with no true nor predicted samples. Use `zero_division` parameter to control this behavior.
  _warn_prf(average, modifier, f"{metric.capitalize()} is", result.shape[0])
/users/fperalta/.conda/envs/geneformer310/lib/python3.10/site-packages/sklearn/metrics/_classification.py:1731: UndefinedMetricWarning: F-score is ill-defined and being set to 0.0 in labels with no true nor predicted samples. Use `zero_division` parameter to control this behavior.
  _warn_prf(average, modifier, f"{metric.capitalize()} is", result.shape[0])
/users/fperalta/.conda/envs/geneformer310/lib/python3.10/site-packages/sklearn/metrics/_classification.py:1731: UndefinedMetricWarning: F-score is ill-defined and being set to 0.0 in labels with no true nor predicted samples. Use `zero_division` parameter to control this behavior.
  _warn_prf(average, modifier, f"{metric.capitalize()} is", result.shape[0])
/users/fperalta/.conda/envs/geneformer310/lib/python3.10/site-packages/sklearn/metrics/_classification.py:1731: UndefinedMetricWarning: F-score is ill-defined and being set to 0.0 in labels with no true nor predicted samples. Use `zero_division` parameter to control this behavior.
  _warn_prf(average, modifier, f"{metric.capitalize()} is", result.shape[0])
/users/fperalta/.conda/envs/geneformer310/lib/python3.10/site-packages/sklearn/metrics/_classification.py:1731: UndefinedMetricWarning: F-score is ill-defined and being set to 0.0 in labels with no true nor predicted samples. Use `zero_division` parameter to control this behavior.
  _warn_prf(average, modifier, f"{metric.capitalize()} is", result.shape[0])
/users/fperalta/.conda/envs/geneformer310/lib/python3.10/site-packages/sklearn/metrics/_classification.py:1731: UndefinedMetricWarning: F-score is ill-defined and being set to 0.0 in labels with no true nor predicted samples. Use `zero_division` parameter to control this behavior.
  _warn_prf(average, modifier, f"{metric.capitalize()} is", result.shape[0])
/users/fperalta/.conda/envs/geneformer310/lib/python3.10/site-packages/sklearn/metrics/_classification.py:1731: UndefinedMetricWarning: F-score is ill-defined and being set to 0.0 in labels with no true nor predicted samples. Use `zero_division` parameter to control this behavior.
  _warn_prf(average, modifier, f"{metric.capitalize()} is", result.shape[0])
/users/fperalta/.conda/envs/geneformer310/lib/python3.10/site-packages/sklearn/metrics/_classification.py:1731: UndefinedMetricWarning: F-score is ill-defined and being set to 0.0 in labels with no true nor predicted samples. Use `zero_division` parameter to control this behavior.
  _warn_prf(average, modifier, f"{metric.capitalize()} is", result.shape[0])
/users/fperalta/.conda/envs/geneformer310/lib/python3.10/site-packages/sklearn/metrics/_classification.py:1731: UndefinedMetricWarning: F-score is ill-defined and being set to 0.0 in labels with no true nor predicted samples. Use `zero_division` parameter to control this behavior.
  _warn_prf(average, modifier, f"{metric.capitalize()} is", result.shape[0])
/users/fperalta/.conda/envs/geneformer310/lib/python3.10/site-packages/sklearn/metrics/_classification.py:1731: UndefinedMetricWarning: F-score is ill-defined and being set to 0.0 in labels with no true nor predicted samples. Use `zero_division` parameter to control this behavior.
  _warn_prf(average, modifier, f"{metric.capitalize()} is", result.shape[0])
/users/fperalta/.conda/envs/geneformer310/lib/python3.10/site-packages/sklearn/metrics/_classification.py:1731: UndefinedMetricWarning: F-score is ill-defined and being set to 0.0 in labels with no true nor predicted samples. Use `zero_division` parameter to control this behavior.
  _warn_prf(average, modifier, f"{metric.capitalize()} is", result.shape[0])
/users/fperalta/.conda/envs/geneformer310/lib/python3.10/site-packages/sklearn/metrics/_classification.py:1731: UndefinedMetricWarning: F-score is ill-defined and being set to 0.0 in labels with no true nor predicted samples. Use `zero_division` parameter to control this behavior.
  _warn_prf(average, modifier, f"{metric.capitalize()} is", result.shape[0])
/users/fperalta/.conda/envs/geneformer310/lib/python3.10/site-packages/sklearn/metrics/_classification.py:1731: UndefinedMetricWarning: F-score is ill-defined and being set to 0.0 in labels with no true nor predicted samples. Use `zero_division` parameter to control this behavior.
  _warn_prf(average, modifier, f"{metric.capitalize()} is", result.shape[0])
/users/fperalta/.conda/envs/geneformer310/lib/python3.10/site-packages/sklearn/metrics/_classification.py:1731: UndefinedMetricWarning: F-score is ill-defined and being set to 0.0 in labels with no true nor predicted samples. Use `zero_division` parameter to control this behavior.
  _warn_prf(average, modifier, f"{metric.capitalize()} is", result.shape[0])
/users/fperalta/.conda/envs/geneformer310/lib/python3.10/site-packages/sklearn/metrics/_classification.py:1731: UndefinedMetricWarning: F-score is ill-defined and being set to 0.0 in labels with no true nor predicted samples. Use `zero_division` parameter to control this behavior.
  _warn_prf(average, modifier, f"{metric.capitalize()} is", result.shape[0])
/users/fperalta/.conda/envs/geneformer310/lib/python3.10/site-packages/sklearn/metrics/_classification.py:1731: UndefinedMetricWarning: F-score is ill-defined and being set to 0.0 in labels with no true nor predicted samples. Use `zero_division` parameter to control this behavior.
  _warn_prf(average, modifier, f"{metric.capitalize()} is", result.shape[0])
/users/fperalta/.conda/envs/geneformer310/lib/python3.10/site-packages/sklearn/metrics/_classification.py:1731: UndefinedMetricWarning: F-score is ill-defined and being set to 0.0 in labels with no true nor predicted samples. Use `zero_division` parameter to control this behavior.
  _warn_prf(average, modifier, f"{metric.capitalize()} is", result.shape[0])
/users/fperalta/.conda/envs/geneformer310/lib/python3.10/site-packages/sklearn/metrics/_classification.py:1731: UndefinedMetricWarning: F-score is ill-defined and being set to 0.0 in labels with no true nor predicted samples. Use `zero_division` parameter to control this behavior.
  _warn_prf(average, modifier, f"{metric.capitalize()} is", result.shape[0])
/users/fperalta/.conda/envs/geneformer310/lib/python3.10/site-packages/sklearn/metrics/_classification.py:1731: UndefinedMetricWarning: F-score is ill-defined and being set to 0.0 in labels with no true nor predicted samples. Use `zero_division` parameter to control this behavior.
  _warn_prf(average, modifier, f"{metric.capitalize()} is", result.shape[0])
/users/fperalta/.conda/envs/geneformer310/lib/python3.10/site-packages/sklearn/metrics/_classification.py:1731: UndefinedMetricWarning: F-score is ill-defined and being set to 0.0 in labels with no true nor predicted samples. Use `zero_division` parameter to control this behavior.
  _warn_prf(average, modifier, f"{metric.capitalize()} is", result.shape[0])
/users/fperalta/.conda/envs/geneformer310/lib/python3.10/site-packages/sklearn/metrics/_classification.py:1731: UndefinedMetricWarning: F-score is ill-defined and being set to 0.0 in labels with no true nor predicted samples. Use `zero_division` parameter to control this behavior.
  _warn_prf(average, modifier, f"{metric.capitalize()} is", result.shape[0])
/users/fperalta/.conda/envs/geneformer310/lib/python3.10/site-packages/sklearn/metrics/_classification.py:1731: UndefinedMetricWarning: F-score is ill-defined and being set to 0.0 in labels with no true nor predicted samples. Use `zero_division` parameter to control this behavior.
  _warn_prf(average, modifier, f"{metric.capitalize()} is", result.shape[0])
/users/fperalta/.conda/envs/geneformer310/lib/python3.10/site-packages/sklearn/metrics/_classification.py:1731: UndefinedMetricWarning: F-score is ill-defined and being set to 0.0 in labels with no true nor predicted samples. Use `zero_division` parameter to control this behavior.
  _warn_prf(average, modifier, f"{metric.capitalize()} is", result.shape[0])
/users/fperalta/.conda/envs/geneformer310/lib/python3.10/site-packages/sklearn/metrics/_classification.py:1731: UndefinedMetricWarning: F-score is ill-defined and being set to 0.0 in labels with no true nor predicted samples. Use `zero_division` parameter to control this behavior.
  _warn_prf(average, modifier, f"{metric.capitalize()} is", result.shape[0])
/users/fperalta/.conda/envs/geneformer310/lib/python3.10/site-packages/sklearn/metrics/_classification.py:1731: UndefinedMetricWarning: F-score is ill-defined and being set to 0.0 in labels with no true nor predicted samples. Use `zero_division` parameter to control this behavior.
  _warn_prf(average, modifier, f"{metric.capitalize()} is", result.shape[0])
/users/fperalta/.conda/envs/geneformer310/lib/python3.10/site-packages/sklearn/metrics/_classification.py:1731: UndefinedMetricWarning: F-score is ill-defined and being set to 0.0 in labels with no true nor predicted samples. Use `zero_division` parameter to control this behavior.
  _warn_prf(average, modifier, f"{metric.capitalize()} is", result.shape[0])
/users/fperalta/.conda/envs/geneformer310/lib/python3.10/site-packages/sklearn/metrics/_classification.py:1731: UndefinedMetricWarning: F-score is ill-defined and being set to 0.0 in labels with no true nor predicted samples. Use `zero_division` parameter to control this behavior.
  _warn_prf(average, modifier, f"{metric.capitalize()} is", result.shape[0])
/users/fperalta/.conda/envs/geneformer310/lib/python3.10/site-packages/sklearn/metrics/_classification.py:1731: UndefinedMetricWarning: F-score is ill-defined and being set to 0.0 in labels with no true nor predicted samples. Use `zero_division` parameter to control this behavior.
  _warn_prf(average, modifier, f"{metric.capitalize()} is", result.shape[0])
/users/fperalta/.conda/envs/geneformer310/lib/python3.10/site-packages/sklearn/metrics/_classification.py:1731: UndefinedMetricWarning: F-score is ill-defined and being set to 0.0 in labels with no true nor predicted samples. Use `zero_division` parameter to control this behavior.
  _warn_prf(average, modifier, f"{metric.capitalize()} is", result.shape[0])
/users/fperalta/.conda/envs/geneformer310/lib/python3.10/site-packages/sklearn/metrics/_classification.py:1731: UndefinedMetricWarning: F-score is ill-defined and being set to 0.0 in labels with no true nor predicted samples. Use `zero_division` parameter to control this behavior.
  _warn_prf(average, modifier, f"{metric.capitalize()} is", result.shape[0])
/users/fperalta/.conda/envs/geneformer310/lib/python3.10/site-packages/sklearn/metrics/_classification.py:1731: UndefinedMetricWarning: F-score is ill-defined and being set to 0.0 in labels with no true nor predicted samples. Use `zero_division` parameter to control this behavior.
  _warn_prf(average, modifier, f"{metric.capitalize()} is", result.shape[0])
/users/fperalta/.conda/envs/geneformer310/lib/python3.10/site-packages/sklearn/metrics/_classification.py:1731: UndefinedMetricWarning: F-score is ill-defined and being set to 0.0 in labels with no true nor predicted samples. Use `zero_division` parameter to control this behavior.
  _warn_prf(average, modifier, f"{metric.capitalize()} is", result.shape[0])
/users/fperalta/.conda/envs/geneformer310/lib/python3.10/site-packages/sklearn/metrics/_classification.py:1731: UndefinedMetricWarning: F-score is ill-defined and being set to 0.0 in labels with no true nor predicted samples. Use `zero_division` parameter to control this behavior.
  _warn_prf(average, modifier, f"{metric.capitalize()} is", result.shape[0])
/users/fperalta/.conda/envs/geneformer310/lib/python3.10/site-packages/sklearn/metrics/_classification.py:1731: UndefinedMetricWarning: F-score is ill-defined and being set to 0.0 in labels with no true nor predicted samples. Use `zero_division` parameter to control this behavior.
  _warn_prf(average, modifier, f"{metric.capitalize()} is", result.shape[0])
/users/fperalta/.conda/envs/geneformer310/lib/python3.10/site-packages/sklearn/metrics/_classification.py:1731: UndefinedMetricWarning: F-score is ill-defined and being set to 0.0 in labels with no true nor predicted samples. Use `zero_division` parameter to control this behavior.
  _warn_prf(average, modifier, f"{metric.capitalize()} is", result.shape[0])
/users/fperalta/.conda/envs/geneformer310/lib/python3.10/site-packages/sklearn/metrics/_classification.py:1731: UndefinedMetricWarning: F-score is ill-defined and being set to 0.0 in labels with no true nor predicted samples. Use `zero_division` parameter to control this behavior.
  _warn_prf(average, modifier, f"{metric.capitalize()} is", result.shape[0])
/users/fperalta/.conda/envs/geneformer310/lib/python3.10/site-packages/sklearn/metrics/_classification.py:1731: UndefinedMetricWarning: F-score is ill-defined and being set to 0.0 in labels with no true nor predicted samples. Use `zero_division` parameter to control this behavior.
  _warn_prf(average, modifier, f"{metric.capitalize()} is", result.shape[0])
/users/fperalta/.conda/envs/geneformer310/lib/python3.10/site-packages/sklearn/metrics/_classification.py:1731: UndefinedMetricWarning: F-score is ill-defined and being set to 0.0 in labels with no true nor predicted samples. Use `zero_division` parameter to control this behavior.
  _warn_prf(average, modifier, f"{metric.capitalize()} is", result.shape[0])
/users/fperalta/.conda/envs/geneformer310/lib/python3.10/site-packages/sklearn/metrics/_classification.py:1731: UndefinedMetricWarning: F-score is ill-defined and being set to 0.0 in labels with no true nor predicted samples. Use `zero_division` parameter to control this behavior.
  _warn_prf(average, modifier, f"{metric.capitalize()} is", result.shape[0])
/users/fperalta/.conda/envs/geneformer310/lib/python3.10/site-packages/sklearn/metrics/_classification.py:1731: UndefinedMetricWarning: F-score is ill-defined and being set to 0.0 in labels with no true nor predicted samples. Use `zero_division` parameter to control this behavior.
  _warn_prf(average, modifier, f"{metric.capitalize()} is", result.shape[0])
/users/fperalta/.conda/envs/geneformer310/lib/python3.10/site-packages/sklearn/metrics/_classification.py:1731: UndefinedMetricWarning: F-score is ill-defined and being set to 0.0 in labels with no true nor predicted samples. Use `zero_division` parameter to control this behavior.
  _warn_prf(average, modifier, f"{metric.capitalize()} is", result.shape[0])
/users/fperalta/.conda/envs/geneformer310/lib/python3.10/site-packages/sklearn/metrics/_classification.py:1731: UndefinedMetricWarning: F-score is ill-defined and being set to 0.0 in labels with no true nor predicted samples. Use `zero_division` parameter to control this behavior.
  _warn_prf(average, modifier, f"{metric.capitalize()} is", result.shape[0])
/users/fperalta/.conda/envs/geneformer310/lib/python3.10/site-packages/sklearn/metrics/_classification.py:1731: UndefinedMetricWarning: F-score is ill-defined and being set to 0.0 in labels with no true nor predicted samples. Use `zero_division` parameter to control this behavior.
  _warn_prf(average, modifier, f"{metric.capitalize()} is", result.shape[0])
/users/fperalta/.conda/envs/geneformer310/lib/python3.10/site-packages/sklearn/metrics/_classification.py:1731: UndefinedMetricWarning: F-score is ill-defined and being set to 0.0 in labels with no true nor predicted samples. Use `zero_division` parameter to control this behavior.
  _warn_prf(average, modifier, f"{metric.capitalize()} is", result.shape[0])
/users/fperalta/.conda/envs/geneformer310/lib/python3.10/site-packages/sklearn/metrics/_classification.py:1731: UndefinedMetricWarning: F-score is ill-defined and being set to 0.0 in labels with no true nor predicted samples. Use `zero_division` parameter to control this behavior.
  _warn_prf(average, modifier, f"{metric.capitalize()} is", result.shape[0])
/users/fperalta/.conda/envs/geneformer310/lib/python3.10/site-packages/sklearn/metrics/_classification.py:1731: UndefinedMetricWarning: F-score is ill-defined and being set to 0.0 in labels with no true nor predicted samples. Use `zero_division` parameter to control this behavior.
  _warn_prf(average, modifier, f"{metric.capitalize()} is", result.shape[0])
/users/fperalta/.conda/envs/geneformer310/lib/python3.10/site-packages/sklearn/metrics/_classification.py:1731: UndefinedMetricWarning: F-score is ill-defined and being set to 0.0 in labels with no true nor predicted samples. Use `zero_division` parameter to control this behavior.
  _warn_prf(average, modifier, f"{metric.capitalize()} is", result.shape[0])
/users/fperalta/.conda/envs/geneformer310/lib/python3.10/site-packages/sklearn/metrics/_classification.py:1731: UndefinedMetricWarning: F-score is ill-defined and being set to 0.0 in labels with no true nor predicted samples. Use `zero_division` parameter to control this behavior.
  _warn_prf(average, modifier, f"{metric.capitalize()} is", result.shape[0])
/users/fperalta/.conda/envs/geneformer310/lib/python3.10/site-packages/sklearn/metrics/_classification.py:1731: UndefinedMetricWarning: F-score is ill-defined and being set to 0.0 in labels with no true nor predicted samples. Use `zero_division` parameter to control this behavior.
  _warn_prf(average, modifier, f"{metric.capitalize()} is", result.shape[0])
/users/fperalta/.conda/envs/geneformer310/lib/python3.10/site-packages/sklearn/metrics/_classification.py:1731: UndefinedMetricWarning: F-score is ill-defined and being set to 0.0 in labels with no true nor predicted samples. Use `zero_division` parameter to control this behavior.
  _warn_prf(average, modifier, f"{metric.capitalize()} is", result.shape[0])
/users/fperalta/.conda/envs/geneformer310/lib/python3.10/site-packages/sklearn/metrics/_classification.py:1731: UndefinedMetricWarning: F-score is ill-defined and being set to 0.0 in labels with no true nor predicted samples. Use `zero_division` parameter to control this behavior.
  _warn_prf(average, modifier, f"{metric.capitalize()} is", result.shape[0])
/users/fperalta/.conda/envs/geneformer310/lib/python3.10/site-packages/sklearn/metrics/_classification.py:1731: UndefinedMetricWarning: F-score is ill-defined and being set to 0.0 in labels with no true nor predicted samples. Use `zero_division` parameter to control this behavior.
  _warn_prf(average, modifier, f"{metric.capitalize()} is", result.shape[0])
/users/fperalta/.conda/envs/geneformer310/lib/python3.10/site-packages/sklearn/metrics/_classification.py:1731: UndefinedMetricWarning: F-score is ill-defined and being set to 0.0 in labels with no true nor predicted samples. Use `zero_division` parameter to control this behavior.
  _warn_prf(average, modifier, f"{metric.capitalize()} is", result.shape[0])
/users/fperalta/.conda/envs/geneformer310/lib/python3.10/site-packages/sklearn/metrics/_classification.py:1731: UndefinedMetricWarning: F-score is ill-defined and being set to 0.0 in labels with no true nor predicted samples. Use `zero_division` parameter to control this behavior.
  _warn_prf(average, modifier, f"{metric.capitalize()} is", result.shape[0])
/users/fperalta/.conda/envs/geneformer310/lib/python3.10/site-packages/sklearn/metrics/_classification.py:1731: UndefinedMetricWarning: F-score is ill-defined and being set to 0.0 in labels with no true nor predicted samples. Use `zero_division` parameter to control this behavior.
  _warn_prf(average, modifier, f"{metric.capitalize()} is", result.shape[0])
/users/fperalta/.conda/envs/geneformer310/lib/python3.10/site-packages/sklearn/metrics/_classification.py:1731: UndefinedMetricWarning: F-score is ill-defined and being set to 0.0 in labels with no true nor predicted samples. Use `zero_division` parameter to control this behavior.
  _warn_prf(average, modifier, f"{metric.capitalize()} is", result.shape[0])
/users/fperalta/.conda/envs/geneformer310/lib/python3.10/site-packages/sklearn/metrics/_classification.py:1731: UndefinedMetricWarning: F-score is ill-defined and being set to 0.0 in labels with no true nor predicted samples. Use `zero_division` parameter to control this behavior.
  _warn_prf(average, modifier, f"{metric.capitalize()} is", result.shape[0])
/users/fperalta/.conda/envs/geneformer310/lib/python3.10/site-packages/sklearn/metrics/_classification.py:1731: UndefinedMetricWarning: F-score is ill-defined and being set to 0.0 in labels with no true nor predicted samples. Use `zero_division` parameter to control this behavior.
  _warn_prf(average, modifier, f"{metric.capitalize()} is", result.shape[0])
/users/fperalta/.conda/envs/geneformer310/lib/python3.10/site-packages/sklearn/metrics/_classification.py:1731: UndefinedMetricWarning: F-score is ill-defined and being set to 0.0 in labels with no true nor predicted samples. Use `zero_division` parameter to control this behavior.
  _warn_prf(average, modifier, f"{metric.capitalize()} is", result.shape[0])
/users/fperalta/.conda/envs/geneformer310/lib/python3.10/site-packages/sklearn/metrics/_classification.py:1731: UndefinedMetricWarning: F-score is ill-defined and being set to 0.0 in labels with no true nor predicted samples. Use `zero_division` parameter to control this behavior.
  _warn_prf(average, modifier, f"{metric.capitalize()} is", result.shape[0])
/users/fperalta/.conda/envs/geneformer310/lib/python3.10/site-packages/sklearn/metrics/_classification.py:1731: UndefinedMetricWarning: F-score is ill-defined and being set to 0.0 in labels with no true nor predicted samples. Use `zero_division` parameter to control this behavior.
  _warn_prf(average, modifier, f"{metric.capitalize()} is", result.shape[0])
/users/fperalta/.conda/envs/geneformer310/lib/python3.10/site-packages/sklearn/metrics/_classification.py:1731: UndefinedMetricWarning: F-score is ill-defined and being set to 0.0 in labels with no true nor predicted samples. Use `zero_division` parameter to control this behavior.
  _warn_prf(average, modifier, f"{metric.capitalize()} is", result.shape[0])
/users/fperalta/.conda/envs/geneformer310/lib/python3.10/site-packages/sklearn/metrics/_classification.py:1731: UndefinedMetricWarning: F-score is ill-defined and being set to 0.0 in labels with no true nor predicted samples. Use `zero_division` parameter to control this behavior.
  _warn_prf(average, modifier, f"{metric.capitalize()} is", result.shape[0])
/users/fperalta/.conda/envs/geneformer310/lib/python3.10/site-packages/sklearn/metrics/_classification.py:1731: UndefinedMetricWarning: F-score is ill-defined and being set to 0.0 in labels with no true nor predicted samples. Use `zero_division` parameter to control this behavior.
  _warn_prf(average, modifier, f"{metric.capitalize()} is", result.shape[0])
/users/fperalta/.conda/envs/geneformer310/lib/python3.10/site-packages/sklearn/metrics/_classification.py:1731: UndefinedMetricWarning: F-score is ill-defined and being set to 0.0 in labels with no true nor predicted samples. Use `zero_division` parameter to control this behavior.
  _warn_prf(average, modifier, f"{metric.capitalize()} is", result.shape[0])
/users/fperalta/.conda/envs/geneformer310/lib/python3.10/site-packages/sklearn/metrics/_classification.py:1731: UndefinedMetricWarning: F-score is ill-defined and being set to 0.0 in labels with no true nor predicted samples. Use `zero_division` parameter to control this behavior.
  _warn_prf(average, modifier, f"{metric.capitalize()} is", result.shape[0])
/users/fperalta/.conda/envs/geneformer310/lib/python3.10/site-packages/sklearn/metrics/_classification.py:1731: UndefinedMetricWarning: F-score is ill-defined and being set to 0.0 in labels with no true nor predicted samples. Use `zero_division` parameter to control this behavior.
  _warn_prf(average, modifier, f"{metric.capitalize()} is", result.shape[0])
/users/fperalta/.conda/envs/geneformer310/lib/python3.10/site-packages/sklearn/metrics/_classification.py:1731: UndefinedMetricWarning: F-score is ill-defined and being set to 0.0 in labels with no true nor predicted samples. Use `zero_division` parameter to control this behavior.
  _warn_prf(average, modifier, f"{metric.capitalize()} is", result.shape[0])
/users/fperalta/.conda/envs/geneformer310/lib/python3.10/site-packages/sklearn/metrics/_classification.py:1731: UndefinedMetricWarning: F-score is ill-defined and being set to 0.0 in labels with no true nor predicted samples. Use `zero_division` parameter to control this behavior.
  _warn_prf(average, modifier, f"{metric.capitalize()} is", result.shape[0])
/users/fperalta/.conda/envs/geneformer310/lib/python3.10/site-packages/sklearn/metrics/_classification.py:1731: UndefinedMetricWarning: F-score is ill-defined and being set to 0.0 in labels with no true nor predicted samples. Use `zero_division` parameter to control this behavior.
  _warn_prf(average, modifier, f"{metric.capitalize()} is", result.shape[0])
/users/fperalta/.conda/envs/geneformer310/lib/python3.10/site-packages/sklearn/metrics/_classification.py:1731: UndefinedMetricWarning: F-score is ill-defined and being set to 0.0 in labels with no true nor predicted samples. Use `zero_division` parameter to control this behavior.
  _warn_prf(average, modifier, f"{metric.capitalize()} is", result.shape[0])
/users/fperalta/.conda/envs/geneformer310/lib/python3.10/site-packages/sklearn/metrics/_classification.py:1731: UndefinedMetricWarning: F-score is ill-defined and being set to 0.0 in labels with no true nor predicted samples. Use `zero_division` parameter to control this behavior.
  _warn_prf(average, modifier, f"{metric.capitalize()} is", result.shape[0])
/users/fperalta/.conda/envs/geneformer310/lib/python3.10/site-packages/sklearn/metrics/_classification.py:1731: UndefinedMetricWarning: F-score is ill-defined and being set to 0.0 in labels with no true nor predicted samples. Use `zero_division` parameter to control this behavior.
  _warn_prf(average, modifier, f"{metric.capitalize()} is", result.shape[0])
/users/fperalta/.conda/envs/geneformer310/lib/python3.10/site-packages/sklearn/metrics/_classification.py:1731: UndefinedMetricWarning: F-score is ill-defined and being set to 0.0 in labels with no true nor predicted samples. Use `zero_division` parameter to control this behavior.
  _warn_prf(average, modifier, f"{metric.capitalize()} is", result.shape[0])
/users/fperalta/.conda/envs/geneformer310/lib/python3.10/site-packages/sklearn/metrics/_classification.py:1731: UndefinedMetricWarning: F-score is ill-defined and being set to 0.0 in labels with no true nor predicted samples. Use `zero_division` parameter to control this behavior.
  _warn_prf(average, modifier, f"{metric.capitalize()} is", result.shape[0])
/users/fperalta/.conda/envs/geneformer310/lib/python3.10/site-packages/sklearn/metrics/_classification.py:1731: UndefinedMetricWarning: F-score is ill-defined and being set to 0.0 in labels with no true nor predicted samples. Use `zero_division` parameter to control this behavior.
  _warn_prf(average, modifier, f"{metric.capitalize()} is", result.shape[0])
/users/fperalta/.conda/envs/geneformer310/lib/python3.10/site-packages/sklearn/metrics/_classification.py:1731: UndefinedMetricWarning: F-score is ill-defined and being set to 0.0 in labels with no true nor predicted samples. Use `zero_division` parameter to control this behavior.
  _warn_prf(average, modifier, f"{metric.capitalize()} is", result.shape[0])
/users/fperalta/.conda/envs/geneformer310/lib/python3.10/site-packages/sklearn/metrics/_classification.py:1731: UndefinedMetricWarning: F-score is ill-defined and being set to 0.0 in labels with no true nor predicted samples. Use `zero_division` parameter to control this behavior.
  _warn_prf(average, modifier, f"{metric.capitalize()} is", result.shape[0])
/users/fperalta/.conda/envs/geneformer310/lib/python3.10/site-packages/sklearn/metrics/_classification.py:1731: UndefinedMetricWarning: F-score is ill-defined and being set to 0.0 in labels with no true nor predicted samples. Use `zero_division` parameter to control this behavior.
  _warn_prf(average, modifier, f"{metric.capitalize()} is", result.shape[0])
/users/fperalta/.conda/envs/geneformer310/lib/python3.10/site-packages/sklearn/metrics/_classification.py:1731: UndefinedMetricWarning: F-score is ill-defined and being set to 0.0 in labels with no true nor predicted samples. Use `zero_division` parameter to control this behavior.
  _warn_prf(average, modifier, f"{metric.capitalize()} is", result.shape[0])
/users/fperalta/.conda/envs/geneformer310/lib/python3.10/site-packages/sklearn/metrics/_classification.py:1731: UndefinedMetricWarning: F-score is ill-defined and being set to 0.0 in labels with no true nor predicted samples. Use `zero_division` parameter to control this behavior.
  _warn_prf(average, modifier, f"{metric.capitalize()} is", result.shape[0])
/users/fperalta/.conda/envs/geneformer310/lib/python3.10/site-packages/sklearn/metrics/_classification.py:1731: UndefinedMetricWarning: F-score is ill-defined and being set to 0.0 in labels with no true nor predicted samples. Use `zero_division` parameter to control this behavior.
  _warn_prf(average, modifier, f"{metric.capitalize()} is", result.shape[0])
/users/fperalta/.conda/envs/geneformer310/lib/python3.10/site-packages/sklearn/metrics/_classification.py:1731: UndefinedMetricWarning: F-score is ill-defined and being set to 0.0 in labels with no true nor predicted samples. Use `zero_division` parameter to control this behavior.
  _warn_prf(average, modifier, f"{metric.capitalize()} is", result.shape[0])
/users/fperalta/.conda/envs/geneformer310/lib/python3.10/site-packages/sklearn/metrics/_classification.py:1731: UndefinedMetricWarning: F-score is ill-defined and being set to 0.0 in labels with no true nor predicted samples. Use `zero_division` parameter to control this behavior.
  _warn_prf(average, modifier, f"{metric.capitalize()} is", result.shape[0])
/users/fperalta/.conda/envs/geneformer310/lib/python3.10/site-packages/sklearn/metrics/_classification.py:1731: UndefinedMetricWarning: F-score is ill-defined and being set to 0.0 in labels with no true nor predicted samples. Use `zero_division` parameter to control this behavior.
  _warn_prf(average, modifier, f"{metric.capitalize()} is", result.shape[0])
/users/fperalta/.conda/envs/geneformer310/lib/python3.10/site-packages/sklearn/metrics/_classification.py:1731: UndefinedMetricWarning: F-score is ill-defined and being set to 0.0 in labels with no true nor predicted samples. Use `zero_division` parameter to control this behavior.
  _warn_prf(average, modifier, f"{metric.capitalize()} is", result.shape[0])
/users/fperalta/.conda/envs/geneformer310/lib/python3.10/site-packages/sklearn/metrics/_classification.py:1731: UndefinedMetricWarning: F-score is ill-defined and being set to 0.0 in labels with no true nor predicted samples. Use `zero_division` parameter to control this behavior.
  _warn_prf(average, modifier, f"{metric.capitalize()} is", result.shape[0])
/users/fperalta/.conda/envs/geneformer310/lib/python3.10/site-packages/sklearn/metrics/_classification.py:1731: UndefinedMetricWarning: F-score is ill-defined and being set to 0.0 in labels with no true nor predicted samples. Use `zero_division` parameter to control this behavior.
  _warn_prf(average, modifier, f"{metric.capitalize()} is", result.shape[0])
/users/fperalta/.conda/envs/geneformer310/lib/python3.10/site-packages/sklearn/metrics/_classification.py:1731: UndefinedMetricWarning: F-score is ill-defined and being set to 0.0 in labels with no true nor predicted samples. Use `zero_division` parameter to control this behavior.
  _warn_prf(average, modifier, f"{metric.capitalize()} is", result.shape[0])
/users/fperalta/.conda/envs/geneformer310/lib/python3.10/site-packages/sklearn/metrics/_classification.py:1731: UndefinedMetricWarning: F-score is ill-defined and being set to 0.0 in labels with no true nor predicted samples. Use `zero_division` parameter to control this behavior.
  _warn_prf(average, modifier, f"{metric.capitalize()} is", result.shape[0])
/users/fperalta/.conda/envs/geneformer310/lib/python3.10/site-packages/sklearn/metrics/_classification.py:1731: UndefinedMetricWarning: F-score is ill-defined and being set to 0.0 in labels with no true nor predicted samples. Use `zero_division` parameter to control this behavior.
  _warn_prf(average, modifier, f"{metric.capitalize()} is", result.shape[0])
/users/fperalta/.conda/envs/geneformer310/lib/python3.10/site-packages/sklearn/metrics/_classification.py:1731: UndefinedMetricWarning: F-score is ill-defined and being set to 0.0 in labels with no true nor predicted samples. Use `zero_division` parameter to control this behavior.
  _warn_prf(average, modifier, f"{metric.capitalize()} is", result.shape[0])
/users/fperalta/.conda/envs/geneformer310/lib/python3.10/site-packages/sklearn/metrics/_classification.py:1731: UndefinedMetricWarning: F-score is ill-defined and being set to 0.0 in labels with no true nor predicted samples. Use `zero_division` parameter to control this behavior.
  _warn_prf(average, modifier, f"{metric.capitalize()} is", result.shape[0])
/users/fperalta/.conda/envs/geneformer310/lib/python3.10/site-packages/sklearn/metrics/_classification.py:1731: UndefinedMetricWarning: F-score is ill-defined and being set to 0.0 in labels with no true nor predicted samples. Use `zero_division` parameter to control this behavior.
  _warn_prf(average, modifier, f"{metric.capitalize()} is", result.shape[0])
/users/fperalta/.conda/envs/geneformer310/lib/python3.10/site-packages/sklearn/metrics/_classification.py:1731: UndefinedMetricWarning: F-score is ill-defined and being set to 0.0 in labels with no true nor predicted samples. Use `zero_division` parameter to control this behavior.
  _warn_prf(average, modifier, f"{metric.capitalize()} is", result.shape[0])
/users/fperalta/.conda/envs/geneformer310/lib/python3.10/site-packages/sklearn/metrics/_classification.py:1731: UndefinedMetricWarning: F-score is ill-defined and being set to 0.0 in labels with no true nor predicted samples. Use `zero_division` parameter to control this behavior.
  _warn_prf(average, modifier, f"{metric.capitalize()} is", result.shape[0])
/users/fperalta/.conda/envs/geneformer310/lib/python3.10/site-packages/sklearn/metrics/_classification.py:1731: UndefinedMetricWarning: F-score is ill-defined and being set to 0.0 in labels with no true nor predicted samples. Use `zero_division` parameter to control this behavior.
  _warn_prf(average, modifier, f"{metric.capitalize()} is", result.shape[0])
/users/fperalta/.conda/envs/geneformer310/lib/python3.10/site-packages/sklearn/metrics/_classification.py:1731: UndefinedMetricWarning: F-score is ill-defined and being set to 0.0 in labels with no true nor predicted samples. Use `zero_division` parameter to control this behavior.
  _warn_prf(average, modifier, f"{metric.capitalize()} is", result.shape[0])
/users/fperalta/.conda/envs/geneformer310/lib/python3.10/site-packages/sklearn/metrics/_classification.py:1731: UndefinedMetricWarning: F-score is ill-defined and being set to 0.0 in labels with no true nor predicted samples. Use `zero_division` parameter to control this behavior.
  _warn_prf(average, modifier, f"{metric.capitalize()} is", result.shape[0])
/users/fperalta/.conda/envs/geneformer310/lib/python3.10/site-packages/sklearn/metrics/_classification.py:1731: UndefinedMetricWarning: F-score is ill-defined and being set to 0.0 in labels with no true nor predicted samples. Use `zero_division` parameter to control this behavior.
  _warn_prf(average, modifier, f"{metric.capitalize()} is", result.shape[0])
/users/fperalta/.conda/envs/geneformer310/lib/python3.10/site-packages/sklearn/metrics/_classification.py:1731: UndefinedMetricWarning: F-score is ill-defined and being set to 0.0 in labels with no true nor predicted samples. Use `zero_division` parameter to control this behavior.
  _warn_prf(average, modifier, f"{metric.capitalize()} is", result.shape[0])
/users/fperalta/.conda/envs/geneformer310/lib/python3.10/site-packages/sklearn/metrics/_classification.py:1731: UndefinedMetricWarning: F-score is ill-defined and being set to 0.0 in labels with no true nor predicted samples. Use `zero_division` parameter to control this behavior.
  _warn_prf(average, modifier, f"{metric.capitalize()} is", result.shape[0])
/users/fperalta/.conda/envs/geneformer310/lib/python3.10/site-packages/sklearn/metrics/_classification.py:1731: UndefinedMetricWarning: F-score is ill-defined and being set to 0.0 in labels with no true nor predicted samples. Use `zero_division` parameter to control this behavior.
  _warn_prf(average, modifier, f"{metric.capitalize()} is", result.shape[0])
/users/fperalta/.conda/envs/geneformer310/lib/python3.10/site-packages/sklearn/metrics/_classification.py:1731: UndefinedMetricWarning: F-score is ill-defined and being set to 0.0 in labels with no true nor predicted samples. Use `zero_division` parameter to control this behavior.
  _warn_prf(average, modifier, f"{metric.capitalize()} is", result.shape[0])
/users/fperalta/.conda/envs/geneformer310/lib/python3.10/site-packages/sklearn/metrics/_classification.py:1731: UndefinedMetricWarning: F-score is ill-defined and being set to 0.0 in labels with no true nor predicted samples. Use `zero_division` parameter to control this behavior.
  _warn_prf(average, modifier, f"{metric.capitalize()} is", result.shape[0])
/users/fperalta/.conda/envs/geneformer310/lib/python3.10/site-packages/sklearn/metrics/_classification.py:1731: UndefinedMetricWarning: F-score is ill-defined and being set to 0.0 in labels with no true nor predicted samples. Use `zero_division` parameter to control this behavior.
  _warn_prf(average, modifier, f"{metric.capitalize()} is", result.shape[0])
/users/fperalta/.conda/envs/geneformer310/lib/python3.10/site-packages/sklearn/metrics/_classification.py:1731: UndefinedMetricWarning: F-score is ill-defined and being set to 0.0 in labels with no true nor predicted samples. Use `zero_division` parameter to control this behavior.
  _warn_prf(average, modifier, f"{metric.capitalize()} is", result.shape[0])
/users/fperalta/.conda/envs/geneformer310/lib/python3.10/site-packages/sklearn/metrics/_classification.py:1731: UndefinedMetricWarning: F-score is ill-defined and being set to 0.0 in labels with no true nor predicted samples. Use `zero_division` parameter to control this behavior.
  _warn_prf(average, modifier, f"{metric.capitalize()} is", result.shape[0])
/users/fperalta/.conda/envs/geneformer310/lib/python3.10/site-packages/sklearn/metrics/_classification.py:1731: UndefinedMetricWarning: F-score is ill-defined and being set to 0.0 in labels with no true nor predicted samples. Use `zero_division` parameter to control this behavior.
  _warn_prf(average, modifier, f"{metric.capitalize()} is", result.shape[0])
/users/fperalta/.conda/envs/geneformer310/lib/python3.10/site-packages/sklearn/metrics/_classification.py:1731: UndefinedMetricWarning: F-score is ill-defined and being set to 0.0 in labels with no true nor predicted samples. Use `zero_division` parameter to control this behavior.
  _warn_prf(average, modifier, f"{metric.capitalize()} is", result.shape[0])
/users/fperalta/.conda/envs/geneformer310/lib/python3.10/site-packages/sklearn/metrics/_classification.py:1731: UndefinedMetricWarning: F-score is ill-defined and being set to 0.0 in labels with no true nor predicted samples. Use `zero_division` parameter to control this behavior.
  _warn_prf(average, modifier, f"{metric.capitalize()} is", result.shape[0])
/users/fperalta/.conda/envs/geneformer310/lib/python3.10/site-packages/sklearn/metrics/_classification.py:1731: UndefinedMetricWarning: F-score is ill-defined and being set to 0.0 in labels with no true nor predicted samples. Use `zero_division` parameter to control this behavior.
  _warn_prf(average, modifier, f"{metric.capitalize()} is", result.shape[0])
/users/fperalta/.conda/envs/geneformer310/lib/python3.10/site-packages/sklearn/metrics/_classification.py:1731: UndefinedMetricWarning: F-score is ill-defined and being set to 0.0 in labels with no true nor predicted samples. Use `zero_division` parameter to control this behavior.
  _warn_prf(average, modifier, f"{metric.capitalize()} is", result.shape[0])
/users/fperalta/.conda/envs/geneformer310/lib/python3.10/site-packages/sklearn/metrics/_classification.py:1731: UndefinedMetricWarning: F-score is ill-defined and being set to 0.0 in labels with no true nor predicted samples. Use `zero_division` parameter to control this behavior.
  _warn_prf(average, modifier, f"{metric.capitalize()} is", result.shape[0])
/users/fperalta/.conda/envs/geneformer310/lib/python3.10/site-packages/sklearn/metrics/_classification.py:1731: UndefinedMetricWarning: F-score is ill-defined and being set to 0.0 in labels with no true nor predicted samples. Use `zero_division` parameter to control this behavior.
  _warn_prf(average, modifier, f"{metric.capitalize()} is", result.shape[0])
/users/fperalta/.conda/envs/geneformer310/lib/python3.10/site-packages/sklearn/metrics/_classification.py:1731: UndefinedMetricWarning: F-score is ill-defined and being set to 0.0 in labels with no true nor predicted samples. Use `zero_division` parameter to control this behavior.
  _warn_prf(average, modifier, f"{metric.capitalize()} is", result.shape[0])
/users/fperalta/.conda/envs/geneformer310/lib/python3.10/site-packages/sklearn/metrics/_classification.py:1731: UndefinedMetricWarning: F-score is ill-defined and being set to 0.0 in labels with no true nor predicted samples. Use `zero_division` parameter to control this behavior.
  _warn_prf(average, modifier, f"{metric.capitalize()} is", result.shape[0])
/users/fperalta/.conda/envs/geneformer310/lib/python3.10/site-packages/sklearn/metrics/_classification.py:1731: UndefinedMetricWarning: F-score is ill-defined and being set to 0.0 in labels with no true nor predicted samples. Use `zero_division` parameter to control this behavior.
  _warn_prf(average, modifier, f"{metric.capitalize()} is", result.shape[0])
            group  n_cells  n_donors  accuracy  macro_f1  macro_f1_common   ci_low  ci_high
hispanic or latin     1111         2  0.986499  0.854501         0.854501 0.752434 0.878788
european american     6456        18  0.946716  0.914975         0.914975 0.874694 0.926267
            asian      619         2  0.969305  0.916238         0.916238 0.111111 0.916238
 african american      386         3  0.963731  0.924674         0.924674 0.516251 0.928159
worst group: hispanic or latin (common-class macro-F1 0.8545 CI [0.7524,0.8788])
=== geneformer crc P2BJ ===
holdout filter: kept 8,572/8,572 eval_donor cells
/users/fperalta/.conda/envs/geneformer310/lib/python3.10/site-packages/geneformer/collator_for_classification.py:649: UserWarning: To copy construct from a tensor, it is recommended to use sourceTensor.clone().detach() or sourceTensor.clone().detach().requires_grad_(True), rather than torch.tensor(sourceTensor).
  batch = {k: torch.tensor(v.clone().detach(), dtype=torch.int64) if isinstance(v, torch.Tensor) else torch.tensor(v, dtype=torch.int64) for k, v in batch.items()}
wrote per-cell predictions: 8,572 rows
/users/fperalta/.conda/envs/geneformer310/lib/python3.10/site-packages/sklearn/metrics/_classification.py:1731: UndefinedMetricWarning: F-score is ill-defined and being set to 0.0 in labels with no true nor predicted samples. Use `zero_division` parameter to control this behavior.
  _warn_prf(average, modifier, f"{metric.capitalize()} is", result.shape[0])
/users/fperalta/.conda/envs/geneformer310/lib/python3.10/site-packages/sklearn/metrics/_classification.py:1731: UndefinedMetricWarning: F-score is ill-defined and being set to 0.0 in labels with no true nor predicted samples. Use `zero_division` parameter to control this behavior.
  _warn_prf(average, modifier, f"{metric.capitalize()} is", result.shape[0])
/users/fperalta/.conda/envs/geneformer310/lib/python3.10/site-packages/sklearn/metrics/_classification.py:1731: UndefinedMetricWarning: F-score is ill-defined and being set to 0.0 in labels with no true nor predicted samples. Use `zero_division` parameter to control this behavior.
  _warn_prf(average, modifier, f"{metric.capitalize()} is", result.shape[0])
/users/fperalta/.conda/envs/geneformer310/lib/python3.10/site-packages/sklearn/metrics/_classification.py:1731: UndefinedMetricWarning: F-score is ill-defined and being set to 0.0 in labels with no true nor predicted samples. Use `zero_division` parameter to control this behavior.
  _warn_prf(average, modifier, f"{metric.capitalize()} is", result.shape[0])
/users/fperalta/.conda/envs/geneformer310/lib/python3.10/site-packages/sklearn/metrics/_classification.py:1731: UndefinedMetricWarning: F-score is ill-defined and being set to 0.0 in labels with no true nor predicted samples. Use `zero_division` parameter to control this behavior.
  _warn_prf(average, modifier, f"{metric.capitalize()} is", result.shape[0])
/users/fperalta/.conda/envs/geneformer310/lib/python3.10/site-packages/sklearn/metrics/_classification.py:1731: UndefinedMetricWarning: F-score is ill-defined and being set to 0.0 in labels with no true nor predicted samples. Use `zero_division` parameter to control this behavior.
  _warn_prf(average, modifier, f"{metric.capitalize()} is", result.shape[0])
/users/fperalta/.conda/envs/geneformer310/lib/python3.10/site-packages/sklearn/metrics/_classification.py:1731: UndefinedMetricWarning: F-score is ill-defined and being set to 0.0 in labels with no true nor predicted samples. Use `zero_division` parameter to control this behavior.
  _warn_prf(average, modifier, f"{metric.capitalize()} is", result.shape[0])
/users/fperalta/.conda/envs/geneformer310/lib/python3.10/site-packages/sklearn/metrics/_classification.py:1731: UndefinedMetricWarning: F-score is ill-defined and being set to 0.0 in labels with no true nor predicted samples. Use `zero_division` parameter to control this behavior.
  _warn_prf(average, modifier, f"{metric.capitalize()} is", result.shape[0])
/users/fperalta/.conda/envs/geneformer310/lib/python3.10/site-packages/sklearn/metrics/_classification.py:1731: UndefinedMetricWarning: F-score is ill-defined and being set to 0.0 in labels with no true nor predicted samples. Use `zero_division` parameter to control this behavior.
  _warn_prf(average, modifier, f"{metric.capitalize()} is", result.shape[0])
/users/fperalta/.conda/envs/geneformer310/lib/python3.10/site-packages/sklearn/metrics/_classification.py:1731: UndefinedMetricWarning: F-score is ill-defined and being set to 0.0 in labels with no true nor predicted samples. Use `zero_division` parameter to control this behavior.
  _warn_prf(average, modifier, f"{metric.capitalize()} is", result.shape[0])
/users/fperalta/.conda/envs/geneformer310/lib/python3.10/site-packages/sklearn/metrics/_classification.py:1731: UndefinedMetricWarning: F-score is ill-defined and being set to 0.0 in labels with no true nor predicted samples. Use `zero_division` parameter to control this behavior.
  _warn_prf(average, modifier, f"{metric.capitalize()} is", result.shape[0])
/users/fperalta/.conda/envs/geneformer310/lib/python3.10/site-packages/sklearn/metrics/_classification.py:1731: UndefinedMetricWarning: F-score is ill-defined and being set to 0.0 in labels with no true nor predicted samples. Use `zero_division` parameter to control this behavior.
  _warn_prf(average, modifier, f"{metric.capitalize()} is", result.shape[0])
/users/fperalta/.conda/envs/geneformer310/lib/python3.10/site-packages/sklearn/metrics/_classification.py:1731: UndefinedMetricWarning: F-score is ill-defined and being set to 0.0 in labels with no true nor predicted samples. Use `zero_division` parameter to control this behavior.
  _warn_prf(average, modifier, f"{metric.capitalize()} is", result.shape[0])
/users/fperalta/.conda/envs/geneformer310/lib/python3.10/site-packages/sklearn/metrics/_classification.py:1731: UndefinedMetricWarning: F-score is ill-defined and being set to 0.0 in labels with no true nor predicted samples. Use `zero_division` parameter to control this behavior.
  _warn_prf(average, modifier, f"{metric.capitalize()} is", result.shape[0])
/users/fperalta/.conda/envs/geneformer310/lib/python3.10/site-packages/sklearn/metrics/_classification.py:1731: UndefinedMetricWarning: F-score is ill-defined and being set to 0.0 in labels with no true nor predicted samples. Use `zero_division` parameter to control this behavior.
  _warn_prf(average, modifier, f"{metric.capitalize()} is", result.shape[0])
/users/fperalta/.conda/envs/geneformer310/lib/python3.10/site-packages/sklearn/metrics/_classification.py:1731: UndefinedMetricWarning: F-score is ill-defined and being set to 0.0 in labels with no true nor predicted samples. Use `zero_division` parameter to control this behavior.
  _warn_prf(average, modifier, f"{metric.capitalize()} is", result.shape[0])
/users/fperalta/.conda/envs/geneformer310/lib/python3.10/site-packages/sklearn/metrics/_classification.py:1731: UndefinedMetricWarning: F-score is ill-defined and being set to 0.0 in labels with no true nor predicted samples. Use `zero_division` parameter to control this behavior.
  _warn_prf(average, modifier, f"{metric.capitalize()} is", result.shape[0])
/users/fperalta/.conda/envs/geneformer310/lib/python3.10/site-packages/sklearn/metrics/_classification.py:1731: UndefinedMetricWarning: F-score is ill-defined and being set to 0.0 in labels with no true nor predicted samples. Use `zero_division` parameter to control this behavior.
  _warn_prf(average, modifier, f"{metric.capitalize()} is", result.shape[0])
/users/fperalta/.conda/envs/geneformer310/lib/python3.10/site-packages/sklearn/metrics/_classification.py:1731: UndefinedMetricWarning: F-score is ill-defined and being set to 0.0 in labels with no true nor predicted samples. Use `zero_division` parameter to control this behavior.
  _warn_prf(average, modifier, f"{metric.capitalize()} is", result.shape[0])
/users/fperalta/.conda/envs/geneformer310/lib/python3.10/site-packages/sklearn/metrics/_classification.py:1731: UndefinedMetricWarning: F-score is ill-defined and being set to 0.0 in labels with no true nor predicted samples. Use `zero_division` parameter to control this behavior.
  _warn_prf(average, modifier, f"{metric.capitalize()} is", result.shape[0])
/users/fperalta/.conda/envs/geneformer310/lib/python3.10/site-packages/sklearn/metrics/_classification.py:1731: UndefinedMetricWarning: F-score is ill-defined and being set to 0.0 in labels with no true nor predicted samples. Use `zero_division` parameter to control this behavior.
  _warn_prf(average, modifier, f"{metric.capitalize()} is", result.shape[0])
/users/fperalta/.conda/envs/geneformer310/lib/python3.10/site-packages/sklearn/metrics/_classification.py:1731: UndefinedMetricWarning: F-score is ill-defined and being set to 0.0 in labels with no true nor predicted samples. Use `zero_division` parameter to control this behavior.
  _warn_prf(average, modifier, f"{metric.capitalize()} is", result.shape[0])
/users/fperalta/.conda/envs/geneformer310/lib/python3.10/site-packages/sklearn/metrics/_classification.py:1731: UndefinedMetricWarning: F-score is ill-defined and being set to 0.0 in labels with no true nor predicted samples. Use `zero_division` parameter to control this behavior.
  _warn_prf(average, modifier, f"{metric.capitalize()} is", result.shape[0])
/users/fperalta/.conda/envs/geneformer310/lib/python3.10/site-packages/sklearn/metrics/_classification.py:1731: UndefinedMetricWarning: F-score is ill-defined and being set to 0.0 in labels with no true nor predicted samples. Use `zero_division` parameter to control this behavior.
  _warn_prf(average, modifier, f"{metric.capitalize()} is", result.shape[0])
/users/fperalta/.conda/envs/geneformer310/lib/python3.10/site-packages/sklearn/metrics/_classification.py:1731: UndefinedMetricWarning: F-score is ill-defined and being set to 0.0 in labels with no true nor predicted samples. Use `zero_division` parameter to control this behavior.
  _warn_prf(average, modifier, f"{metric.capitalize()} is", result.shape[0])
/users/fperalta/.conda/envs/geneformer310/lib/python3.10/site-packages/sklearn/metrics/_classification.py:1731: UndefinedMetricWarning: F-score is ill-defined and being set to 0.0 in labels with no true nor predicted samples. Use `zero_division` parameter to control this behavior.
  _warn_prf(average, modifier, f"{metric.capitalize()} is", result.shape[0])
/users/fperalta/.conda/envs/geneformer310/lib/python3.10/site-packages/sklearn/metrics/_classification.py:1731: UndefinedMetricWarning: F-score is ill-defined and being set to 0.0 in labels with no true nor predicted samples. Use `zero_division` parameter to control this behavior.
  _warn_prf(average, modifier, f"{metric.capitalize()} is", result.shape[0])
/users/fperalta/.conda/envs/geneformer310/lib/python3.10/site-packages/sklearn/metrics/_classification.py:1731: UndefinedMetricWarning: F-score is ill-defined and being set to 0.0 in labels with no true nor predicted samples. Use `zero_division` parameter to control this behavior.
  _warn_prf(average, modifier, f"{metric.capitalize()} is", result.shape[0])
/users/fperalta/.conda/envs/geneformer310/lib/python3.10/site-packages/sklearn/metrics/_classification.py:1731: UndefinedMetricWarning: F-score is ill-defined and being set to 0.0 in labels with no true nor predicted samples. Use `zero_division` parameter to control this behavior.
  _warn_prf(average, modifier, f"{metric.capitalize()} is", result.shape[0])
/users/fperalta/.conda/envs/geneformer310/lib/python3.10/site-packages/sklearn/metrics/_classification.py:1731: UndefinedMetricWarning: F-score is ill-defined and being set to 0.0 in labels with no true nor predicted samples. Use `zero_division` parameter to control this behavior.
  _warn_prf(average, modifier, f"{metric.capitalize()} is", result.shape[0])
/users/fperalta/.conda/envs/geneformer310/lib/python3.10/site-packages/sklearn/metrics/_classification.py:1731: UndefinedMetricWarning: F-score is ill-defined and being set to 0.0 in labels with no true nor predicted samples. Use `zero_division` parameter to control this behavior.
  _warn_prf(average, modifier, f"{metric.capitalize()} is", result.shape[0])
/users/fperalta/.conda/envs/geneformer310/lib/python3.10/site-packages/sklearn/metrics/_classification.py:1731: UndefinedMetricWarning: F-score is ill-defined and being set to 0.0 in labels with no true nor predicted samples. Use `zero_division` parameter to control this behavior.
  _warn_prf(average, modifier, f"{metric.capitalize()} is", result.shape[0])
/users/fperalta/.conda/envs/geneformer310/lib/python3.10/site-packages/sklearn/metrics/_classification.py:1731: UndefinedMetricWarning: F-score is ill-defined and being set to 0.0 in labels with no true nor predicted samples. Use `zero_division` parameter to control this behavior.
  _warn_prf(average, modifier, f"{metric.capitalize()} is", result.shape[0])
/users/fperalta/.conda/envs/geneformer310/lib/python3.10/site-packages/sklearn/metrics/_classification.py:1731: UndefinedMetricWarning: F-score is ill-defined and being set to 0.0 in labels with no true nor predicted samples. Use `zero_division` parameter to control this behavior.
  _warn_prf(average, modifier, f"{metric.capitalize()} is", result.shape[0])
/users/fperalta/.conda/envs/geneformer310/lib/python3.10/site-packages/sklearn/metrics/_classification.py:1731: UndefinedMetricWarning: F-score is ill-defined and being set to 0.0 in labels with no true nor predicted samples. Use `zero_division` parameter to control this behavior.
  _warn_prf(average, modifier, f"{metric.capitalize()} is", result.shape[0])
/users/fperalta/.conda/envs/geneformer310/lib/python3.10/site-packages/sklearn/metrics/_classification.py:1731: UndefinedMetricWarning: F-score is ill-defined and being set to 0.0 in labels with no true nor predicted samples. Use `zero_division` parameter to control this behavior.
  _warn_prf(average, modifier, f"{metric.capitalize()} is", result.shape[0])
/users/fperalta/.conda/envs/geneformer310/lib/python3.10/site-packages/sklearn/metrics/_classification.py:1731: UndefinedMetricWarning: F-score is ill-defined and being set to 0.0 in labels with no true nor predicted samples. Use `zero_division` parameter to control this behavior.
  _warn_prf(average, modifier, f"{metric.capitalize()} is", result.shape[0])
/users/fperalta/.conda/envs/geneformer310/lib/python3.10/site-packages/sklearn/metrics/_classification.py:1731: UndefinedMetricWarning: F-score is ill-defined and being set to 0.0 in labels with no true nor predicted samples. Use `zero_division` parameter to control this behavior.
  _warn_prf(average, modifier, f"{metric.capitalize()} is", result.shape[0])
/users/fperalta/.conda/envs/geneformer310/lib/python3.10/site-packages/sklearn/metrics/_classification.py:1731: UndefinedMetricWarning: F-score is ill-defined and being set to 0.0 in labels with no true nor predicted samples. Use `zero_division` parameter to control this behavior.
  _warn_prf(average, modifier, f"{metric.capitalize()} is", result.shape[0])
/users/fperalta/.conda/envs/geneformer310/lib/python3.10/site-packages/sklearn/metrics/_classification.py:1731: UndefinedMetricWarning: F-score is ill-defined and being set to 0.0 in labels with no true nor predicted samples. Use `zero_division` parameter to control this behavior.
  _warn_prf(average, modifier, f"{metric.capitalize()} is", result.shape[0])
/users/fperalta/.conda/envs/geneformer310/lib/python3.10/site-packages/sklearn/metrics/_classification.py:1731: UndefinedMetricWarning: F-score is ill-defined and being set to 0.0 in labels with no true nor predicted samples. Use `zero_division` parameter to control this behavior.
  _warn_prf(average, modifier, f"{metric.capitalize()} is", result.shape[0])
/users/fperalta/.conda/envs/geneformer310/lib/python3.10/site-packages/sklearn/metrics/_classification.py:1731: UndefinedMetricWarning: F-score is ill-defined and being set to 0.0 in labels with no true nor predicted samples. Use `zero_division` parameter to control this behavior.
  _warn_prf(average, modifier, f"{metric.capitalize()} is", result.shape[0])
/users/fperalta/.conda/envs/geneformer310/lib/python3.10/site-packages/sklearn/metrics/_classification.py:1731: UndefinedMetricWarning: F-score is ill-defined and being set to 0.0 in labels with no true nor predicted samples. Use `zero_division` parameter to control this behavior.
  _warn_prf(average, modifier, f"{metric.capitalize()} is", result.shape[0])
/users/fperalta/.conda/envs/geneformer310/lib/python3.10/site-packages/sklearn/metrics/_classification.py:1731: UndefinedMetricWarning: F-score is ill-defined and being set to 0.0 in labels with no true nor predicted samples. Use `zero_division` parameter to control this behavior.
  _warn_prf(average, modifier, f"{metric.capitalize()} is", result.shape[0])
/users/fperalta/.conda/envs/geneformer310/lib/python3.10/site-packages/sklearn/metrics/_classification.py:1731: UndefinedMetricWarning: F-score is ill-defined and being set to 0.0 in labels with no true nor predicted samples. Use `zero_division` parameter to control this behavior.
  _warn_prf(average, modifier, f"{metric.capitalize()} is", result.shape[0])
/users/fperalta/.conda/envs/geneformer310/lib/python3.10/site-packages/sklearn/metrics/_classification.py:1731: UndefinedMetricWarning: F-score is ill-defined and being set to 0.0 in labels with no true nor predicted samples. Use `zero_division` parameter to control this behavior.
  _warn_prf(average, modifier, f"{metric.capitalize()} is", result.shape[0])
/users/fperalta/.conda/envs/geneformer310/lib/python3.10/site-packages/sklearn/metrics/_classification.py:1731: UndefinedMetricWarning: F-score is ill-defined and being set to 0.0 in labels with no true nor predicted samples. Use `zero_division` parameter to control this behavior.
  _warn_prf(average, modifier, f"{metric.capitalize()} is", result.shape[0])
/users/fperalta/.conda/envs/geneformer310/lib/python3.10/site-packages/sklearn/metrics/_classification.py:1731: UndefinedMetricWarning: F-score is ill-defined and being set to 0.0 in labels with no true nor predicted samples. Use `zero_division` parameter to control this behavior.
  _warn_prf(average, modifier, f"{metric.capitalize()} is", result.shape[0])
/users/fperalta/.conda/envs/geneformer310/lib/python3.10/site-packages/sklearn/metrics/_classification.py:1731: UndefinedMetricWarning: F-score is ill-defined and being set to 0.0 in labels with no true nor predicted samples. Use `zero_division` parameter to control this behavior.
  _warn_prf(average, modifier, f"{metric.capitalize()} is", result.shape[0])
/users/fperalta/.conda/envs/geneformer310/lib/python3.10/site-packages/sklearn/metrics/_classification.py:1731: UndefinedMetricWarning: F-score is ill-defined and being set to 0.0 in labels with no true nor predicted samples. Use `zero_division` parameter to control this behavior.
  _warn_prf(average, modifier, f"{metric.capitalize()} is", result.shape[0])
/users/fperalta/.conda/envs/geneformer310/lib/python3.10/site-packages/sklearn/metrics/_classification.py:1731: UndefinedMetricWarning: F-score is ill-defined and being set to 0.0 in labels with no true nor predicted samples. Use `zero_division` parameter to control this behavior.
  _warn_prf(average, modifier, f"{metric.capitalize()} is", result.shape[0])
/users/fperalta/.conda/envs/geneformer310/lib/python3.10/site-packages/sklearn/metrics/_classification.py:1731: UndefinedMetricWarning: F-score is ill-defined and being set to 0.0 in labels with no true nor predicted samples. Use `zero_division` parameter to control this behavior.
  _warn_prf(average, modifier, f"{metric.capitalize()} is", result.shape[0])
/users/fperalta/.conda/envs/geneformer310/lib/python3.10/site-packages/sklearn/metrics/_classification.py:1731: UndefinedMetricWarning: F-score is ill-defined and being set to 0.0 in labels with no true nor predicted samples. Use `zero_division` parameter to control this behavior.
  _warn_prf(average, modifier, f"{metric.capitalize()} is", result.shape[0])
/users/fperalta/.conda/envs/geneformer310/lib/python3.10/site-packages/sklearn/metrics/_classification.py:1731: UndefinedMetricWarning: F-score is ill-defined and being set to 0.0 in labels with no true nor predicted samples. Use `zero_division` parameter to control this behavior.
  _warn_prf(average, modifier, f"{metric.capitalize()} is", result.shape[0])
/users/fperalta/.conda/envs/geneformer310/lib/python3.10/site-packages/sklearn/metrics/_classification.py:1731: UndefinedMetricWarning: F-score is ill-defined and being set to 0.0 in labels with no true nor predicted samples. Use `zero_division` parameter to control this behavior.
  _warn_prf(average, modifier, f"{metric.capitalize()} is", result.shape[0])
/users/fperalta/.conda/envs/geneformer310/lib/python3.10/site-packages/sklearn/metrics/_classification.py:1731: UndefinedMetricWarning: F-score is ill-defined and being set to 0.0 in labels with no true nor predicted samples. Use `zero_division` parameter to control this behavior.
  _warn_prf(average, modifier, f"{metric.capitalize()} is", result.shape[0])
/users/fperalta/.conda/envs/geneformer310/lib/python3.10/site-packages/sklearn/metrics/_classification.py:1731: UndefinedMetricWarning: F-score is ill-defined and being set to 0.0 in labels with no true nor predicted samples. Use `zero_division` parameter to control this behavior.
  _warn_prf(average, modifier, f"{metric.capitalize()} is", result.shape[0])
/users/fperalta/.conda/envs/geneformer310/lib/python3.10/site-packages/sklearn/metrics/_classification.py:1731: UndefinedMetricWarning: F-score is ill-defined and being set to 0.0 in labels with no true nor predicted samples. Use `zero_division` parameter to control this behavior.
  _warn_prf(average, modifier, f"{metric.capitalize()} is", result.shape[0])
/users/fperalta/.conda/envs/geneformer310/lib/python3.10/site-packages/sklearn/metrics/_classification.py:1731: UndefinedMetricWarning: F-score is ill-defined and being set to 0.0 in labels with no true nor predicted samples. Use `zero_division` parameter to control this behavior.
  _warn_prf(average, modifier, f"{metric.capitalize()} is", result.shape[0])
/users/fperalta/.conda/envs/geneformer310/lib/python3.10/site-packages/sklearn/metrics/_classification.py:1731: UndefinedMetricWarning: F-score is ill-defined and being set to 0.0 in labels with no true nor predicted samples. Use `zero_division` parameter to control this behavior.
  _warn_prf(average, modifier, f"{metric.capitalize()} is", result.shape[0])
/users/fperalta/.conda/envs/geneformer310/lib/python3.10/site-packages/sklearn/metrics/_classification.py:1731: UndefinedMetricWarning: F-score is ill-defined and being set to 0.0 in labels with no true nor predicted samples. Use `zero_division` parameter to control this behavior.
  _warn_prf(average, modifier, f"{metric.capitalize()} is", result.shape[0])
/users/fperalta/.conda/envs/geneformer310/lib/python3.10/site-packages/sklearn/metrics/_classification.py:1731: UndefinedMetricWarning: F-score is ill-defined and being set to 0.0 in labels with no true nor predicted samples. Use `zero_division` parameter to control this behavior.
  _warn_prf(average, modifier, f"{metric.capitalize()} is", result.shape[0])
/users/fperalta/.conda/envs/geneformer310/lib/python3.10/site-packages/sklearn/metrics/_classification.py:1731: UndefinedMetricWarning: F-score is ill-defined and being set to 0.0 in labels with no true nor predicted samples. Use `zero_division` parameter to control this behavior.
  _warn_prf(average, modifier, f"{metric.capitalize()} is", result.shape[0])
/users/fperalta/.conda/envs/geneformer310/lib/python3.10/site-packages/sklearn/metrics/_classification.py:1731: UndefinedMetricWarning: F-score is ill-defined and being set to 0.0 in labels with no true nor predicted samples. Use `zero_division` parameter to control this behavior.
  _warn_prf(average, modifier, f"{metric.capitalize()} is", result.shape[0])
/users/fperalta/.conda/envs/geneformer310/lib/python3.10/site-packages/sklearn/metrics/_classification.py:1731: UndefinedMetricWarning: F-score is ill-defined and being set to 0.0 in labels with no true nor predicted samples. Use `zero_division` parameter to control this behavior.
  _warn_prf(average, modifier, f"{metric.capitalize()} is", result.shape[0])
/users/fperalta/.conda/envs/geneformer310/lib/python3.10/site-packages/sklearn/metrics/_classification.py:1731: UndefinedMetricWarning: F-score is ill-defined and being set to 0.0 in labels with no true nor predicted samples. Use `zero_division` parameter to control this behavior.
  _warn_prf(average, modifier, f"{metric.capitalize()} is", result.shape[0])
/users/fperalta/.conda/envs/geneformer310/lib/python3.10/site-packages/sklearn/metrics/_classification.py:1731: UndefinedMetricWarning: F-score is ill-defined and being set to 0.0 in labels with no true nor predicted samples. Use `zero_division` parameter to control this behavior.
  _warn_prf(average, modifier, f"{metric.capitalize()} is", result.shape[0])
/users/fperalta/.conda/envs/geneformer310/lib/python3.10/site-packages/sklearn/metrics/_classification.py:1731: UndefinedMetricWarning: F-score is ill-defined and being set to 0.0 in labels with no true nor predicted samples. Use `zero_division` parameter to control this behavior.
  _warn_prf(average, modifier, f"{metric.capitalize()} is", result.shape[0])
/users/fperalta/.conda/envs/geneformer310/lib/python3.10/site-packages/sklearn/metrics/_classification.py:1731: UndefinedMetricWarning: F-score is ill-defined and being set to 0.0 in labels with no true nor predicted samples. Use `zero_division` parameter to control this behavior.
  _warn_prf(average, modifier, f"{metric.capitalize()} is", result.shape[0])
/users/fperalta/.conda/envs/geneformer310/lib/python3.10/site-packages/sklearn/metrics/_classification.py:1731: UndefinedMetricWarning: F-score is ill-defined and being set to 0.0 in labels with no true nor predicted samples. Use `zero_division` parameter to control this behavior.
  _warn_prf(average, modifier, f"{metric.capitalize()} is", result.shape[0])
/users/fperalta/.conda/envs/geneformer310/lib/python3.10/site-packages/sklearn/metrics/_classification.py:1731: UndefinedMetricWarning: F-score is ill-defined and being set to 0.0 in labels with no true nor predicted samples. Use `zero_division` parameter to control this behavior.
  _warn_prf(average, modifier, f"{metric.capitalize()} is", result.shape[0])
/users/fperalta/.conda/envs/geneformer310/lib/python3.10/site-packages/sklearn/metrics/_classification.py:1731: UndefinedMetricWarning: F-score is ill-defined and being set to 0.0 in labels with no true nor predicted samples. Use `zero_division` parameter to control this behavior.
  _warn_prf(average, modifier, f"{metric.capitalize()} is", result.shape[0])
/users/fperalta/.conda/envs/geneformer310/lib/python3.10/site-packages/sklearn/metrics/_classification.py:1731: UndefinedMetricWarning: F-score is ill-defined and being set to 0.0 in labels with no true nor predicted samples. Use `zero_division` parameter to control this behavior.
  _warn_prf(average, modifier, f"{metric.capitalize()} is", result.shape[0])
/users/fperalta/.conda/envs/geneformer310/lib/python3.10/site-packages/sklearn/metrics/_classification.py:1731: UndefinedMetricWarning: F-score is ill-defined and being set to 0.0 in labels with no true nor predicted samples. Use `zero_division` parameter to control this behavior.
  _warn_prf(average, modifier, f"{metric.capitalize()} is", result.shape[0])
/users/fperalta/.conda/envs/geneformer310/lib/python3.10/site-packages/sklearn/metrics/_classification.py:1731: UndefinedMetricWarning: F-score is ill-defined and being set to 0.0 in labels with no true nor predicted samples. Use `zero_division` parameter to control this behavior.
  _warn_prf(average, modifier, f"{metric.capitalize()} is", result.shape[0])
/users/fperalta/.conda/envs/geneformer310/lib/python3.10/site-packages/sklearn/metrics/_classification.py:1731: UndefinedMetricWarning: F-score is ill-defined and being set to 0.0 in labels with no true nor predicted samples. Use `zero_division` parameter to control this behavior.
  _warn_prf(average, modifier, f"{metric.capitalize()} is", result.shape[0])
/users/fperalta/.conda/envs/geneformer310/lib/python3.10/site-packages/sklearn/metrics/_classification.py:1731: UndefinedMetricWarning: F-score is ill-defined and being set to 0.0 in labels with no true nor predicted samples. Use `zero_division` parameter to control this behavior.
  _warn_prf(average, modifier, f"{metric.capitalize()} is", result.shape[0])
/users/fperalta/.conda/envs/geneformer310/lib/python3.10/site-packages/sklearn/metrics/_classification.py:1731: UndefinedMetricWarning: F-score is ill-defined and being set to 0.0 in labels with no true nor predicted samples. Use `zero_division` parameter to control this behavior.
  _warn_prf(average, modifier, f"{metric.capitalize()} is", result.shape[0])
/users/fperalta/.conda/envs/geneformer310/lib/python3.10/site-packages/sklearn/metrics/_classification.py:1731: UndefinedMetricWarning: F-score is ill-defined and being set to 0.0 in labels with no true nor predicted samples. Use `zero_division` parameter to control this behavior.
  _warn_prf(average, modifier, f"{metric.capitalize()} is", result.shape[0])
/users/fperalta/.conda/envs/geneformer310/lib/python3.10/site-packages/sklearn/metrics/_classification.py:1731: UndefinedMetricWarning: F-score is ill-defined and being set to 0.0 in labels with no true nor predicted samples. Use `zero_division` parameter to control this behavior.
  _warn_prf(average, modifier, f"{metric.capitalize()} is", result.shape[0])
/users/fperalta/.conda/envs/geneformer310/lib/python3.10/site-packages/sklearn/metrics/_classification.py:1731: UndefinedMetricWarning: F-score is ill-defined and being set to 0.0 in labels with no true nor predicted samples. Use `zero_division` parameter to control this behavior.
  _warn_prf(average, modifier, f"{metric.capitalize()} is", result.shape[0])
/users/fperalta/.conda/envs/geneformer310/lib/python3.10/site-packages/sklearn/metrics/_classification.py:1731: UndefinedMetricWarning: F-score is ill-defined and being set to 0.0 in labels with no true nor predicted samples. Use `zero_division` parameter to control this behavior.
  _warn_prf(average, modifier, f"{metric.capitalize()} is", result.shape[0])
/users/fperalta/.conda/envs/geneformer310/lib/python3.10/site-packages/sklearn/metrics/_classification.py:1731: UndefinedMetricWarning: F-score is ill-defined and being set to 0.0 in labels with no true nor predicted samples. Use `zero_division` parameter to control this behavior.
  _warn_prf(average, modifier, f"{metric.capitalize()} is", result.shape[0])
/users/fperalta/.conda/envs/geneformer310/lib/python3.10/site-packages/sklearn/metrics/_classification.py:1731: UndefinedMetricWarning: F-score is ill-defined and being set to 0.0 in labels with no true nor predicted samples. Use `zero_division` parameter to control this behavior.
  _warn_prf(average, modifier, f"{metric.capitalize()} is", result.shape[0])
/users/fperalta/.conda/envs/geneformer310/lib/python3.10/site-packages/sklearn/metrics/_classification.py:1731: UndefinedMetricWarning: F-score is ill-defined and being set to 0.0 in labels with no true nor predicted samples. Use `zero_division` parameter to control this behavior.
  _warn_prf(average, modifier, f"{metric.capitalize()} is", result.shape[0])
/users/fperalta/.conda/envs/geneformer310/lib/python3.10/site-packages/sklearn/metrics/_classification.py:1731: UndefinedMetricWarning: F-score is ill-defined and being set to 0.0 in labels with no true nor predicted samples. Use `zero_division` parameter to control this behavior.
  _warn_prf(average, modifier, f"{metric.capitalize()} is", result.shape[0])
/users/fperalta/.conda/envs/geneformer310/lib/python3.10/site-packages/sklearn/metrics/_classification.py:1731: UndefinedMetricWarning: F-score is ill-defined and being set to 0.0 in labels with no true nor predicted samples. Use `zero_division` parameter to control this behavior.
  _warn_prf(average, modifier, f"{metric.capitalize()} is", result.shape[0])
/users/fperalta/.conda/envs/geneformer310/lib/python3.10/site-packages/sklearn/metrics/_classification.py:1731: UndefinedMetricWarning: F-score is ill-defined and being set to 0.0 in labels with no true nor predicted samples. Use `zero_division` parameter to control this behavior.
  _warn_prf(average, modifier, f"{metric.capitalize()} is", result.shape[0])
/users/fperalta/.conda/envs/geneformer310/lib/python3.10/site-packages/sklearn/metrics/_classification.py:1731: UndefinedMetricWarning: F-score is ill-defined and being set to 0.0 in labels with no true nor predicted samples. Use `zero_division` parameter to control this behavior.
  _warn_prf(average, modifier, f"{metric.capitalize()} is", result.shape[0])
/users/fperalta/.conda/envs/geneformer310/lib/python3.10/site-packages/sklearn/metrics/_classification.py:1731: UndefinedMetricWarning: F-score is ill-defined and being set to 0.0 in labels with no true nor predicted samples. Use `zero_division` parameter to control this behavior.
  _warn_prf(average, modifier, f"{metric.capitalize()} is", result.shape[0])
/users/fperalta/.conda/envs/geneformer310/lib/python3.10/site-packages/sklearn/metrics/_classification.py:1731: UndefinedMetricWarning: F-score is ill-defined and being set to 0.0 in labels with no true nor predicted samples. Use `zero_division` parameter to control this behavior.
  _warn_prf(average, modifier, f"{metric.capitalize()} is", result.shape[0])
/users/fperalta/.conda/envs/geneformer310/lib/python3.10/site-packages/sklearn/metrics/_classification.py:1731: UndefinedMetricWarning: F-score is ill-defined and being set to 0.0 in labels with no true nor predicted samples. Use `zero_division` parameter to control this behavior.
  _warn_prf(average, modifier, f"{metric.capitalize()} is", result.shape[0])
/users/fperalta/.conda/envs/geneformer310/lib/python3.10/site-packages/sklearn/metrics/_classification.py:1731: UndefinedMetricWarning: F-score is ill-defined and being set to 0.0 in labels with no true nor predicted samples. Use `zero_division` parameter to control this behavior.
  _warn_prf(average, modifier, f"{metric.capitalize()} is", result.shape[0])
/users/fperalta/.conda/envs/geneformer310/lib/python3.10/site-packages/sklearn/metrics/_classification.py:1731: UndefinedMetricWarning: F-score is ill-defined and being set to 0.0 in labels with no true nor predicted samples. Use `zero_division` parameter to control this behavior.
  _warn_prf(average, modifier, f"{metric.capitalize()} is", result.shape[0])
/users/fperalta/.conda/envs/geneformer310/lib/python3.10/site-packages/sklearn/metrics/_classification.py:1731: UndefinedMetricWarning: F-score is ill-defined and being set to 0.0 in labels with no true nor predicted samples. Use `zero_division` parameter to control this behavior.
  _warn_prf(average, modifier, f"{metric.capitalize()} is", result.shape[0])
/users/fperalta/.conda/envs/geneformer310/lib/python3.10/site-packages/sklearn/metrics/_classification.py:1731: UndefinedMetricWarning: F-score is ill-defined and being set to 0.0 in labels with no true nor predicted samples. Use `zero_division` parameter to control this behavior.
  _warn_prf(average, modifier, f"{metric.capitalize()} is", result.shape[0])
/users/fperalta/.conda/envs/geneformer310/lib/python3.10/site-packages/sklearn/metrics/_classification.py:1731: UndefinedMetricWarning: F-score is ill-defined and being set to 0.0 in labels with no true nor predicted samples. Use `zero_division` parameter to control this behavior.
  _warn_prf(average, modifier, f"{metric.capitalize()} is", result.shape[0])
/users/fperalta/.conda/envs/geneformer310/lib/python3.10/site-packages/sklearn/metrics/_classification.py:1731: UndefinedMetricWarning: F-score is ill-defined and being set to 0.0 in labels with no true nor predicted samples. Use `zero_division` parameter to control this behavior.
  _warn_prf(average, modifier, f"{metric.capitalize()} is", result.shape[0])
/users/fperalta/.conda/envs/geneformer310/lib/python3.10/site-packages/sklearn/metrics/_classification.py:1731: UndefinedMetricWarning: F-score is ill-defined and being set to 0.0 in labels with no true nor predicted samples. Use `zero_division` parameter to control this behavior.
  _warn_prf(average, modifier, f"{metric.capitalize()} is", result.shape[0])
/users/fperalta/.conda/envs/geneformer310/lib/python3.10/site-packages/sklearn/metrics/_classification.py:1731: UndefinedMetricWarning: F-score is ill-defined and being set to 0.0 in labels with no true nor predicted samples. Use `zero_division` parameter to control this behavior.
  _warn_prf(average, modifier, f"{metric.capitalize()} is", result.shape[0])
/users/fperalta/.conda/envs/geneformer310/lib/python3.10/site-packages/sklearn/metrics/_classification.py:1731: UndefinedMetricWarning: F-score is ill-defined and being set to 0.0 in labels with no true nor predicted samples. Use `zero_division` parameter to control this behavior.
  _warn_prf(average, modifier, f"{metric.capitalize()} is", result.shape[0])
/users/fperalta/.conda/envs/geneformer310/lib/python3.10/site-packages/sklearn/metrics/_classification.py:1731: UndefinedMetricWarning: F-score is ill-defined and being set to 0.0 in labels with no true nor predicted samples. Use `zero_division` parameter to control this behavior.
  _warn_prf(average, modifier, f"{metric.capitalize()} is", result.shape[0])
/users/fperalta/.conda/envs/geneformer310/lib/python3.10/site-packages/sklearn/metrics/_classification.py:1731: UndefinedMetricWarning: F-score is ill-defined and being set to 0.0 in labels with no true nor predicted samples. Use `zero_division` parameter to control this behavior.
  _warn_prf(average, modifier, f"{metric.capitalize()} is", result.shape[0])
/users/fperalta/.conda/envs/geneformer310/lib/python3.10/site-packages/sklearn/metrics/_classification.py:1731: UndefinedMetricWarning: F-score is ill-defined and being set to 0.0 in labels with no true nor predicted samples. Use `zero_division` parameter to control this behavior.
  _warn_prf(average, modifier, f"{metric.capitalize()} is", result.shape[0])
/users/fperalta/.conda/envs/geneformer310/lib/python3.10/site-packages/sklearn/metrics/_classification.py:1731: UndefinedMetricWarning: F-score is ill-defined and being set to 0.0 in labels with no true nor predicted samples. Use `zero_division` parameter to control this behavior.
  _warn_prf(average, modifier, f"{metric.capitalize()} is", result.shape[0])
/users/fperalta/.conda/envs/geneformer310/lib/python3.10/site-packages/sklearn/metrics/_classification.py:1731: UndefinedMetricWarning: F-score is ill-defined and being set to 0.0 in labels with no true nor predicted samples. Use `zero_division` parameter to control this behavior.
  _warn_prf(average, modifier, f"{metric.capitalize()} is", result.shape[0])
/users/fperalta/.conda/envs/geneformer310/lib/python3.10/site-packages/sklearn/metrics/_classification.py:1731: UndefinedMetricWarning: F-score is ill-defined and being set to 0.0 in labels with no true nor predicted samples. Use `zero_division` parameter to control this behavior.
  _warn_prf(average, modifier, f"{metric.capitalize()} is", result.shape[0])
/users/fperalta/.conda/envs/geneformer310/lib/python3.10/site-packages/sklearn/metrics/_classification.py:1731: UndefinedMetricWarning: F-score is ill-defined and being set to 0.0 in labels with no true nor predicted samples. Use `zero_division` parameter to control this behavior.
  _warn_prf(average, modifier, f"{metric.capitalize()} is", result.shape[0])
/users/fperalta/.conda/envs/geneformer310/lib/python3.10/site-packages/sklearn/metrics/_classification.py:1731: UndefinedMetricWarning: F-score is ill-defined and being set to 0.0 in labels with no true nor predicted samples. Use `zero_division` parameter to control this behavior.
  _warn_prf(average, modifier, f"{metric.capitalize()} is", result.shape[0])
/users/fperalta/.conda/envs/geneformer310/lib/python3.10/site-packages/sklearn/metrics/_classification.py:1731: UndefinedMetricWarning: F-score is ill-defined and being set to 0.0 in labels with no true nor predicted samples. Use `zero_division` parameter to control this behavior.
  _warn_prf(average, modifier, f"{metric.capitalize()} is", result.shape[0])
/users/fperalta/.conda/envs/geneformer310/lib/python3.10/site-packages/sklearn/metrics/_classification.py:1731: UndefinedMetricWarning: F-score is ill-defined and being set to 0.0 in labels with no true nor predicted samples. Use `zero_division` parameter to control this behavior.
  _warn_prf(average, modifier, f"{metric.capitalize()} is", result.shape[0])
/users/fperalta/.conda/envs/geneformer310/lib/python3.10/site-packages/sklearn/metrics/_classification.py:1731: UndefinedMetricWarning: F-score is ill-defined and being set to 0.0 in labels with no true nor predicted samples. Use `zero_division` parameter to control this behavior.
  _warn_prf(average, modifier, f"{metric.capitalize()} is", result.shape[0])
/users/fperalta/.conda/envs/geneformer310/lib/python3.10/site-packages/sklearn/metrics/_classification.py:1731: UndefinedMetricWarning: F-score is ill-defined and being set to 0.0 in labels with no true nor predicted samples. Use `zero_division` parameter to control this behavior.
  _warn_prf(average, modifier, f"{metric.capitalize()} is", result.shape[0])
/users/fperalta/.conda/envs/geneformer310/lib/python3.10/site-packages/sklearn/metrics/_classification.py:1731: UndefinedMetricWarning: F-score is ill-defined and being set to 0.0 in labels with no true nor predicted samples. Use `zero_division` parameter to control this behavior.
  _warn_prf(average, modifier, f"{metric.capitalize()} is", result.shape[0])
/users/fperalta/.conda/envs/geneformer310/lib/python3.10/site-packages/sklearn/metrics/_classification.py:1731: UndefinedMetricWarning: F-score is ill-defined and being set to 0.0 in labels with no true nor predicted samples. Use `zero_division` parameter to control this behavior.
  _warn_prf(average, modifier, f"{metric.capitalize()} is", result.shape[0])
/users/fperalta/.conda/envs/geneformer310/lib/python3.10/site-packages/sklearn/metrics/_classification.py:1731: UndefinedMetricWarning: F-score is ill-defined and being set to 0.0 in labels with no true nor predicted samples. Use `zero_division` parameter to control this behavior.
  _warn_prf(average, modifier, f"{metric.capitalize()} is", result.shape[0])
/users/fperalta/.conda/envs/geneformer310/lib/python3.10/site-packages/sklearn/metrics/_classification.py:1731: UndefinedMetricWarning: F-score is ill-defined and being set to 0.0 in labels with no true nor predicted samples. Use `zero_division` parameter to control this behavior.
  _warn_prf(average, modifier, f"{metric.capitalize()} is", result.shape[0])
/users/fperalta/.conda/envs/geneformer310/lib/python3.10/site-packages/sklearn/metrics/_classification.py:1731: UndefinedMetricWarning: F-score is ill-defined and being set to 0.0 in labels with no true nor predicted samples. Use `zero_division` parameter to control this behavior.
  _warn_prf(average, modifier, f"{metric.capitalize()} is", result.shape[0])
/users/fperalta/.conda/envs/geneformer310/lib/python3.10/site-packages/sklearn/metrics/_classification.py:1731: UndefinedMetricWarning: F-score is ill-defined and being set to 0.0 in labels with no true nor predicted samples. Use `zero_division` parameter to control this behavior.
  _warn_prf(average, modifier, f"{metric.capitalize()} is", result.shape[0])
/users/fperalta/.conda/envs/geneformer310/lib/python3.10/site-packages/sklearn/metrics/_classification.py:1731: UndefinedMetricWarning: F-score is ill-defined and being set to 0.0 in labels with no true nor predicted samples. Use `zero_division` parameter to control this behavior.
  _warn_prf(average, modifier, f"{metric.capitalize()} is", result.shape[0])
/users/fperalta/.conda/envs/geneformer310/lib/python3.10/site-packages/sklearn/metrics/_classification.py:1731: UndefinedMetricWarning: F-score is ill-defined and being set to 0.0 in labels with no true nor predicted samples. Use `zero_division` parameter to control this behavior.
  _warn_prf(average, modifier, f"{metric.capitalize()} is", result.shape[0])
/users/fperalta/.conda/envs/geneformer310/lib/python3.10/site-packages/sklearn/metrics/_classification.py:1731: UndefinedMetricWarning: F-score is ill-defined and being set to 0.0 in labels with no true nor predicted samples. Use `zero_division` parameter to control this behavior.
  _warn_prf(average, modifier, f"{metric.capitalize()} is", result.shape[0])
/users/fperalta/.conda/envs/geneformer310/lib/python3.10/site-packages/sklearn/metrics/_classification.py:1731: UndefinedMetricWarning: F-score is ill-defined and being set to 0.0 in labels with no true nor predicted samples. Use `zero_division` parameter to control this behavior.
  _warn_prf(average, modifier, f"{metric.capitalize()} is", result.shape[0])
/users/fperalta/.conda/envs/geneformer310/lib/python3.10/site-packages/sklearn/metrics/_classification.py:1731: UndefinedMetricWarning: F-score is ill-defined and being set to 0.0 in labels with no true nor predicted samples. Use `zero_division` parameter to control this behavior.
  _warn_prf(average, modifier, f"{metric.capitalize()} is", result.shape[0])
/users/fperalta/.conda/envs/geneformer310/lib/python3.10/site-packages/sklearn/metrics/_classification.py:1731: UndefinedMetricWarning: F-score is ill-defined and being set to 0.0 in labels with no true nor predicted samples. Use `zero_division` parameter to control this behavior.
  _warn_prf(average, modifier, f"{metric.capitalize()} is", result.shape[0])
/users/fperalta/.conda/envs/geneformer310/lib/python3.10/site-packages/sklearn/metrics/_classification.py:1731: UndefinedMetricWarning: F-score is ill-defined and being set to 0.0 in labels with no true nor predicted samples. Use `zero_division` parameter to control this behavior.
  _warn_prf(average, modifier, f"{metric.capitalize()} is", result.shape[0])
/users/fperalta/.conda/envs/geneformer310/lib/python3.10/site-packages/sklearn/metrics/_classification.py:1731: UndefinedMetricWarning: F-score is ill-defined and being set to 0.0 in labels with no true nor predicted samples. Use `zero_division` parameter to control this behavior.
  _warn_prf(average, modifier, f"{metric.capitalize()} is", result.shape[0])
/users/fperalta/.conda/envs/geneformer310/lib/python3.10/site-packages/sklearn/metrics/_classification.py:1731: UndefinedMetricWarning: F-score is ill-defined and being set to 0.0 in labels with no true nor predicted samples. Use `zero_division` parameter to control this behavior.
  _warn_prf(average, modifier, f"{metric.capitalize()} is", result.shape[0])
/users/fperalta/.conda/envs/geneformer310/lib/python3.10/site-packages/sklearn/metrics/_classification.py:1731: UndefinedMetricWarning: F-score is ill-defined and being set to 0.0 in labels with no true nor predicted samples. Use `zero_division` parameter to control this behavior.
  _warn_prf(average, modifier, f"{metric.capitalize()} is", result.shape[0])
/users/fperalta/.conda/envs/geneformer310/lib/python3.10/site-packages/sklearn/metrics/_classification.py:1731: UndefinedMetricWarning: F-score is ill-defined and being set to 0.0 in labels with no true nor predicted samples. Use `zero_division` parameter to control this behavior.
  _warn_prf(average, modifier, f"{metric.capitalize()} is", result.shape[0])
/users/fperalta/.conda/envs/geneformer310/lib/python3.10/site-packages/sklearn/metrics/_classification.py:1731: UndefinedMetricWarning: F-score is ill-defined and being set to 0.0 in labels with no true nor predicted samples. Use `zero_division` parameter to control this behavior.
  _warn_prf(average, modifier, f"{metric.capitalize()} is", result.shape[0])
/users/fperalta/.conda/envs/geneformer310/lib/python3.10/site-packages/sklearn/metrics/_classification.py:1731: UndefinedMetricWarning: F-score is ill-defined and being set to 0.0 in labels with no true nor predicted samples. Use `zero_division` parameter to control this behavior.
  _warn_prf(average, modifier, f"{metric.capitalize()} is", result.shape[0])
/users/fperalta/.conda/envs/geneformer310/lib/python3.10/site-packages/sklearn/metrics/_classification.py:1731: UndefinedMetricWarning: F-score is ill-defined and being set to 0.0 in labels with no true nor predicted samples. Use `zero_division` parameter to control this behavior.
  _warn_prf(average, modifier, f"{metric.capitalize()} is", result.shape[0])
/users/fperalta/.conda/envs/geneformer310/lib/python3.10/site-packages/sklearn/metrics/_classification.py:1731: UndefinedMetricWarning: F-score is ill-defined and being set to 0.0 in labels with no true nor predicted samples. Use `zero_division` parameter to control this behavior.
  _warn_prf(average, modifier, f"{metric.capitalize()} is", result.shape[0])
            group  n_cells  n_donors  accuracy  macro_f1  macro_f1_common   ci_low  ci_high
hispanic or latin     1111         2  0.968497  0.808466         0.808466 0.679354 0.977543
 african american      386         3  0.948187  0.865580         0.865580 0.516251 0.867146
            asian      619         2  0.957997  0.884714         0.884714 0.111111 0.884714
european american     6456        18  0.945942  0.908840         0.908840 0.837043 0.923675
worst group: hispanic or latin (common-class macro-F1 0.8085 CI [0.6794,0.9775])
=== geneformer crc P2BU ===
holdout filter: kept 8,572/8,572 eval_donor cells
/users/fperalta/.conda/envs/geneformer310/lib/python3.10/site-packages/geneformer/collator_for_classification.py:649: UserWarning: To copy construct from a tensor, it is recommended to use sourceTensor.clone().detach() or sourceTensor.clone().detach().requires_grad_(True), rather than torch.tensor(sourceTensor).
  batch = {k: torch.tensor(v.clone().detach(), dtype=torch.int64) if isinstance(v, torch.Tensor) else torch.tensor(v, dtype=torch.int64) for k, v in batch.items()}
wrote per-cell predictions: 8,572 rows
/users/fperalta/.conda/envs/geneformer310/lib/python3.10/site-packages/sklearn/metrics/_classification.py:1731: UndefinedMetricWarning: F-score is ill-defined and being set to 0.0 in labels with no true nor predicted samples. Use `zero_division` parameter to control this behavior.
  _warn_prf(average, modifier, f"{metric.capitalize()} is", result.shape[0])
/users/fperalta/.conda/envs/geneformer310/lib/python3.10/site-packages/sklearn/metrics/_classification.py:1731: UndefinedMetricWarning: F-score is ill-defined and being set to 0.0 in labels with no true nor predicted samples. Use `zero_division` parameter to control this behavior.
  _warn_prf(average, modifier, f"{metric.capitalize()} is", result.shape[0])
/users/fperalta/.conda/envs/geneformer310/lib/python3.10/site-packages/sklearn/metrics/_classification.py:1731: UndefinedMetricWarning: F-score is ill-defined and being set to 0.0 in labels with no true nor predicted samples. Use `zero_division` parameter to control this behavior.
  _warn_prf(average, modifier, f"{metric.capitalize()} is", result.shape[0])
/users/fperalta/.conda/envs/geneformer310/lib/python3.10/site-packages/sklearn/metrics/_classification.py:1731: UndefinedMetricWarning: F-score is ill-defined and being set to 0.0 in labels with no true nor predicted samples. Use `zero_division` parameter to control this behavior.
  _warn_prf(average, modifier, f"{metric.capitalize()} is", result.shape[0])
/users/fperalta/.conda/envs/geneformer310/lib/python3.10/site-packages/sklearn/metrics/_classification.py:1731: UndefinedMetricWarning: F-score is ill-defined and being set to 0.0 in labels with no true nor predicted samples. Use `zero_division` parameter to control this behavior.
  _warn_prf(average, modifier, f"{metric.capitalize()} is", result.shape[0])
/users/fperalta/.conda/envs/geneformer310/lib/python3.10/site-packages/sklearn/metrics/_classification.py:1731: UndefinedMetricWarning: F-score is ill-defined and being set to 0.0 in labels with no true nor predicted samples. Use `zero_division` parameter to control this behavior.
  _warn_prf(average, modifier, f"{metric.capitalize()} is", result.shape[0])
/users/fperalta/.conda/envs/geneformer310/lib/python3.10/site-packages/sklearn/metrics/_classification.py:1731: UndefinedMetricWarning: F-score is ill-defined and being set to 0.0 in labels with no true nor predicted samples. Use `zero_division` parameter to control this behavior.
  _warn_prf(average, modifier, f"{metric.capitalize()} is", result.shape[0])
/users/fperalta/.conda/envs/geneformer310/lib/python3.10/site-packages/sklearn/metrics/_classification.py:1731: UndefinedMetricWarning: F-score is ill-defined and being set to 0.0 in labels with no true nor predicted samples. Use `zero_division` parameter to control this behavior.
  _warn_prf(average, modifier, f"{metric.capitalize()} is", result.shape[0])
/users/fperalta/.conda/envs/geneformer310/lib/python3.10/site-packages/sklearn/metrics/_classification.py:1731: UndefinedMetricWarning: F-score is ill-defined and being set to 0.0 in labels with no true nor predicted samples. Use `zero_division` parameter to control this behavior.
  _warn_prf(average, modifier, f"{metric.capitalize()} is", result.shape[0])
/users/fperalta/.conda/envs/geneformer310/lib/python3.10/site-packages/sklearn/metrics/_classification.py:1731: UndefinedMetricWarning: F-score is ill-defined and being set to 0.0 in labels with no true nor predicted samples. Use `zero_division` parameter to control this behavior.
  _warn_prf(average, modifier, f"{metric.capitalize()} is", result.shape[0])
/users/fperalta/.conda/envs/geneformer310/lib/python3.10/site-packages/sklearn/metrics/_classification.py:1731: UndefinedMetricWarning: F-score is ill-defined and being set to 0.0 in labels with no true nor predicted samples. Use `zero_division` parameter to control this behavior.
  _warn_prf(average, modifier, f"{metric.capitalize()} is", result.shape[0])
/users/fperalta/.conda/envs/geneformer310/lib/python3.10/site-packages/sklearn/metrics/_classification.py:1731: UndefinedMetricWarning: F-score is ill-defined and being set to 0.0 in labels with no true nor predicted samples. Use `zero_division` parameter to control this behavior.
  _warn_prf(average, modifier, f"{metric.capitalize()} is", result.shape[0])
/users/fperalta/.conda/envs/geneformer310/lib/python3.10/site-packages/sklearn/metrics/_classification.py:1731: UndefinedMetricWarning: F-score is ill-defined and being set to 0.0 in labels with no true nor predicted samples. Use `zero_division` parameter to control this behavior.
  _warn_prf(average, modifier, f"{metric.capitalize()} is", result.shape[0])
/users/fperalta/.conda/envs/geneformer310/lib/python3.10/site-packages/sklearn/metrics/_classification.py:1731: UndefinedMetricWarning: F-score is ill-defined and being set to 0.0 in labels with no true nor predicted samples. Use `zero_division` parameter to control this behavior.
  _warn_prf(average, modifier, f"{metric.capitalize()} is", result.shape[0])
/users/fperalta/.conda/envs/geneformer310/lib/python3.10/site-packages/sklearn/metrics/_classification.py:1731: UndefinedMetricWarning: F-score is ill-defined and being set to 0.0 in labels with no true nor predicted samples. Use `zero_division` parameter to control this behavior.
  _warn_prf(average, modifier, f"{metric.capitalize()} is", result.shape[0])
/users/fperalta/.conda/envs/geneformer310/lib/python3.10/site-packages/sklearn/metrics/_classification.py:1731: UndefinedMetricWarning: F-score is ill-defined and being set to 0.0 in labels with no true nor predicted samples. Use `zero_division` parameter to control this behavior.
  _warn_prf(average, modifier, f"{metric.capitalize()} is", result.shape[0])
/users/fperalta/.conda/envs/geneformer310/lib/python3.10/site-packages/sklearn/metrics/_classification.py:1731: UndefinedMetricWarning: F-score is ill-defined and being set to 0.0 in labels with no true nor predicted samples. Use `zero_division` parameter to control this behavior.
  _warn_prf(average, modifier, f"{metric.capitalize()} is", result.shape[0])
/users/fperalta/.conda/envs/geneformer310/lib/python3.10/site-packages/sklearn/metrics/_classification.py:1731: UndefinedMetricWarning: F-score is ill-defined and being set to 0.0 in labels with no true nor predicted samples. Use `zero_division` parameter to control this behavior.
  _warn_prf(average, modifier, f"{metric.capitalize()} is", result.shape[0])
/users/fperalta/.conda/envs/geneformer310/lib/python3.10/site-packages/sklearn/metrics/_classification.py:1731: UndefinedMetricWarning: F-score is ill-defined and being set to 0.0 in labels with no true nor predicted samples. Use `zero_division` parameter to control this behavior.
  _warn_prf(average, modifier, f"{metric.capitalize()} is", result.shape[0])
/users/fperalta/.conda/envs/geneformer310/lib/python3.10/site-packages/sklearn/metrics/_classification.py:1731: UndefinedMetricWarning: F-score is ill-defined and being set to 0.0 in labels with no true nor predicted samples. Use `zero_division` parameter to control this behavior.
  _warn_prf(average, modifier, f"{metric.capitalize()} is", result.shape[0])
/users/fperalta/.conda/envs/geneformer310/lib/python3.10/site-packages/sklearn/metrics/_classification.py:1731: UndefinedMetricWarning: F-score is ill-defined and being set to 0.0 in labels with no true nor predicted samples. Use `zero_division` parameter to control this behavior.
  _warn_prf(average, modifier, f"{metric.capitalize()} is", result.shape[0])
/users/fperalta/.conda/envs/geneformer310/lib/python3.10/site-packages/sklearn/metrics/_classification.py:1731: UndefinedMetricWarning: F-score is ill-defined and being set to 0.0 in labels with no true nor predicted samples. Use `zero_division` parameter to control this behavior.
  _warn_prf(average, modifier, f"{metric.capitalize()} is", result.shape[0])
/users/fperalta/.conda/envs/geneformer310/lib/python3.10/site-packages/sklearn/metrics/_classification.py:1731: UndefinedMetricWarning: F-score is ill-defined and being set to 0.0 in labels with no true nor predicted samples. Use `zero_division` parameter to control this behavior.
  _warn_prf(average, modifier, f"{metric.capitalize()} is", result.shape[0])
/users/fperalta/.conda/envs/geneformer310/lib/python3.10/site-packages/sklearn/metrics/_classification.py:1731: UndefinedMetricWarning: F-score is ill-defined and being set to 0.0 in labels with no true nor predicted samples. Use `zero_division` parameter to control this behavior.
  _warn_prf(average, modifier, f"{metric.capitalize()} is", result.shape[0])
/users/fperalta/.conda/envs/geneformer310/lib/python3.10/site-packages/sklearn/metrics/_classification.py:1731: UndefinedMetricWarning: F-score is ill-defined and being set to 0.0 in labels with no true nor predicted samples. Use `zero_division` parameter to control this behavior.
  _warn_prf(average, modifier, f"{metric.capitalize()} is", result.shape[0])
/users/fperalta/.conda/envs/geneformer310/lib/python3.10/site-packages/sklearn/metrics/_classification.py:1731: UndefinedMetricWarning: F-score is ill-defined and being set to 0.0 in labels with no true nor predicted samples. Use `zero_division` parameter to control this behavior.
  _warn_prf(average, modifier, f"{metric.capitalize()} is", result.shape[0])
/users/fperalta/.conda/envs/geneformer310/lib/python3.10/site-packages/sklearn/metrics/_classification.py:1731: UndefinedMetricWarning: F-score is ill-defined and being set to 0.0 in labels with no true nor predicted samples. Use `zero_division` parameter to control this behavior.
  _warn_prf(average, modifier, f"{metric.capitalize()} is", result.shape[0])
/users/fperalta/.conda/envs/geneformer310/lib/python3.10/site-packages/sklearn/metrics/_classification.py:1731: UndefinedMetricWarning: F-score is ill-defined and being set to 0.0 in labels with no true nor predicted samples. Use `zero_division` parameter to control this behavior.
  _warn_prf(average, modifier, f"{metric.capitalize()} is", result.shape[0])
/users/fperalta/.conda/envs/geneformer310/lib/python3.10/site-packages/sklearn/metrics/_classification.py:1731: UndefinedMetricWarning: F-score is ill-defined and being set to 0.0 in labels with no true nor predicted samples. Use `zero_division` parameter to control this behavior.
  _warn_prf(average, modifier, f"{metric.capitalize()} is", result.shape[0])
/users/fperalta/.conda/envs/geneformer310/lib/python3.10/site-packages/sklearn/metrics/_classification.py:1731: UndefinedMetricWarning: F-score is ill-defined and being set to 0.0 in labels with no true nor predicted samples. Use `zero_division` parameter to control this behavior.
  _warn_prf(average, modifier, f"{metric.capitalize()} is", result.shape[0])
/users/fperalta/.conda/envs/geneformer310/lib/python3.10/site-packages/sklearn/metrics/_classification.py:1731: UndefinedMetricWarning: F-score is ill-defined and being set to 0.0 in labels with no true nor predicted samples. Use `zero_division` parameter to control this behavior.
  _warn_prf(average, modifier, f"{metric.capitalize()} is", result.shape[0])
/users/fperalta/.conda/envs/geneformer310/lib/python3.10/site-packages/sklearn/metrics/_classification.py:1731: UndefinedMetricWarning: F-score is ill-defined and being set to 0.0 in labels with no true nor predicted samples. Use `zero_division` parameter to control this behavior.
  _warn_prf(average, modifier, f"{metric.capitalize()} is", result.shape[0])
/users/fperalta/.conda/envs/geneformer310/lib/python3.10/site-packages/sklearn/metrics/_classification.py:1731: UndefinedMetricWarning: F-score is ill-defined and being set to 0.0 in labels with no true nor predicted samples. Use `zero_division` parameter to control this behavior.
  _warn_prf(average, modifier, f"{metric.capitalize()} is", result.shape[0])
/users/fperalta/.conda/envs/geneformer310/lib/python3.10/site-packages/sklearn/metrics/_classification.py:1731: UndefinedMetricWarning: F-score is ill-defined and being set to 0.0 in labels with no true nor predicted samples. Use `zero_division` parameter to control this behavior.
  _warn_prf(average, modifier, f"{metric.capitalize()} is", result.shape[0])
/users/fperalta/.conda/envs/geneformer310/lib/python3.10/site-packages/sklearn/metrics/_classification.py:1731: UndefinedMetricWarning: F-score is ill-defined and being set to 0.0 in labels with no true nor predicted samples. Use `zero_division` parameter to control this behavior.
  _warn_prf(average, modifier, f"{metric.capitalize()} is", result.shape[0])
/users/fperalta/.conda/envs/geneformer310/lib/python3.10/site-packages/sklearn/metrics/_classification.py:1731: UndefinedMetricWarning: F-score is ill-defined and being set to 0.0 in labels with no true nor predicted samples. Use `zero_division` parameter to control this behavior.
  _warn_prf(average, modifier, f"{metric.capitalize()} is", result.shape[0])
/users/fperalta/.conda/envs/geneformer310/lib/python3.10/site-packages/sklearn/metrics/_classification.py:1731: UndefinedMetricWarning: F-score is ill-defined and being set to 0.0 in labels with no true nor predicted samples. Use `zero_division` parameter to control this behavior.
  _warn_prf(average, modifier, f"{metric.capitalize()} is", result.shape[0])
/users/fperalta/.conda/envs/geneformer310/lib/python3.10/site-packages/sklearn/metrics/_classification.py:1731: UndefinedMetricWarning: F-score is ill-defined and being set to 0.0 in labels with no true nor predicted samples. Use `zero_division` parameter to control this behavior.
  _warn_prf(average, modifier, f"{metric.capitalize()} is", result.shape[0])
/users/fperalta/.conda/envs/geneformer310/lib/python3.10/site-packages/sklearn/metrics/_classification.py:1731: UndefinedMetricWarning: F-score is ill-defined and being set to 0.0 in labels with no true nor predicted samples. Use `zero_division` parameter to control this behavior.
  _warn_prf(average, modifier, f"{metric.capitalize()} is", result.shape[0])
/users/fperalta/.conda/envs/geneformer310/lib/python3.10/site-packages/sklearn/metrics/_classification.py:1731: UndefinedMetricWarning: F-score is ill-defined and being set to 0.0 in labels with no true nor predicted samples. Use `zero_division` parameter to control this behavior.
  _warn_prf(average, modifier, f"{metric.capitalize()} is", result.shape[0])
/users/fperalta/.conda/envs/geneformer310/lib/python3.10/site-packages/sklearn/metrics/_classification.py:1731: UndefinedMetricWarning: F-score is ill-defined and being set to 0.0 in labels with no true nor predicted samples. Use `zero_division` parameter to control this behavior.
  _warn_prf(average, modifier, f"{metric.capitalize()} is", result.shape[0])
/users/fperalta/.conda/envs/geneformer310/lib/python3.10/site-packages/sklearn/metrics/_classification.py:1731: UndefinedMetricWarning: F-score is ill-defined and being set to 0.0 in labels with no true nor predicted samples. Use `zero_division` parameter to control this behavior.
  _warn_prf(average, modifier, f"{metric.capitalize()} is", result.shape[0])
/users/fperalta/.conda/envs/geneformer310/lib/python3.10/site-packages/sklearn/metrics/_classification.py:1731: UndefinedMetricWarning: F-score is ill-defined and being set to 0.0 in labels with no true nor predicted samples. Use `zero_division` parameter to control this behavior.
  _warn_prf(average, modifier, f"{metric.capitalize()} is", result.shape[0])
/users/fperalta/.conda/envs/geneformer310/lib/python3.10/site-packages/sklearn/metrics/_classification.py:1731: UndefinedMetricWarning: F-score is ill-defined and being set to 0.0 in labels with no true nor predicted samples. Use `zero_division` parameter to control this behavior.
  _warn_prf(average, modifier, f"{metric.capitalize()} is", result.shape[0])
/users/fperalta/.conda/envs/geneformer310/lib/python3.10/site-packages/sklearn/metrics/_classification.py:1731: UndefinedMetricWarning: F-score is ill-defined and being set to 0.0 in labels with no true nor predicted samples. Use `zero_division` parameter to control this behavior.
  _warn_prf(average, modifier, f"{metric.capitalize()} is", result.shape[0])
/users/fperalta/.conda/envs/geneformer310/lib/python3.10/site-packages/sklearn/metrics/_classification.py:1731: UndefinedMetricWarning: F-score is ill-defined and being set to 0.0 in labels with no true nor predicted samples. Use `zero_division` parameter to control this behavior.
  _warn_prf(average, modifier, f"{metric.capitalize()} is", result.shape[0])
/users/fperalta/.conda/envs/geneformer310/lib/python3.10/site-packages/sklearn/metrics/_classification.py:1731: UndefinedMetricWarning: F-score is ill-defined and being set to 0.0 in labels with no true nor predicted samples. Use `zero_division` parameter to control this behavior.
  _warn_prf(average, modifier, f"{metric.capitalize()} is", result.shape[0])
/users/fperalta/.conda/envs/geneformer310/lib/python3.10/site-packages/sklearn/metrics/_classification.py:1731: UndefinedMetricWarning: F-score is ill-defined and being set to 0.0 in labels with no true nor predicted samples. Use `zero_division` parameter to control this behavior.
  _warn_prf(average, modifier, f"{metric.capitalize()} is", result.shape[0])
/users/fperalta/.conda/envs/geneformer310/lib/python3.10/site-packages/sklearn/metrics/_classification.py:1731: UndefinedMetricWarning: F-score is ill-defined and being set to 0.0 in labels with no true nor predicted samples. Use `zero_division` parameter to control this behavior.
  _warn_prf(average, modifier, f"{metric.capitalize()} is", result.shape[0])
/users/fperalta/.conda/envs/geneformer310/lib/python3.10/site-packages/sklearn/metrics/_classification.py:1731: UndefinedMetricWarning: F-score is ill-defined and being set to 0.0 in labels with no true nor predicted samples. Use `zero_division` parameter to control this behavior.
  _warn_prf(average, modifier, f"{metric.capitalize()} is", result.shape[0])
/users/fperalta/.conda/envs/geneformer310/lib/python3.10/site-packages/sklearn/metrics/_classification.py:1731: UndefinedMetricWarning: F-score is ill-defined and being set to 0.0 in labels with no true nor predicted samples. Use `zero_division` parameter to control this behavior.
  _warn_prf(average, modifier, f"{metric.capitalize()} is", result.shape[0])
/users/fperalta/.conda/envs/geneformer310/lib/python3.10/site-packages/sklearn/metrics/_classification.py:1731: UndefinedMetricWarning: F-score is ill-defined and being set to 0.0 in labels with no true nor predicted samples. Use `zero_division` parameter to control this behavior.
  _warn_prf(average, modifier, f"{metric.capitalize()} is", result.shape[0])
/users/fperalta/.conda/envs/geneformer310/lib/python3.10/site-packages/sklearn/metrics/_classification.py:1731: UndefinedMetricWarning: F-score is ill-defined and being set to 0.0 in labels with no true nor predicted samples. Use `zero_division` parameter to control this behavior.
  _warn_prf(average, modifier, f"{metric.capitalize()} is", result.shape[0])
/users/fperalta/.conda/envs/geneformer310/lib/python3.10/site-packages/sklearn/metrics/_classification.py:1731: UndefinedMetricWarning: F-score is ill-defined and being set to 0.0 in labels with no true nor predicted samples. Use `zero_division` parameter to control this behavior.
  _warn_prf(average, modifier, f"{metric.capitalize()} is", result.shape[0])
/users/fperalta/.conda/envs/geneformer310/lib/python3.10/site-packages/sklearn/metrics/_classification.py:1731: UndefinedMetricWarning: F-score is ill-defined and being set to 0.0 in labels with no true nor predicted samples. Use `zero_division` parameter to control this behavior.
  _warn_prf(average, modifier, f"{metric.capitalize()} is", result.shape[0])
/users/fperalta/.conda/envs/geneformer310/lib/python3.10/site-packages/sklearn/metrics/_classification.py:1731: UndefinedMetricWarning: F-score is ill-defined and being set to 0.0 in labels with no true nor predicted samples. Use `zero_division` parameter to control this behavior.
  _warn_prf(average, modifier, f"{metric.capitalize()} is", result.shape[0])
/users/fperalta/.conda/envs/geneformer310/lib/python3.10/site-packages/sklearn/metrics/_classification.py:1731: UndefinedMetricWarning: F-score is ill-defined and being set to 0.0 in labels with no true nor predicted samples. Use `zero_division` parameter to control this behavior.
  _warn_prf(average, modifier, f"{metric.capitalize()} is", result.shape[0])
/users/fperalta/.conda/envs/geneformer310/lib/python3.10/site-packages/sklearn/metrics/_classification.py:1731: UndefinedMetricWarning: F-score is ill-defined and being set to 0.0 in labels with no true nor predicted samples. Use `zero_division` parameter to control this behavior.
  _warn_prf(average, modifier, f"{metric.capitalize()} is", result.shape[0])
/users/fperalta/.conda/envs/geneformer310/lib/python3.10/site-packages/sklearn/metrics/_classification.py:1731: UndefinedMetricWarning: F-score is ill-defined and being set to 0.0 in labels with no true nor predicted samples. Use `zero_division` parameter to control this behavior.
  _warn_prf(average, modifier, f"{metric.capitalize()} is", result.shape[0])
/users/fperalta/.conda/envs/geneformer310/lib/python3.10/site-packages/sklearn/metrics/_classification.py:1731: UndefinedMetricWarning: F-score is ill-defined and being set to 0.0 in labels with no true nor predicted samples. Use `zero_division` parameter to control this behavior.
  _warn_prf(average, modifier, f"{metric.capitalize()} is", result.shape[0])
/users/fperalta/.conda/envs/geneformer310/lib/python3.10/site-packages/sklearn/metrics/_classification.py:1731: UndefinedMetricWarning: F-score is ill-defined and being set to 0.0 in labels with no true nor predicted samples. Use `zero_division` parameter to control this behavior.
  _warn_prf(average, modifier, f"{metric.capitalize()} is", result.shape[0])
/users/fperalta/.conda/envs/geneformer310/lib/python3.10/site-packages/sklearn/metrics/_classification.py:1731: UndefinedMetricWarning: F-score is ill-defined and being set to 0.0 in labels with no true nor predicted samples. Use `zero_division` parameter to control this behavior.
  _warn_prf(average, modifier, f"{metric.capitalize()} is", result.shape[0])
/users/fperalta/.conda/envs/geneformer310/lib/python3.10/site-packages/sklearn/metrics/_classification.py:1731: UndefinedMetricWarning: F-score is ill-defined and being set to 0.0 in labels with no true nor predicted samples. Use `zero_division` parameter to control this behavior.
  _warn_prf(average, modifier, f"{metric.capitalize()} is", result.shape[0])
/users/fperalta/.conda/envs/geneformer310/lib/python3.10/site-packages/sklearn/metrics/_classification.py:1731: UndefinedMetricWarning: F-score is ill-defined and being set to 0.0 in labels with no true nor predicted samples. Use `zero_division` parameter to control this behavior.
  _warn_prf(average, modifier, f"{metric.capitalize()} is", result.shape[0])
/users/fperalta/.conda/envs/geneformer310/lib/python3.10/site-packages/sklearn/metrics/_classification.py:1731: UndefinedMetricWarning: F-score is ill-defined and being set to 0.0 in labels with no true nor predicted samples. Use `zero_division` parameter to control this behavior.
  _warn_prf(average, modifier, f"{metric.capitalize()} is", result.shape[0])
/users/fperalta/.conda/envs/geneformer310/lib/python3.10/site-packages/sklearn/metrics/_classification.py:1731: UndefinedMetricWarning: F-score is ill-defined and being set to 0.0 in labels with no true nor predicted samples. Use `zero_division` parameter to control this behavior.
  _warn_prf(average, modifier, f"{metric.capitalize()} is", result.shape[0])
/users/fperalta/.conda/envs/geneformer310/lib/python3.10/site-packages/sklearn/metrics/_classification.py:1731: UndefinedMetricWarning: F-score is ill-defined and being set to 0.0 in labels with no true nor predicted samples. Use `zero_division` parameter to control this behavior.
  _warn_prf(average, modifier, f"{metric.capitalize()} is", result.shape[0])
/users/fperalta/.conda/envs/geneformer310/lib/python3.10/site-packages/sklearn/metrics/_classification.py:1731: UndefinedMetricWarning: F-score is ill-defined and being set to 0.0 in labels with no true nor predicted samples. Use `zero_division` parameter to control this behavior.
  _warn_prf(average, modifier, f"{metric.capitalize()} is", result.shape[0])
/users/fperalta/.conda/envs/geneformer310/lib/python3.10/site-packages/sklearn/metrics/_classification.py:1731: UndefinedMetricWarning: F-score is ill-defined and being set to 0.0 in labels with no true nor predicted samples. Use `zero_division` parameter to control this behavior.
  _warn_prf(average, modifier, f"{metric.capitalize()} is", result.shape[0])
/users/fperalta/.conda/envs/geneformer310/lib/python3.10/site-packages/sklearn/metrics/_classification.py:1731: UndefinedMetricWarning: F-score is ill-defined and being set to 0.0 in labels with no true nor predicted samples. Use `zero_division` parameter to control this behavior.
  _warn_prf(average, modifier, f"{metric.capitalize()} is", result.shape[0])
/users/fperalta/.conda/envs/geneformer310/lib/python3.10/site-packages/sklearn/metrics/_classification.py:1731: UndefinedMetricWarning: F-score is ill-defined and being set to 0.0 in labels with no true nor predicted samples. Use `zero_division` parameter to control this behavior.
  _warn_prf(average, modifier, f"{metric.capitalize()} is", result.shape[0])
/users/fperalta/.conda/envs/geneformer310/lib/python3.10/site-packages/sklearn/metrics/_classification.py:1731: UndefinedMetricWarning: F-score is ill-defined and being set to 0.0 in labels with no true nor predicted samples. Use `zero_division` parameter to control this behavior.
  _warn_prf(average, modifier, f"{metric.capitalize()} is", result.shape[0])
/users/fperalta/.conda/envs/geneformer310/lib/python3.10/site-packages/sklearn/metrics/_classification.py:1731: UndefinedMetricWarning: F-score is ill-defined and being set to 0.0 in labels with no true nor predicted samples. Use `zero_division` parameter to control this behavior.
  _warn_prf(average, modifier, f"{metric.capitalize()} is", result.shape[0])
/users/fperalta/.conda/envs/geneformer310/lib/python3.10/site-packages/sklearn/metrics/_classification.py:1731: UndefinedMetricWarning: F-score is ill-defined and being set to 0.0 in labels with no true nor predicted samples. Use `zero_division` parameter to control this behavior.
  _warn_prf(average, modifier, f"{metric.capitalize()} is", result.shape[0])
/users/fperalta/.conda/envs/geneformer310/lib/python3.10/site-packages/sklearn/metrics/_classification.py:1731: UndefinedMetricWarning: F-score is ill-defined and being set to 0.0 in labels with no true nor predicted samples. Use `zero_division` parameter to control this behavior.
  _warn_prf(average, modifier, f"{metric.capitalize()} is", result.shape[0])
/users/fperalta/.conda/envs/geneformer310/lib/python3.10/site-packages/sklearn/metrics/_classification.py:1731: UndefinedMetricWarning: F-score is ill-defined and being set to 0.0 in labels with no true nor predicted samples. Use `zero_division` parameter to control this behavior.
  _warn_prf(average, modifier, f"{metric.capitalize()} is", result.shape[0])
/users/fperalta/.conda/envs/geneformer310/lib/python3.10/site-packages/sklearn/metrics/_classification.py:1731: UndefinedMetricWarning: F-score is ill-defined and being set to 0.0 in labels with no true nor predicted samples. Use `zero_division` parameter to control this behavior.
  _warn_prf(average, modifier, f"{metric.capitalize()} is", result.shape[0])
/users/fperalta/.conda/envs/geneformer310/lib/python3.10/site-packages/sklearn/metrics/_classification.py:1731: UndefinedMetricWarning: F-score is ill-defined and being set to 0.0 in labels with no true nor predicted samples. Use `zero_division` parameter to control this behavior.
  _warn_prf(average, modifier, f"{metric.capitalize()} is", result.shape[0])
/users/fperalta/.conda/envs/geneformer310/lib/python3.10/site-packages/sklearn/metrics/_classification.py:1731: UndefinedMetricWarning: F-score is ill-defined and being set to 0.0 in labels with no true nor predicted samples. Use `zero_division` parameter to control this behavior.
  _warn_prf(average, modifier, f"{metric.capitalize()} is", result.shape[0])
/users/fperalta/.conda/envs/geneformer310/lib/python3.10/site-packages/sklearn/metrics/_classification.py:1731: UndefinedMetricWarning: F-score is ill-defined and being set to 0.0 in labels with no true nor predicted samples. Use `zero_division` parameter to control this behavior.
  _warn_prf(average, modifier, f"{metric.capitalize()} is", result.shape[0])
/users/fperalta/.conda/envs/geneformer310/lib/python3.10/site-packages/sklearn/metrics/_classification.py:1731: UndefinedMetricWarning: F-score is ill-defined and being set to 0.0 in labels with no true nor predicted samples. Use `zero_division` parameter to control this behavior.
  _warn_prf(average, modifier, f"{metric.capitalize()} is", result.shape[0])
/users/fperalta/.conda/envs/geneformer310/lib/python3.10/site-packages/sklearn/metrics/_classification.py:1731: UndefinedMetricWarning: F-score is ill-defined and being set to 0.0 in labels with no true nor predicted samples. Use `zero_division` parameter to control this behavior.
  _warn_prf(average, modifier, f"{metric.capitalize()} is", result.shape[0])
/users/fperalta/.conda/envs/geneformer310/lib/python3.10/site-packages/sklearn/metrics/_classification.py:1731: UndefinedMetricWarning: F-score is ill-defined and being set to 0.0 in labels with no true nor predicted samples. Use `zero_division` parameter to control this behavior.
  _warn_prf(average, modifier, f"{metric.capitalize()} is", result.shape[0])
/users/fperalta/.conda/envs/geneformer310/lib/python3.10/site-packages/sklearn/metrics/_classification.py:1731: UndefinedMetricWarning: F-score is ill-defined and being set to 0.0 in labels with no true nor predicted samples. Use `zero_division` parameter to control this behavior.
  _warn_prf(average, modifier, f"{metric.capitalize()} is", result.shape[0])
/users/fperalta/.conda/envs/geneformer310/lib/python3.10/site-packages/sklearn/metrics/_classification.py:1731: UndefinedMetricWarning: F-score is ill-defined and being set to 0.0 in labels with no true nor predicted samples. Use `zero_division` parameter to control this behavior.
  _warn_prf(average, modifier, f"{metric.capitalize()} is", result.shape[0])
/users/fperalta/.conda/envs/geneformer310/lib/python3.10/site-packages/sklearn/metrics/_classification.py:1731: UndefinedMetricWarning: F-score is ill-defined and being set to 0.0 in labels with no true nor predicted samples. Use `zero_division` parameter to control this behavior.
  _warn_prf(average, modifier, f"{metric.capitalize()} is", result.shape[0])
/users/fperalta/.conda/envs/geneformer310/lib/python3.10/site-packages/sklearn/metrics/_classification.py:1731: UndefinedMetricWarning: F-score is ill-defined and being set to 0.0 in labels with no true nor predicted samples. Use `zero_division` parameter to control this behavior.
  _warn_prf(average, modifier, f"{metric.capitalize()} is", result.shape[0])
/users/fperalta/.conda/envs/geneformer310/lib/python3.10/site-packages/sklearn/metrics/_classification.py:1731: UndefinedMetricWarning: F-score is ill-defined and being set to 0.0 in labels with no true nor predicted samples. Use `zero_division` parameter to control this behavior.
  _warn_prf(average, modifier, f"{metric.capitalize()} is", result.shape[0])
/users/fperalta/.conda/envs/geneformer310/lib/python3.10/site-packages/sklearn/metrics/_classification.py:1731: UndefinedMetricWarning: F-score is ill-defined and being set to 0.0 in labels with no true nor predicted samples. Use `zero_division` parameter to control this behavior.
  _warn_prf(average, modifier, f"{metric.capitalize()} is", result.shape[0])
/users/fperalta/.conda/envs/geneformer310/lib/python3.10/site-packages/sklearn/metrics/_classification.py:1731: UndefinedMetricWarning: F-score is ill-defined and being set to 0.0 in labels with no true nor predicted samples. Use `zero_division` parameter to control this behavior.
  _warn_prf(average, modifier, f"{metric.capitalize()} is", result.shape[0])
/users/fperalta/.conda/envs/geneformer310/lib/python3.10/site-packages/sklearn/metrics/_classification.py:1731: UndefinedMetricWarning: F-score is ill-defined and being set to 0.0 in labels with no true nor predicted samples. Use `zero_division` parameter to control this behavior.
  _warn_prf(average, modifier, f"{metric.capitalize()} is", result.shape[0])
/users/fperalta/.conda/envs/geneformer310/lib/python3.10/site-packages/sklearn/metrics/_classification.py:1731: UndefinedMetricWarning: F-score is ill-defined and being set to 0.0 in labels with no true nor predicted samples. Use `zero_division` parameter to control this behavior.
  _warn_prf(average, modifier, f"{metric.capitalize()} is", result.shape[0])
/users/fperalta/.conda/envs/geneformer310/lib/python3.10/site-packages/sklearn/metrics/_classification.py:1731: UndefinedMetricWarning: F-score is ill-defined and being set to 0.0 in labels with no true nor predicted samples. Use `zero_division` parameter to control this behavior.
  _warn_prf(average, modifier, f"{metric.capitalize()} is", result.shape[0])
/users/fperalta/.conda/envs/geneformer310/lib/python3.10/site-packages/sklearn/metrics/_classification.py:1731: UndefinedMetricWarning: F-score is ill-defined and being set to 0.0 in labels with no true nor predicted samples. Use `zero_division` parameter to control this behavior.
  _warn_prf(average, modifier, f"{metric.capitalize()} is", result.shape[0])
/users/fperalta/.conda/envs/geneformer310/lib/python3.10/site-packages/sklearn/metrics/_classification.py:1731: UndefinedMetricWarning: F-score is ill-defined and being set to 0.0 in labels with no true nor predicted samples. Use `zero_division` parameter to control this behavior.
  _warn_prf(average, modifier, f"{metric.capitalize()} is", result.shape[0])
/users/fperalta/.conda/envs/geneformer310/lib/python3.10/site-packages/sklearn/metrics/_classification.py:1731: UndefinedMetricWarning: F-score is ill-defined and being set to 0.0 in labels with no true nor predicted samples. Use `zero_division` parameter to control this behavior.
  _warn_prf(average, modifier, f"{metric.capitalize()} is", result.shape[0])
/users/fperalta/.conda/envs/geneformer310/lib/python3.10/site-packages/sklearn/metrics/_classification.py:1731: UndefinedMetricWarning: F-score is ill-defined and being set to 0.0 in labels with no true nor predicted samples. Use `zero_division` parameter to control this behavior.
  _warn_prf(average, modifier, f"{metric.capitalize()} is", result.shape[0])
/users/fperalta/.conda/envs/geneformer310/lib/python3.10/site-packages/sklearn/metrics/_classification.py:1731: UndefinedMetricWarning: F-score is ill-defined and being set to 0.0 in labels with no true nor predicted samples. Use `zero_division` parameter to control this behavior.
  _warn_prf(average, modifier, f"{metric.capitalize()} is", result.shape[0])
/users/fperalta/.conda/envs/geneformer310/lib/python3.10/site-packages/sklearn/metrics/_classification.py:1731: UndefinedMetricWarning: F-score is ill-defined and being set to 0.0 in labels with no true nor predicted samples. Use `zero_division` parameter to control this behavior.
  _warn_prf(average, modifier, f"{metric.capitalize()} is", result.shape[0])
/users/fperalta/.conda/envs/geneformer310/lib/python3.10/site-packages/sklearn/metrics/_classification.py:1731: UndefinedMetricWarning: F-score is ill-defined and being set to 0.0 in labels with no true nor predicted samples. Use `zero_division` parameter to control this behavior.
  _warn_prf(average, modifier, f"{metric.capitalize()} is", result.shape[0])
/users/fperalta/.conda/envs/geneformer310/lib/python3.10/site-packages/sklearn/metrics/_classification.py:1731: UndefinedMetricWarning: F-score is ill-defined and being set to 0.0 in labels with no true nor predicted samples. Use `zero_division` parameter to control this behavior.
  _warn_prf(average, modifier, f"{metric.capitalize()} is", result.shape[0])
/users/fperalta/.conda/envs/geneformer310/lib/python3.10/site-packages/sklearn/metrics/_classification.py:1731: UndefinedMetricWarning: F-score is ill-defined and being set to 0.0 in labels with no true nor predicted samples. Use `zero_division` parameter to control this behavior.
  _warn_prf(average, modifier, f"{metric.capitalize()} is", result.shape[0])
/users/fperalta/.conda/envs/geneformer310/lib/python3.10/site-packages/sklearn/metrics/_classification.py:1731: UndefinedMetricWarning: F-score is ill-defined and being set to 0.0 in labels with no true nor predicted samples. Use `zero_division` parameter to control this behavior.
  _warn_prf(average, modifier, f"{metric.capitalize()} is", result.shape[0])
/users/fperalta/.conda/envs/geneformer310/lib/python3.10/site-packages/sklearn/metrics/_classification.py:1731: UndefinedMetricWarning: F-score is ill-defined and being set to 0.0 in labels with no true nor predicted samples. Use `zero_division` parameter to control this behavior.
  _warn_prf(average, modifier, f"{metric.capitalize()} is", result.shape[0])
/users/fperalta/.conda/envs/geneformer310/lib/python3.10/site-packages/sklearn/metrics/_classification.py:1731: UndefinedMetricWarning: F-score is ill-defined and being set to 0.0 in labels with no true nor predicted samples. Use `zero_division` parameter to control this behavior.
  _warn_prf(average, modifier, f"{metric.capitalize()} is", result.shape[0])
/users/fperalta/.conda/envs/geneformer310/lib/python3.10/site-packages/sklearn/metrics/_classification.py:1731: UndefinedMetricWarning: F-score is ill-defined and being set to 0.0 in labels with no true nor predicted samples. Use `zero_division` parameter to control this behavior.
  _warn_prf(average, modifier, f"{metric.capitalize()} is", result.shape[0])
/users/fperalta/.conda/envs/geneformer310/lib/python3.10/site-packages/sklearn/metrics/_classification.py:1731: UndefinedMetricWarning: F-score is ill-defined and being set to 0.0 in labels with no true nor predicted samples. Use `zero_division` parameter to control this behavior.
  _warn_prf(average, modifier, f"{metric.capitalize()} is", result.shape[0])
/users/fperalta/.conda/envs/geneformer310/lib/python3.10/site-packages/sklearn/metrics/_classification.py:1731: UndefinedMetricWarning: F-score is ill-defined and being set to 0.0 in labels with no true nor predicted samples. Use `zero_division` parameter to control this behavior.
  _warn_prf(average, modifier, f"{metric.capitalize()} is", result.shape[0])
/users/fperalta/.conda/envs/geneformer310/lib/python3.10/site-packages/sklearn/metrics/_classification.py:1731: UndefinedMetricWarning: F-score is ill-defined and being set to 0.0 in labels with no true nor predicted samples. Use `zero_division` parameter to control this behavior.
  _warn_prf(average, modifier, f"{metric.capitalize()} is", result.shape[0])
/users/fperalta/.conda/envs/geneformer310/lib/python3.10/site-packages/sklearn/metrics/_classification.py:1731: UndefinedMetricWarning: F-score is ill-defined and being set to 0.0 in labels with no true nor predicted samples. Use `zero_division` parameter to control this behavior.
  _warn_prf(average, modifier, f"{metric.capitalize()} is", result.shape[0])
/users/fperalta/.conda/envs/geneformer310/lib/python3.10/site-packages/sklearn/metrics/_classification.py:1731: UndefinedMetricWarning: F-score is ill-defined and being set to 0.0 in labels with no true nor predicted samples. Use `zero_division` parameter to control this behavior.
  _warn_prf(average, modifier, f"{metric.capitalize()} is", result.shape[0])
/users/fperalta/.conda/envs/geneformer310/lib/python3.10/site-packages/sklearn/metrics/_classification.py:1731: UndefinedMetricWarning: F-score is ill-defined and being set to 0.0 in labels with no true nor predicted samples. Use `zero_division` parameter to control this behavior.
  _warn_prf(average, modifier, f"{metric.capitalize()} is", result.shape[0])
/users/fperalta/.conda/envs/geneformer310/lib/python3.10/site-packages/sklearn/metrics/_classification.py:1731: UndefinedMetricWarning: F-score is ill-defined and being set to 0.0 in labels with no true nor predicted samples. Use `zero_division` parameter to control this behavior.
  _warn_prf(average, modifier, f"{metric.capitalize()} is", result.shape[0])
/users/fperalta/.conda/envs/geneformer310/lib/python3.10/site-packages/sklearn/metrics/_classification.py:1731: UndefinedMetricWarning: F-score is ill-defined and being set to 0.0 in labels with no true nor predicted samples. Use `zero_division` parameter to control this behavior.
  _warn_prf(average, modifier, f"{metric.capitalize()} is", result.shape[0])
/users/fperalta/.conda/envs/geneformer310/lib/python3.10/site-packages/sklearn/metrics/_classification.py:1731: UndefinedMetricWarning: F-score is ill-defined and being set to 0.0 in labels with no true nor predicted samples. Use `zero_division` parameter to control this behavior.
  _warn_prf(average, modifier, f"{metric.capitalize()} is", result.shape[0])
/users/fperalta/.conda/envs/geneformer310/lib/python3.10/site-packages/sklearn/metrics/_classification.py:1731: UndefinedMetricWarning: F-score is ill-defined and being set to 0.0 in labels with no true nor predicted samples. Use `zero_division` parameter to control this behavior.
  _warn_prf(average, modifier, f"{metric.capitalize()} is", result.shape[0])
/users/fperalta/.conda/envs/geneformer310/lib/python3.10/site-packages/sklearn/metrics/_classification.py:1731: UndefinedMetricWarning: F-score is ill-defined and being set to 0.0 in labels with no true nor predicted samples. Use `zero_division` parameter to control this behavior.
  _warn_prf(average, modifier, f"{metric.capitalize()} is", result.shape[0])
/users/fperalta/.conda/envs/geneformer310/lib/python3.10/site-packages/sklearn/metrics/_classification.py:1731: UndefinedMetricWarning: F-score is ill-defined and being set to 0.0 in labels with no true nor predicted samples. Use `zero_division` parameter to control this behavior.
  _warn_prf(average, modifier, f"{metric.capitalize()} is", result.shape[0])
/users/fperalta/.conda/envs/geneformer310/lib/python3.10/site-packages/sklearn/metrics/_classification.py:1731: UndefinedMetricWarning: F-score is ill-defined and being set to 0.0 in labels with no true nor predicted samples. Use `zero_division` parameter to control this behavior.
  _warn_prf(average, modifier, f"{metric.capitalize()} is", result.shape[0])
/users/fperalta/.conda/envs/geneformer310/lib/python3.10/site-packages/sklearn/metrics/_classification.py:1731: UndefinedMetricWarning: F-score is ill-defined and being set to 0.0 in labels with no true nor predicted samples. Use `zero_division` parameter to control this behavior.
  _warn_prf(average, modifier, f"{metric.capitalize()} is", result.shape[0])
/users/fperalta/.conda/envs/geneformer310/lib/python3.10/site-packages/sklearn/metrics/_classification.py:1731: UndefinedMetricWarning: F-score is ill-defined and being set to 0.0 in labels with no true nor predicted samples. Use `zero_division` parameter to control this behavior.
  _warn_prf(average, modifier, f"{metric.capitalize()} is", result.shape[0])
/users/fperalta/.conda/envs/geneformer310/lib/python3.10/site-packages/sklearn/metrics/_classification.py:1731: UndefinedMetricWarning: F-score is ill-defined and being set to 0.0 in labels with no true nor predicted samples. Use `zero_division` parameter to control this behavior.
  _warn_prf(average, modifier, f"{metric.capitalize()} is", result.shape[0])
/users/fperalta/.conda/envs/geneformer310/lib/python3.10/site-packages/sklearn/metrics/_classification.py:1731: UndefinedMetricWarning: F-score is ill-defined and being set to 0.0 in labels with no true nor predicted samples. Use `zero_division` parameter to control this behavior.
  _warn_prf(average, modifier, f"{metric.capitalize()} is", result.shape[0])
/users/fperalta/.conda/envs/geneformer310/lib/python3.10/site-packages/sklearn/metrics/_classification.py:1731: UndefinedMetricWarning: F-score is ill-defined and being set to 0.0 in labels with no true nor predicted samples. Use `zero_division` parameter to control this behavior.
  _warn_prf(average, modifier, f"{metric.capitalize()} is", result.shape[0])
/users/fperalta/.conda/envs/geneformer310/lib/python3.10/site-packages/sklearn/metrics/_classification.py:1731: UndefinedMetricWarning: F-score is ill-defined and being set to 0.0 in labels with no true nor predicted samples. Use `zero_division` parameter to control this behavior.
  _warn_prf(average, modifier, f"{metric.capitalize()} is", result.shape[0])
/users/fperalta/.conda/envs/geneformer310/lib/python3.10/site-packages/sklearn/metrics/_classification.py:1731: UndefinedMetricWarning: F-score is ill-defined and being set to 0.0 in labels with no true nor predicted samples. Use `zero_division` parameter to control this behavior.
  _warn_prf(average, modifier, f"{metric.capitalize()} is", result.shape[0])
/users/fperalta/.conda/envs/geneformer310/lib/python3.10/site-packages/sklearn/metrics/_classification.py:1731: UndefinedMetricWarning: F-score is ill-defined and being set to 0.0 in labels with no true nor predicted samples. Use `zero_division` parameter to control this behavior.
  _warn_prf(average, modifier, f"{metric.capitalize()} is", result.shape[0])
/users/fperalta/.conda/envs/geneformer310/lib/python3.10/site-packages/sklearn/metrics/_classification.py:1731: UndefinedMetricWarning: F-score is ill-defined and being set to 0.0 in labels with no true nor predicted samples. Use `zero_division` parameter to control this behavior.
  _warn_prf(average, modifier, f"{metric.capitalize()} is", result.shape[0])
/users/fperalta/.conda/envs/geneformer310/lib/python3.10/site-packages/sklearn/metrics/_classification.py:1731: UndefinedMetricWarning: F-score is ill-defined and being set to 0.0 in labels with no true nor predicted samples. Use `zero_division` parameter to control this behavior.
  _warn_prf(average, modifier, f"{metric.capitalize()} is", result.shape[0])
/users/fperalta/.conda/envs/geneformer310/lib/python3.10/site-packages/sklearn/metrics/_classification.py:1731: UndefinedMetricWarning: F-score is ill-defined and being set to 0.0 in labels with no true nor predicted samples. Use `zero_division` parameter to control this behavior.
  _warn_prf(average, modifier, f"{metric.capitalize()} is", result.shape[0])
/users/fperalta/.conda/envs/geneformer310/lib/python3.10/site-packages/sklearn/metrics/_classification.py:1731: UndefinedMetricWarning: F-score is ill-defined and being set to 0.0 in labels with no true nor predicted samples. Use `zero_division` parameter to control this behavior.
  _warn_prf(average, modifier, f"{metric.capitalize()} is", result.shape[0])
/users/fperalta/.conda/envs/geneformer310/lib/python3.10/site-packages/sklearn/metrics/_classification.py:1731: UndefinedMetricWarning: F-score is ill-defined and being set to 0.0 in labels with no true nor predicted samples. Use `zero_division` parameter to control this behavior.
  _warn_prf(average, modifier, f"{metric.capitalize()} is", result.shape[0])
/users/fperalta/.conda/envs/geneformer310/lib/python3.10/site-packages/sklearn/metrics/_classification.py:1731: UndefinedMetricWarning: F-score is ill-defined and being set to 0.0 in labels with no true nor predicted samples. Use `zero_division` parameter to control this behavior.
  _warn_prf(average, modifier, f"{metric.capitalize()} is", result.shape[0])
/users/fperalta/.conda/envs/geneformer310/lib/python3.10/site-packages/sklearn/metrics/_classification.py:1731: UndefinedMetricWarning: F-score is ill-defined and being set to 0.0 in labels with no true nor predicted samples. Use `zero_division` parameter to control this behavior.
  _warn_prf(average, modifier, f"{metric.capitalize()} is", result.shape[0])
            group  n_cells  n_donors  accuracy  macro_f1  macro_f1_common   ci_low  ci_high
hispanic or latin     1111         2  0.982898  0.848256         0.848256 0.741489 0.878788
 african american      386         3  0.950777  0.886595         0.886595 0.477037 0.913288
european american     6456        18  0.951673  0.925749         0.925749 0.878089 0.936688
            asian      619         2  0.977383  0.940151         0.940151 0.111111 0.940151
worst group: hispanic or latin (common-class macro-F1 0.8483 CI [0.7415,0.8788])
=== geneformer crc P2DS ===
holdout filter: kept 8,572/8,572 eval_donor cells
/users/fperalta/.conda/envs/geneformer310/lib/python3.10/site-packages/geneformer/collator_for_classification.py:649: UserWarning: To copy construct from a tensor, it is recommended to use sourceTensor.clone().detach() or sourceTensor.clone().detach().requires_grad_(True), rather than torch.tensor(sourceTensor).
  batch = {k: torch.tensor(v.clone().detach(), dtype=torch.int64) if isinstance(v, torch.Tensor) else torch.tensor(v, dtype=torch.int64) for k, v in batch.items()}
wrote per-cell predictions: 8,572 rows
/users/fperalta/.conda/envs/geneformer310/lib/python3.10/site-packages/sklearn/metrics/_classification.py:1731: UndefinedMetricWarning: F-score is ill-defined and being set to 0.0 in labels with no true nor predicted samples. Use `zero_division` parameter to control this behavior.
  _warn_prf(average, modifier, f"{metric.capitalize()} is", result.shape[0])
/users/fperalta/.conda/envs/geneformer310/lib/python3.10/site-packages/sklearn/metrics/_classification.py:1731: UndefinedMetricWarning: F-score is ill-defined and being set to 0.0 in labels with no true nor predicted samples. Use `zero_division` parameter to control this behavior.
  _warn_prf(average, modifier, f"{metric.capitalize()} is", result.shape[0])
/users/fperalta/.conda/envs/geneformer310/lib/python3.10/site-packages/sklearn/metrics/_classification.py:1731: UndefinedMetricWarning: F-score is ill-defined and being set to 0.0 in labels with no true nor predicted samples. Use `zero_division` parameter to control this behavior.
  _warn_prf(average, modifier, f"{metric.capitalize()} is", result.shape[0])
/users/fperalta/.conda/envs/geneformer310/lib/python3.10/site-packages/sklearn/metrics/_classification.py:1731: UndefinedMetricWarning: F-score is ill-defined and being set to 0.0 in labels with no true nor predicted samples. Use `zero_division` parameter to control this behavior.
  _warn_prf(average, modifier, f"{metric.capitalize()} is", result.shape[0])
/users/fperalta/.conda/envs/geneformer310/lib/python3.10/site-packages/sklearn/metrics/_classification.py:1731: UndefinedMetricWarning: F-score is ill-defined and being set to 0.0 in labels with no true nor predicted samples. Use `zero_division` parameter to control this behavior.
  _warn_prf(average, modifier, f"{metric.capitalize()} is", result.shape[0])
/users/fperalta/.conda/envs/geneformer310/lib/python3.10/site-packages/sklearn/metrics/_classification.py:1731: UndefinedMetricWarning: F-score is ill-defined and being set to 0.0 in labels with no true nor predicted samples. Use `zero_division` parameter to control this behavior.
  _warn_prf(average, modifier, f"{metric.capitalize()} is", result.shape[0])
/users/fperalta/.conda/envs/geneformer310/lib/python3.10/site-packages/sklearn/metrics/_classification.py:1731: UndefinedMetricWarning: F-score is ill-defined and being set to 0.0 in labels with no true nor predicted samples. Use `zero_division` parameter to control this behavior.
  _warn_prf(average, modifier, f"{metric.capitalize()} is", result.shape[0])
/users/fperalta/.conda/envs/geneformer310/lib/python3.10/site-packages/sklearn/metrics/_classification.py:1731: UndefinedMetricWarning: F-score is ill-defined and being set to 0.0 in labels with no true nor predicted samples. Use `zero_division` parameter to control this behavior.
  _warn_prf(average, modifier, f"{metric.capitalize()} is", result.shape[0])
/users/fperalta/.conda/envs/geneformer310/lib/python3.10/site-packages/sklearn/metrics/_classification.py:1731: UndefinedMetricWarning: F-score is ill-defined and being set to 0.0 in labels with no true nor predicted samples. Use `zero_division` parameter to control this behavior.
  _warn_prf(average, modifier, f"{metric.capitalize()} is", result.shape[0])
/users/fperalta/.conda/envs/geneformer310/lib/python3.10/site-packages/sklearn/metrics/_classification.py:1731: UndefinedMetricWarning: F-score is ill-defined and being set to 0.0 in labels with no true nor predicted samples. Use `zero_division` parameter to control this behavior.
  _warn_prf(average, modifier, f"{metric.capitalize()} is", result.shape[0])
/users/fperalta/.conda/envs/geneformer310/lib/python3.10/site-packages/sklearn/metrics/_classification.py:1731: UndefinedMetricWarning: F-score is ill-defined and being set to 0.0 in labels with no true nor predicted samples. Use `zero_division` parameter to control this behavior.
  _warn_prf(average, modifier, f"{metric.capitalize()} is", result.shape[0])
/users/fperalta/.conda/envs/geneformer310/lib/python3.10/site-packages/sklearn/metrics/_classification.py:1731: UndefinedMetricWarning: F-score is ill-defined and being set to 0.0 in labels with no true nor predicted samples. Use `zero_division` parameter to control this behavior.
  _warn_prf(average, modifier, f"{metric.capitalize()} is", result.shape[0])
/users/fperalta/.conda/envs/geneformer310/lib/python3.10/site-packages/sklearn/metrics/_classification.py:1731: UndefinedMetricWarning: F-score is ill-defined and being set to 0.0 in labels with no true nor predicted samples. Use `zero_division` parameter to control this behavior.
  _warn_prf(average, modifier, f"{metric.capitalize()} is", result.shape[0])
/users/fperalta/.conda/envs/geneformer310/lib/python3.10/site-packages/sklearn/metrics/_classification.py:1731: UndefinedMetricWarning: F-score is ill-defined and being set to 0.0 in labels with no true nor predicted samples. Use `zero_division` parameter to control this behavior.
  _warn_prf(average, modifier, f"{metric.capitalize()} is", result.shape[0])
/users/fperalta/.conda/envs/geneformer310/lib/python3.10/site-packages/sklearn/metrics/_classification.py:1731: UndefinedMetricWarning: F-score is ill-defined and being set to 0.0 in labels with no true nor predicted samples. Use `zero_division` parameter to control this behavior.
  _warn_prf(average, modifier, f"{metric.capitalize()} is", result.shape[0])
/users/fperalta/.conda/envs/geneformer310/lib/python3.10/site-packages/sklearn/metrics/_classification.py:1731: UndefinedMetricWarning: F-score is ill-defined and being set to 0.0 in labels with no true nor predicted samples. Use `zero_division` parameter to control this behavior.
  _warn_prf(average, modifier, f"{metric.capitalize()} is", result.shape[0])
/users/fperalta/.conda/envs/geneformer310/lib/python3.10/site-packages/sklearn/metrics/_classification.py:1731: UndefinedMetricWarning: F-score is ill-defined and being set to 0.0 in labels with no true nor predicted samples. Use `zero_division` parameter to control this behavior.
  _warn_prf(average, modifier, f"{metric.capitalize()} is", result.shape[0])
/users/fperalta/.conda/envs/geneformer310/lib/python3.10/site-packages/sklearn/metrics/_classification.py:1731: UndefinedMetricWarning: F-score is ill-defined and being set to 0.0 in labels with no true nor predicted samples. Use `zero_division` parameter to control this behavior.
  _warn_prf(average, modifier, f"{metric.capitalize()} is", result.shape[0])
/users/fperalta/.conda/envs/geneformer310/lib/python3.10/site-packages/sklearn/metrics/_classification.py:1731: UndefinedMetricWarning: F-score is ill-defined and being set to 0.0 in labels with no true nor predicted samples. Use `zero_division` parameter to control this behavior.
  _warn_prf(average, modifier, f"{metric.capitalize()} is", result.shape[0])
/users/fperalta/.conda/envs/geneformer310/lib/python3.10/site-packages/sklearn/metrics/_classification.py:1731: UndefinedMetricWarning: F-score is ill-defined and being set to 0.0 in labels with no true nor predicted samples. Use `zero_division` parameter to control this behavior.
  _warn_prf(average, modifier, f"{metric.capitalize()} is", result.shape[0])
/users/fperalta/.conda/envs/geneformer310/lib/python3.10/site-packages/sklearn/metrics/_classification.py:1731: UndefinedMetricWarning: F-score is ill-defined and being set to 0.0 in labels with no true nor predicted samples. Use `zero_division` parameter to control this behavior.
  _warn_prf(average, modifier, f"{metric.capitalize()} is", result.shape[0])
/users/fperalta/.conda/envs/geneformer310/lib/python3.10/site-packages/sklearn/metrics/_classification.py:1731: UndefinedMetricWarning: F-score is ill-defined and being set to 0.0 in labels with no true nor predicted samples. Use `zero_division` parameter to control this behavior.
  _warn_prf(average, modifier, f"{metric.capitalize()} is", result.shape[0])
/users/fperalta/.conda/envs/geneformer310/lib/python3.10/site-packages/sklearn/metrics/_classification.py:1731: UndefinedMetricWarning: F-score is ill-defined and being set to 0.0 in labels with no true nor predicted samples. Use `zero_division` parameter to control this behavior.
  _warn_prf(average, modifier, f"{metric.capitalize()} is", result.shape[0])
/users/fperalta/.conda/envs/geneformer310/lib/python3.10/site-packages/sklearn/metrics/_classification.py:1731: UndefinedMetricWarning: F-score is ill-defined and being set to 0.0 in labels with no true nor predicted samples. Use `zero_division` parameter to control this behavior.
  _warn_prf(average, modifier, f"{metric.capitalize()} is", result.shape[0])
/users/fperalta/.conda/envs/geneformer310/lib/python3.10/site-packages/sklearn/metrics/_classification.py:1731: UndefinedMetricWarning: F-score is ill-defined and being set to 0.0 in labels with no true nor predicted samples. Use `zero_division` parameter to control this behavior.
  _warn_prf(average, modifier, f"{metric.capitalize()} is", result.shape[0])
/users/fperalta/.conda/envs/geneformer310/lib/python3.10/site-packages/sklearn/metrics/_classification.py:1731: UndefinedMetricWarning: F-score is ill-defined and being set to 0.0 in labels with no true nor predicted samples. Use `zero_division` parameter to control this behavior.
  _warn_prf(average, modifier, f"{metric.capitalize()} is", result.shape[0])
/users/fperalta/.conda/envs/geneformer310/lib/python3.10/site-packages/sklearn/metrics/_classification.py:1731: UndefinedMetricWarning: F-score is ill-defined and being set to 0.0 in labels with no true nor predicted samples. Use `zero_division` parameter to control this behavior.
  _warn_prf(average, modifier, f"{metric.capitalize()} is", result.shape[0])
/users/fperalta/.conda/envs/geneformer310/lib/python3.10/site-packages/sklearn/metrics/_classification.py:1731: UndefinedMetricWarning: F-score is ill-defined and being set to 0.0 in labels with no true nor predicted samples. Use `zero_division` parameter to control this behavior.
  _warn_prf(average, modifier, f"{metric.capitalize()} is", result.shape[0])
/users/fperalta/.conda/envs/geneformer310/lib/python3.10/site-packages/sklearn/metrics/_classification.py:1731: UndefinedMetricWarning: F-score is ill-defined and being set to 0.0 in labels with no true nor predicted samples. Use `zero_division` parameter to control this behavior.
  _warn_prf(average, modifier, f"{metric.capitalize()} is", result.shape[0])
/users/fperalta/.conda/envs/geneformer310/lib/python3.10/site-packages/sklearn/metrics/_classification.py:1731: UndefinedMetricWarning: F-score is ill-defined and being set to 0.0 in labels with no true nor predicted samples. Use `zero_division` parameter to control this behavior.
  _warn_prf(average, modifier, f"{metric.capitalize()} is", result.shape[0])
/users/fperalta/.conda/envs/geneformer310/lib/python3.10/site-packages/sklearn/metrics/_classification.py:1731: UndefinedMetricWarning: F-score is ill-defined and being set to 0.0 in labels with no true nor predicted samples. Use `zero_division` parameter to control this behavior.
  _warn_prf(average, modifier, f"{metric.capitalize()} is", result.shape[0])
/users/fperalta/.conda/envs/geneformer310/lib/python3.10/site-packages/sklearn/metrics/_classification.py:1731: UndefinedMetricWarning: F-score is ill-defined and being set to 0.0 in labels with no true nor predicted samples. Use `zero_division` parameter to control this behavior.
  _warn_prf(average, modifier, f"{metric.capitalize()} is", result.shape[0])
/users/fperalta/.conda/envs/geneformer310/lib/python3.10/site-packages/sklearn/metrics/_classification.py:1731: UndefinedMetricWarning: F-score is ill-defined and being set to 0.0 in labels with no true nor predicted samples. Use `zero_division` parameter to control this behavior.
  _warn_prf(average, modifier, f"{metric.capitalize()} is", result.shape[0])
/users/fperalta/.conda/envs/geneformer310/lib/python3.10/site-packages/sklearn/metrics/_classification.py:1731: UndefinedMetricWarning: F-score is ill-defined and being set to 0.0 in labels with no true nor predicted samples. Use `zero_division` parameter to control this behavior.
  _warn_prf(average, modifier, f"{metric.capitalize()} is", result.shape[0])
/users/fperalta/.conda/envs/geneformer310/lib/python3.10/site-packages/sklearn/metrics/_classification.py:1731: UndefinedMetricWarning: F-score is ill-defined and being set to 0.0 in labels with no true nor predicted samples. Use `zero_division` parameter to control this behavior.
  _warn_prf(average, modifier, f"{metric.capitalize()} is", result.shape[0])
/users/fperalta/.conda/envs/geneformer310/lib/python3.10/site-packages/sklearn/metrics/_classification.py:1731: UndefinedMetricWarning: F-score is ill-defined and being set to 0.0 in labels with no true nor predicted samples. Use `zero_division` parameter to control this behavior.
  _warn_prf(average, modifier, f"{metric.capitalize()} is", result.shape[0])
/users/fperalta/.conda/envs/geneformer310/lib/python3.10/site-packages/sklearn/metrics/_classification.py:1731: UndefinedMetricWarning: F-score is ill-defined and being set to 0.0 in labels with no true nor predicted samples. Use `zero_division` parameter to control this behavior.
  _warn_prf(average, modifier, f"{metric.capitalize()} is", result.shape[0])
/users/fperalta/.conda/envs/geneformer310/lib/python3.10/site-packages/sklearn/metrics/_classification.py:1731: UndefinedMetricWarning: F-score is ill-defined and being set to 0.0 in labels with no true nor predicted samples. Use `zero_division` parameter to control this behavior.
  _warn_prf(average, modifier, f"{metric.capitalize()} is", result.shape[0])
/users/fperalta/.conda/envs/geneformer310/lib/python3.10/site-packages/sklearn/metrics/_classification.py:1731: UndefinedMetricWarning: F-score is ill-defined and being set to 0.0 in labels with no true nor predicted samples. Use `zero_division` parameter to control this behavior.
  _warn_prf(average, modifier, f"{metric.capitalize()} is", result.shape[0])
/users/fperalta/.conda/envs/geneformer310/lib/python3.10/site-packages/sklearn/metrics/_classification.py:1731: UndefinedMetricWarning: F-score is ill-defined and being set to 0.0 in labels with no true nor predicted samples. Use `zero_division` parameter to control this behavior.
  _warn_prf(average, modifier, f"{metric.capitalize()} is", result.shape[0])
/users/fperalta/.conda/envs/geneformer310/lib/python3.10/site-packages/sklearn/metrics/_classification.py:1731: UndefinedMetricWarning: F-score is ill-defined and being set to 0.0 in labels with no true nor predicted samples. Use `zero_division` parameter to control this behavior.
  _warn_prf(average, modifier, f"{metric.capitalize()} is", result.shape[0])
/users/fperalta/.conda/envs/geneformer310/lib/python3.10/site-packages/sklearn/metrics/_classification.py:1731: UndefinedMetricWarning: F-score is ill-defined and being set to 0.0 in labels with no true nor predicted samples. Use `zero_division` parameter to control this behavior.
  _warn_prf(average, modifier, f"{metric.capitalize()} is", result.shape[0])
/users/fperalta/.conda/envs/geneformer310/lib/python3.10/site-packages/sklearn/metrics/_classification.py:1731: UndefinedMetricWarning: F-score is ill-defined and being set to 0.0 in labels with no true nor predicted samples. Use `zero_division` parameter to control this behavior.
  _warn_prf(average, modifier, f"{metric.capitalize()} is", result.shape[0])
/users/fperalta/.conda/envs/geneformer310/lib/python3.10/site-packages/sklearn/metrics/_classification.py:1731: UndefinedMetricWarning: F-score is ill-defined and being set to 0.0 in labels with no true nor predicted samples. Use `zero_division` parameter to control this behavior.
  _warn_prf(average, modifier, f"{metric.capitalize()} is", result.shape[0])
/users/fperalta/.conda/envs/geneformer310/lib/python3.10/site-packages/sklearn/metrics/_classification.py:1731: UndefinedMetricWarning: F-score is ill-defined and being set to 0.0 in labels with no true nor predicted samples. Use `zero_division` parameter to control this behavior.
  _warn_prf(average, modifier, f"{metric.capitalize()} is", result.shape[0])
/users/fperalta/.conda/envs/geneformer310/lib/python3.10/site-packages/sklearn/metrics/_classification.py:1731: UndefinedMetricWarning: F-score is ill-defined and being set to 0.0 in labels with no true nor predicted samples. Use `zero_division` parameter to control this behavior.
  _warn_prf(average, modifier, f"{metric.capitalize()} is", result.shape[0])
/users/fperalta/.conda/envs/geneformer310/lib/python3.10/site-packages/sklearn/metrics/_classification.py:1731: UndefinedMetricWarning: F-score is ill-defined and being set to 0.0 in labels with no true nor predicted samples. Use `zero_division` parameter to control this behavior.
  _warn_prf(average, modifier, f"{metric.capitalize()} is", result.shape[0])
/users/fperalta/.conda/envs/geneformer310/lib/python3.10/site-packages/sklearn/metrics/_classification.py:1731: UndefinedMetricWarning: F-score is ill-defined and being set to 0.0 in labels with no true nor predicted samples. Use `zero_division` parameter to control this behavior.
  _warn_prf(average, modifier, f"{metric.capitalize()} is", result.shape[0])
/users/fperalta/.conda/envs/geneformer310/lib/python3.10/site-packages/sklearn/metrics/_classification.py:1731: UndefinedMetricWarning: F-score is ill-defined and being set to 0.0 in labels with no true nor predicted samples. Use `zero_division` parameter to control this behavior.
  _warn_prf(average, modifier, f"{metric.capitalize()} is", result.shape[0])
/users/fperalta/.conda/envs/geneformer310/lib/python3.10/site-packages/sklearn/metrics/_classification.py:1731: UndefinedMetricWarning: F-score is ill-defined and being set to 0.0 in labels with no true nor predicted samples. Use `zero_division` parameter to control this behavior.
  _warn_prf(average, modifier, f"{metric.capitalize()} is", result.shape[0])
/users/fperalta/.conda/envs/geneformer310/lib/python3.10/site-packages/sklearn/metrics/_classification.py:1731: UndefinedMetricWarning: F-score is ill-defined and being set to 0.0 in labels with no true nor predicted samples. Use `zero_division` parameter to control this behavior.
  _warn_prf(average, modifier, f"{metric.capitalize()} is", result.shape[0])
/users/fperalta/.conda/envs/geneformer310/lib/python3.10/site-packages/sklearn/metrics/_classification.py:1731: UndefinedMetricWarning: F-score is ill-defined and being set to 0.0 in labels with no true nor predicted samples. Use `zero_division` parameter to control this behavior.
  _warn_prf(average, modifier, f"{metric.capitalize()} is", result.shape[0])
/users/fperalta/.conda/envs/geneformer310/lib/python3.10/site-packages/sklearn/metrics/_classification.py:1731: UndefinedMetricWarning: F-score is ill-defined and being set to 0.0 in labels with no true nor predicted samples. Use `zero_division` parameter to control this behavior.
  _warn_prf(average, modifier, f"{metric.capitalize()} is", result.shape[0])
/users/fperalta/.conda/envs/geneformer310/lib/python3.10/site-packages/sklearn/metrics/_classification.py:1731: UndefinedMetricWarning: F-score is ill-defined and being set to 0.0 in labels with no true nor predicted samples. Use `zero_division` parameter to control this behavior.
  _warn_prf(average, modifier, f"{metric.capitalize()} is", result.shape[0])
/users/fperalta/.conda/envs/geneformer310/lib/python3.10/site-packages/sklearn/metrics/_classification.py:1731: UndefinedMetricWarning: F-score is ill-defined and being set to 0.0 in labels with no true nor predicted samples. Use `zero_division` parameter to control this behavior.
  _warn_prf(average, modifier, f"{metric.capitalize()} is", result.shape[0])
/users/fperalta/.conda/envs/geneformer310/lib/python3.10/site-packages/sklearn/metrics/_classification.py:1731: UndefinedMetricWarning: F-score is ill-defined and being set to 0.0 in labels with no true nor predicted samples. Use `zero_division` parameter to control this behavior.
  _warn_prf(average, modifier, f"{metric.capitalize()} is", result.shape[0])
/users/fperalta/.conda/envs/geneformer310/lib/python3.10/site-packages/sklearn/metrics/_classification.py:1731: UndefinedMetricWarning: F-score is ill-defined and being set to 0.0 in labels with no true nor predicted samples. Use `zero_division` parameter to control this behavior.
  _warn_prf(average, modifier, f"{metric.capitalize()} is", result.shape[0])
/users/fperalta/.conda/envs/geneformer310/lib/python3.10/site-packages/sklearn/metrics/_classification.py:1731: UndefinedMetricWarning: F-score is ill-defined and being set to 0.0 in labels with no true nor predicted samples. Use `zero_division` parameter to control this behavior.
  _warn_prf(average, modifier, f"{metric.capitalize()} is", result.shape[0])
/users/fperalta/.conda/envs/geneformer310/lib/python3.10/site-packages/sklearn/metrics/_classification.py:1731: UndefinedMetricWarning: F-score is ill-defined and being set to 0.0 in labels with no true nor predicted samples. Use `zero_division` parameter to control this behavior.
  _warn_prf(average, modifier, f"{metric.capitalize()} is", result.shape[0])
/users/fperalta/.conda/envs/geneformer310/lib/python3.10/site-packages/sklearn/metrics/_classification.py:1731: UndefinedMetricWarning: F-score is ill-defined and being set to 0.0 in labels with no true nor predicted samples. Use `zero_division` parameter to control this behavior.
  _warn_prf(average, modifier, f"{metric.capitalize()} is", result.shape[0])
/users/fperalta/.conda/envs/geneformer310/lib/python3.10/site-packages/sklearn/metrics/_classification.py:1731: UndefinedMetricWarning: F-score is ill-defined and being set to 0.0 in labels with no true nor predicted samples. Use `zero_division` parameter to control this behavior.
  _warn_prf(average, modifier, f"{metric.capitalize()} is", result.shape[0])
/users/fperalta/.conda/envs/geneformer310/lib/python3.10/site-packages/sklearn/metrics/_classification.py:1731: UndefinedMetricWarning: F-score is ill-defined and being set to 0.0 in labels with no true nor predicted samples. Use `zero_division` parameter to control this behavior.
  _warn_prf(average, modifier, f"{metric.capitalize()} is", result.shape[0])
/users/fperalta/.conda/envs/geneformer310/lib/python3.10/site-packages/sklearn/metrics/_classification.py:1731: UndefinedMetricWarning: F-score is ill-defined and being set to 0.0 in labels with no true nor predicted samples. Use `zero_division` parameter to control this behavior.
  _warn_prf(average, modifier, f"{metric.capitalize()} is", result.shape[0])
/users/fperalta/.conda/envs/geneformer310/lib/python3.10/site-packages/sklearn/metrics/_classification.py:1731: UndefinedMetricWarning: F-score is ill-defined and being set to 0.0 in labels with no true nor predicted samples. Use `zero_division` parameter to control this behavior.
  _warn_prf(average, modifier, f"{metric.capitalize()} is", result.shape[0])
/users/fperalta/.conda/envs/geneformer310/lib/python3.10/site-packages/sklearn/metrics/_classification.py:1731: UndefinedMetricWarning: F-score is ill-defined and being set to 0.0 in labels with no true nor predicted samples. Use `zero_division` parameter to control this behavior.
  _warn_prf(average, modifier, f"{metric.capitalize()} is", result.shape[0])
/users/fperalta/.conda/envs/geneformer310/lib/python3.10/site-packages/sklearn/metrics/_classification.py:1731: UndefinedMetricWarning: F-score is ill-defined and being set to 0.0 in labels with no true nor predicted samples. Use `zero_division` parameter to control this behavior.
  _warn_prf(average, modifier, f"{metric.capitalize()} is", result.shape[0])
/users/fperalta/.conda/envs/geneformer310/lib/python3.10/site-packages/sklearn/metrics/_classification.py:1731: UndefinedMetricWarning: F-score is ill-defined and being set to 0.0 in labels with no true nor predicted samples. Use `zero_division` parameter to control this behavior.
  _warn_prf(average, modifier, f"{metric.capitalize()} is", result.shape[0])
/users/fperalta/.conda/envs/geneformer310/lib/python3.10/site-packages/sklearn/metrics/_classification.py:1731: UndefinedMetricWarning: F-score is ill-defined and being set to 0.0 in labels with no true nor predicted samples. Use `zero_division` parameter to control this behavior.
  _warn_prf(average, modifier, f"{metric.capitalize()} is", result.shape[0])
/users/fperalta/.conda/envs/geneformer310/lib/python3.10/site-packages/sklearn/metrics/_classification.py:1731: UndefinedMetricWarning: F-score is ill-defined and being set to 0.0 in labels with no true nor predicted samples. Use `zero_division` parameter to control this behavior.
  _warn_prf(average, modifier, f"{metric.capitalize()} is", result.shape[0])
/users/fperalta/.conda/envs/geneformer310/lib/python3.10/site-packages/sklearn/metrics/_classification.py:1731: UndefinedMetricWarning: F-score is ill-defined and being set to 0.0 in labels with no true nor predicted samples. Use `zero_division` parameter to control this behavior.
  _warn_prf(average, modifier, f"{metric.capitalize()} is", result.shape[0])
/users/fperalta/.conda/envs/geneformer310/lib/python3.10/site-packages/sklearn/metrics/_classification.py:1731: UndefinedMetricWarning: F-score is ill-defined and being set to 0.0 in labels with no true nor predicted samples. Use `zero_division` parameter to control this behavior.
  _warn_prf(average, modifier, f"{metric.capitalize()} is", result.shape[0])
/users/fperalta/.conda/envs/geneformer310/lib/python3.10/site-packages/sklearn/metrics/_classification.py:1731: UndefinedMetricWarning: F-score is ill-defined and being set to 0.0 in labels with no true nor predicted samples. Use `zero_division` parameter to control this behavior.
  _warn_prf(average, modifier, f"{metric.capitalize()} is", result.shape[0])
/users/fperalta/.conda/envs/geneformer310/lib/python3.10/site-packages/sklearn/metrics/_classification.py:1731: UndefinedMetricWarning: F-score is ill-defined and being set to 0.0 in labels with no true nor predicted samples. Use `zero_division` parameter to control this behavior.
  _warn_prf(average, modifier, f"{metric.capitalize()} is", result.shape[0])
/users/fperalta/.conda/envs/geneformer310/lib/python3.10/site-packages/sklearn/metrics/_classification.py:1731: UndefinedMetricWarning: F-score is ill-defined and being set to 0.0 in labels with no true nor predicted samples. Use `zero_division` parameter to control this behavior.
  _warn_prf(average, modifier, f"{metric.capitalize()} is", result.shape[0])
/users/fperalta/.conda/envs/geneformer310/lib/python3.10/site-packages/sklearn/metrics/_classification.py:1731: UndefinedMetricWarning: F-score is ill-defined and being set to 0.0 in labels with no true nor predicted samples. Use `zero_division` parameter to control this behavior.
  _warn_prf(average, modifier, f"{metric.capitalize()} is", result.shape[0])
/users/fperalta/.conda/envs/geneformer310/lib/python3.10/site-packages/sklearn/metrics/_classification.py:1731: UndefinedMetricWarning: F-score is ill-defined and being set to 0.0 in labels with no true nor predicted samples. Use `zero_division` parameter to control this behavior.
  _warn_prf(average, modifier, f"{metric.capitalize()} is", result.shape[0])
/users/fperalta/.conda/envs/geneformer310/lib/python3.10/site-packages/sklearn/metrics/_classification.py:1731: UndefinedMetricWarning: F-score is ill-defined and being set to 0.0 in labels with no true nor predicted samples. Use `zero_division` parameter to control this behavior.
  _warn_prf(average, modifier, f"{metric.capitalize()} is", result.shape[0])
/users/fperalta/.conda/envs/geneformer310/lib/python3.10/site-packages/sklearn/metrics/_classification.py:1731: UndefinedMetricWarning: F-score is ill-defined and being set to 0.0 in labels with no true nor predicted samples. Use `zero_division` parameter to control this behavior.
  _warn_prf(average, modifier, f"{metric.capitalize()} is", result.shape[0])
/users/fperalta/.conda/envs/geneformer310/lib/python3.10/site-packages/sklearn/metrics/_classification.py:1731: UndefinedMetricWarning: F-score is ill-defined and being set to 0.0 in labels with no true nor predicted samples. Use `zero_division` parameter to control this behavior.
  _warn_prf(average, modifier, f"{metric.capitalize()} is", result.shape[0])
/users/fperalta/.conda/envs/geneformer310/lib/python3.10/site-packages/sklearn/metrics/_classification.py:1731: UndefinedMetricWarning: F-score is ill-defined and being set to 0.0 in labels with no true nor predicted samples. Use `zero_division` parameter to control this behavior.
  _warn_prf(average, modifier, f"{metric.capitalize()} is", result.shape[0])
/users/fperalta/.conda/envs/geneformer310/lib/python3.10/site-packages/sklearn/metrics/_classification.py:1731: UndefinedMetricWarning: F-score is ill-defined and being set to 0.0 in labels with no true nor predicted samples. Use `zero_division` parameter to control this behavior.
  _warn_prf(average, modifier, f"{metric.capitalize()} is", result.shape[0])
/users/fperalta/.conda/envs/geneformer310/lib/python3.10/site-packages/sklearn/metrics/_classification.py:1731: UndefinedMetricWarning: F-score is ill-defined and being set to 0.0 in labels with no true nor predicted samples. Use `zero_division` parameter to control this behavior.
  _warn_prf(average, modifier, f"{metric.capitalize()} is", result.shape[0])
/users/fperalta/.conda/envs/geneformer310/lib/python3.10/site-packages/sklearn/metrics/_classification.py:1731: UndefinedMetricWarning: F-score is ill-defined and being set to 0.0 in labels with no true nor predicted samples. Use `zero_division` parameter to control this behavior.
  _warn_prf(average, modifier, f"{metric.capitalize()} is", result.shape[0])
/users/fperalta/.conda/envs/geneformer310/lib/python3.10/site-packages/sklearn/metrics/_classification.py:1731: UndefinedMetricWarning: F-score is ill-defined and being set to 0.0 in labels with no true nor predicted samples. Use `zero_division` parameter to control this behavior.
  _warn_prf(average, modifier, f"{metric.capitalize()} is", result.shape[0])
/users/fperalta/.conda/envs/geneformer310/lib/python3.10/site-packages/sklearn/metrics/_classification.py:1731: UndefinedMetricWarning: F-score is ill-defined and being set to 0.0 in labels with no true nor predicted samples. Use `zero_division` parameter to control this behavior.
  _warn_prf(average, modifier, f"{metric.capitalize()} is", result.shape[0])
/users/fperalta/.conda/envs/geneformer310/lib/python3.10/site-packages/sklearn/metrics/_classification.py:1731: UndefinedMetricWarning: F-score is ill-defined and being set to 0.0 in labels with no true nor predicted samples. Use `zero_division` parameter to control this behavior.
  _warn_prf(average, modifier, f"{metric.capitalize()} is", result.shape[0])
/users/fperalta/.conda/envs/geneformer310/lib/python3.10/site-packages/sklearn/metrics/_classification.py:1731: UndefinedMetricWarning: F-score is ill-defined and being set to 0.0 in labels with no true nor predicted samples. Use `zero_division` parameter to control this behavior.
  _warn_prf(average, modifier, f"{metric.capitalize()} is", result.shape[0])
/users/fperalta/.conda/envs/geneformer310/lib/python3.10/site-packages/sklearn/metrics/_classification.py:1731: UndefinedMetricWarning: F-score is ill-defined and being set to 0.0 in labels with no true nor predicted samples. Use `zero_division` parameter to control this behavior.
  _warn_prf(average, modifier, f"{metric.capitalize()} is", result.shape[0])
/users/fperalta/.conda/envs/geneformer310/lib/python3.10/site-packages/sklearn/metrics/_classification.py:1731: UndefinedMetricWarning: F-score is ill-defined and being set to 0.0 in labels with no true nor predicted samples. Use `zero_division` parameter to control this behavior.
  _warn_prf(average, modifier, f"{metric.capitalize()} is", result.shape[0])
/users/fperalta/.conda/envs/geneformer310/lib/python3.10/site-packages/sklearn/metrics/_classification.py:1731: UndefinedMetricWarning: F-score is ill-defined and being set to 0.0 in labels with no true nor predicted samples. Use `zero_division` parameter to control this behavior.
  _warn_prf(average, modifier, f"{metric.capitalize()} is", result.shape[0])
/users/fperalta/.conda/envs/geneformer310/lib/python3.10/site-packages/sklearn/metrics/_classification.py:1731: UndefinedMetricWarning: F-score is ill-defined and being set to 0.0 in labels with no true nor predicted samples. Use `zero_division` parameter to control this behavior.
  _warn_prf(average, modifier, f"{metric.capitalize()} is", result.shape[0])
/users/fperalta/.conda/envs/geneformer310/lib/python3.10/site-packages/sklearn/metrics/_classification.py:1731: UndefinedMetricWarning: F-score is ill-defined and being set to 0.0 in labels with no true nor predicted samples. Use `zero_division` parameter to control this behavior.
  _warn_prf(average, modifier, f"{metric.capitalize()} is", result.shape[0])
/users/fperalta/.conda/envs/geneformer310/lib/python3.10/site-packages/sklearn/metrics/_classification.py:1731: UndefinedMetricWarning: F-score is ill-defined and being set to 0.0 in labels with no true nor predicted samples. Use `zero_division` parameter to control this behavior.
  _warn_prf(average, modifier, f"{metric.capitalize()} is", result.shape[0])
/users/fperalta/.conda/envs/geneformer310/lib/python3.10/site-packages/sklearn/metrics/_classification.py:1731: UndefinedMetricWarning: F-score is ill-defined and being set to 0.0 in labels with no true nor predicted samples. Use `zero_division` parameter to control this behavior.
  _warn_prf(average, modifier, f"{metric.capitalize()} is", result.shape[0])
/users/fperalta/.conda/envs/geneformer310/lib/python3.10/site-packages/sklearn/metrics/_classification.py:1731: UndefinedMetricWarning: F-score is ill-defined and being set to 0.0 in labels with no true nor predicted samples. Use `zero_division` parameter to control this behavior.
  _warn_prf(average, modifier, f"{metric.capitalize()} is", result.shape[0])
/users/fperalta/.conda/envs/geneformer310/lib/python3.10/site-packages/sklearn/metrics/_classification.py:1731: UndefinedMetricWarning: F-score is ill-defined and being set to 0.0 in labels with no true nor predicted samples. Use `zero_division` parameter to control this behavior.
  _warn_prf(average, modifier, f"{metric.capitalize()} is", result.shape[0])
/users/fperalta/.conda/envs/geneformer310/lib/python3.10/site-packages/sklearn/metrics/_classification.py:1731: UndefinedMetricWarning: F-score is ill-defined and being set to 0.0 in labels with no true nor predicted samples. Use `zero_division` parameter to control this behavior.
  _warn_prf(average, modifier, f"{metric.capitalize()} is", result.shape[0])
/users/fperalta/.conda/envs/geneformer310/lib/python3.10/site-packages/sklearn/metrics/_classification.py:1731: UndefinedMetricWarning: F-score is ill-defined and being set to 0.0 in labels with no true nor predicted samples. Use `zero_division` parameter to control this behavior.
  _warn_prf(average, modifier, f"{metric.capitalize()} is", result.shape[0])
/users/fperalta/.conda/envs/geneformer310/lib/python3.10/site-packages/sklearn/metrics/_classification.py:1731: UndefinedMetricWarning: F-score is ill-defined and being set to 0.0 in labels with no true nor predicted samples. Use `zero_division` parameter to control this behavior.
  _warn_prf(average, modifier, f"{metric.capitalize()} is", result.shape[0])
/users/fperalta/.conda/envs/geneformer310/lib/python3.10/site-packages/sklearn/metrics/_classification.py:1731: UndefinedMetricWarning: F-score is ill-defined and being set to 0.0 in labels with no true nor predicted samples. Use `zero_division` parameter to control this behavior.
  _warn_prf(average, modifier, f"{metric.capitalize()} is", result.shape[0])
/users/fperalta/.conda/envs/geneformer310/lib/python3.10/site-packages/sklearn/metrics/_classification.py:1731: UndefinedMetricWarning: F-score is ill-defined and being set to 0.0 in labels with no true nor predicted samples. Use `zero_division` parameter to control this behavior.
  _warn_prf(average, modifier, f"{metric.capitalize()} is", result.shape[0])
/users/fperalta/.conda/envs/geneformer310/lib/python3.10/site-packages/sklearn/metrics/_classification.py:1731: UndefinedMetricWarning: F-score is ill-defined and being set to 0.0 in labels with no true nor predicted samples. Use `zero_division` parameter to control this behavior.
  _warn_prf(average, modifier, f"{metric.capitalize()} is", result.shape[0])
/users/fperalta/.conda/envs/geneformer310/lib/python3.10/site-packages/sklearn/metrics/_classification.py:1731: UndefinedMetricWarning: F-score is ill-defined and being set to 0.0 in labels with no true nor predicted samples. Use `zero_division` parameter to control this behavior.
  _warn_prf(average, modifier, f"{metric.capitalize()} is", result.shape[0])
/users/fperalta/.conda/envs/geneformer310/lib/python3.10/site-packages/sklearn/metrics/_classification.py:1731: UndefinedMetricWarning: F-score is ill-defined and being set to 0.0 in labels with no true nor predicted samples. Use `zero_division` parameter to control this behavior.
  _warn_prf(average, modifier, f"{metric.capitalize()} is", result.shape[0])
/users/fperalta/.conda/envs/geneformer310/lib/python3.10/site-packages/sklearn/metrics/_classification.py:1731: UndefinedMetricWarning: F-score is ill-defined and being set to 0.0 in labels with no true nor predicted samples. Use `zero_division` parameter to control this behavior.
  _warn_prf(average, modifier, f"{metric.capitalize()} is", result.shape[0])
/users/fperalta/.conda/envs/geneformer310/lib/python3.10/site-packages/sklearn/metrics/_classification.py:1731: UndefinedMetricWarning: F-score is ill-defined and being set to 0.0 in labels with no true nor predicted samples. Use `zero_division` parameter to control this behavior.
  _warn_prf(average, modifier, f"{metric.capitalize()} is", result.shape[0])
/users/fperalta/.conda/envs/geneformer310/lib/python3.10/site-packages/sklearn/metrics/_classification.py:1731: UndefinedMetricWarning: F-score is ill-defined and being set to 0.0 in labels with no true nor predicted samples. Use `zero_division` parameter to control this behavior.
  _warn_prf(average, modifier, f"{metric.capitalize()} is", result.shape[0])
/users/fperalta/.conda/envs/geneformer310/lib/python3.10/site-packages/sklearn/metrics/_classification.py:1731: UndefinedMetricWarning: F-score is ill-defined and being set to 0.0 in labels with no true nor predicted samples. Use `zero_division` parameter to control this behavior.
  _warn_prf(average, modifier, f"{metric.capitalize()} is", result.shape[0])
/users/fperalta/.conda/envs/geneformer310/lib/python3.10/site-packages/sklearn/metrics/_classification.py:1731: UndefinedMetricWarning: F-score is ill-defined and being set to 0.0 in labels with no true nor predicted samples. Use `zero_division` parameter to control this behavior.
  _warn_prf(average, modifier, f"{metric.capitalize()} is", result.shape[0])
/users/fperalta/.conda/envs/geneformer310/lib/python3.10/site-packages/sklearn/metrics/_classification.py:1731: UndefinedMetricWarning: F-score is ill-defined and being set to 0.0 in labels with no true nor predicted samples. Use `zero_division` parameter to control this behavior.
  _warn_prf(average, modifier, f"{metric.capitalize()} is", result.shape[0])
/users/fperalta/.conda/envs/geneformer310/lib/python3.10/site-packages/sklearn/metrics/_classification.py:1731: UndefinedMetricWarning: F-score is ill-defined and being set to 0.0 in labels with no true nor predicted samples. Use `zero_division` parameter to control this behavior.
  _warn_prf(average, modifier, f"{metric.capitalize()} is", result.shape[0])
/users/fperalta/.conda/envs/geneformer310/lib/python3.10/site-packages/sklearn/metrics/_classification.py:1731: UndefinedMetricWarning: F-score is ill-defined and being set to 0.0 in labels with no true nor predicted samples. Use `zero_division` parameter to control this behavior.
  _warn_prf(average, modifier, f"{metric.capitalize()} is", result.shape[0])
/users/fperalta/.conda/envs/geneformer310/lib/python3.10/site-packages/sklearn/metrics/_classification.py:1731: UndefinedMetricWarning: F-score is ill-defined and being set to 0.0 in labels with no true nor predicted samples. Use `zero_division` parameter to control this behavior.
  _warn_prf(average, modifier, f"{metric.capitalize()} is", result.shape[0])
/users/fperalta/.conda/envs/geneformer310/lib/python3.10/site-packages/sklearn/metrics/_classification.py:1731: UndefinedMetricWarning: F-score is ill-defined and being set to 0.0 in labels with no true nor predicted samples. Use `zero_division` parameter to control this behavior.
  _warn_prf(average, modifier, f"{metric.capitalize()} is", result.shape[0])
/users/fperalta/.conda/envs/geneformer310/lib/python3.10/site-packages/sklearn/metrics/_classification.py:1731: UndefinedMetricWarning: F-score is ill-defined and being set to 0.0 in labels with no true nor predicted samples. Use `zero_division` parameter to control this behavior.
  _warn_prf(average, modifier, f"{metric.capitalize()} is", result.shape[0])
/users/fperalta/.conda/envs/geneformer310/lib/python3.10/site-packages/sklearn/metrics/_classification.py:1731: UndefinedMetricWarning: F-score is ill-defined and being set to 0.0 in labels with no true nor predicted samples. Use `zero_division` parameter to control this behavior.
  _warn_prf(average, modifier, f"{metric.capitalize()} is", result.shape[0])
/users/fperalta/.conda/envs/geneformer310/lib/python3.10/site-packages/sklearn/metrics/_classification.py:1731: UndefinedMetricWarning: F-score is ill-defined and being set to 0.0 in labels with no true nor predicted samples. Use `zero_division` parameter to control this behavior.
  _warn_prf(average, modifier, f"{metric.capitalize()} is", result.shape[0])
/users/fperalta/.conda/envs/geneformer310/lib/python3.10/site-packages/sklearn/metrics/_classification.py:1731: UndefinedMetricWarning: F-score is ill-defined and being set to 0.0 in labels with no true nor predicted samples. Use `zero_division` parameter to control this behavior.
  _warn_prf(average, modifier, f"{metric.capitalize()} is", result.shape[0])
/users/fperalta/.conda/envs/geneformer310/lib/python3.10/site-packages/sklearn/metrics/_classification.py:1731: UndefinedMetricWarning: F-score is ill-defined and being set to 0.0 in labels with no true nor predicted samples. Use `zero_division` parameter to control this behavior.
  _warn_prf(average, modifier, f"{metric.capitalize()} is", result.shape[0])
/users/fperalta/.conda/envs/geneformer310/lib/python3.10/site-packages/sklearn/metrics/_classification.py:1731: UndefinedMetricWarning: F-score is ill-defined and being set to 0.0 in labels with no true nor predicted samples. Use `zero_division` parameter to control this behavior.
  _warn_prf(average, modifier, f"{metric.capitalize()} is", result.shape[0])
/users/fperalta/.conda/envs/geneformer310/lib/python3.10/site-packages/sklearn/metrics/_classification.py:1731: UndefinedMetricWarning: F-score is ill-defined and being set to 0.0 in labels with no true nor predicted samples. Use `zero_division` parameter to control this behavior.
  _warn_prf(average, modifier, f"{metric.capitalize()} is", result.shape[0])
/users/fperalta/.conda/envs/geneformer310/lib/python3.10/site-packages/sklearn/metrics/_classification.py:1731: UndefinedMetricWarning: F-score is ill-defined and being set to 0.0 in labels with no true nor predicted samples. Use `zero_division` parameter to control this behavior.
  _warn_prf(average, modifier, f"{metric.capitalize()} is", result.shape[0])
/users/fperalta/.conda/envs/geneformer310/lib/python3.10/site-packages/sklearn/metrics/_classification.py:1731: UndefinedMetricWarning: F-score is ill-defined and being set to 0.0 in labels with no true nor predicted samples. Use `zero_division` parameter to control this behavior.
  _warn_prf(average, modifier, f"{metric.capitalize()} is", result.shape[0])
/users/fperalta/.conda/envs/geneformer310/lib/python3.10/site-packages/sklearn/metrics/_classification.py:1731: UndefinedMetricWarning: F-score is ill-defined and being set to 0.0 in labels with no true nor predicted samples. Use `zero_division` parameter to control this behavior.
  _warn_prf(average, modifier, f"{metric.capitalize()} is", result.shape[0])
/users/fperalta/.conda/envs/geneformer310/lib/python3.10/site-packages/sklearn/metrics/_classification.py:1731: UndefinedMetricWarning: F-score is ill-defined and being set to 0.0 in labels with no true nor predicted samples. Use `zero_division` parameter to control this behavior.
  _warn_prf(average, modifier, f"{metric.capitalize()} is", result.shape[0])
/users/fperalta/.conda/envs/geneformer310/lib/python3.10/site-packages/sklearn/metrics/_classification.py:1731: UndefinedMetricWarning: F-score is ill-defined and being set to 0.0 in labels with no true nor predicted samples. Use `zero_division` parameter to control this behavior.
  _warn_prf(average, modifier, f"{metric.capitalize()} is", result.shape[0])
/users/fperalta/.conda/envs/geneformer310/lib/python3.10/site-packages/sklearn/metrics/_classification.py:1731: UndefinedMetricWarning: F-score is ill-defined and being set to 0.0 in labels with no true nor predicted samples. Use `zero_division` parameter to control this behavior.
  _warn_prf(average, modifier, f"{metric.capitalize()} is", result.shape[0])
/users/fperalta/.conda/envs/geneformer310/lib/python3.10/site-packages/sklearn/metrics/_classification.py:1731: UndefinedMetricWarning: F-score is ill-defined and being set to 0.0 in labels with no true nor predicted samples. Use `zero_division` parameter to control this behavior.
  _warn_prf(average, modifier, f"{metric.capitalize()} is", result.shape[0])
/users/fperalta/.conda/envs/geneformer310/lib/python3.10/site-packages/sklearn/metrics/_classification.py:1731: UndefinedMetricWarning: F-score is ill-defined and being set to 0.0 in labels with no true nor predicted samples. Use `zero_division` parameter to control this behavior.
  _warn_prf(average, modifier, f"{metric.capitalize()} is", result.shape[0])
/users/fperalta/.conda/envs/geneformer310/lib/python3.10/site-packages/sklearn/metrics/_classification.py:1731: UndefinedMetricWarning: F-score is ill-defined and being set to 0.0 in labels with no true nor predicted samples. Use `zero_division` parameter to control this behavior.
  _warn_prf(average, modifier, f"{metric.capitalize()} is", result.shape[0])
/users/fperalta/.conda/envs/geneformer310/lib/python3.10/site-packages/sklearn/metrics/_classification.py:1731: UndefinedMetricWarning: F-score is ill-defined and being set to 0.0 in labels with no true nor predicted samples. Use `zero_division` parameter to control this behavior.
  _warn_prf(average, modifier, f"{metric.capitalize()} is", result.shape[0])
/users/fperalta/.conda/envs/geneformer310/lib/python3.10/site-packages/sklearn/metrics/_classification.py:1731: UndefinedMetricWarning: F-score is ill-defined and being set to 0.0 in labels with no true nor predicted samples. Use `zero_division` parameter to control this behavior.
  _warn_prf(average, modifier, f"{metric.capitalize()} is", result.shape[0])
/users/fperalta/.conda/envs/geneformer310/lib/python3.10/site-packages/sklearn/metrics/_classification.py:1731: UndefinedMetricWarning: F-score is ill-defined and being set to 0.0 in labels with no true nor predicted samples. Use `zero_division` parameter to control this behavior.
  _warn_prf(average, modifier, f"{metric.capitalize()} is", result.shape[0])
/users/fperalta/.conda/envs/geneformer310/lib/python3.10/site-packages/sklearn/metrics/_classification.py:1731: UndefinedMetricWarning: F-score is ill-defined and being set to 0.0 in labels with no true nor predicted samples. Use `zero_division` parameter to control this behavior.
  _warn_prf(average, modifier, f"{metric.capitalize()} is", result.shape[0])
            group  n_cells  n_donors  accuracy  macro_f1  macro_f1_common   ci_low  ci_high
hispanic or latin     1111         2  0.983798  0.861490         0.861490 0.741088 1.000000
            asian      619         2  0.970921  0.912498         0.912498 0.111111 0.912498
european american     6456        18  0.947800  0.915448         0.915448 0.867938 0.936269
 african american      386         3  0.961140  0.926944         0.926944 0.516251 0.931494
worst group: hispanic or latin (common-class macro-F1 0.8615 CI [0.7411,1.0000])
=== geneformer aida P ===
holdout filter: kept 12,500/12,500 eval_donor cells
/users/fperalta/.conda/envs/geneformer310/lib/python3.10/site-packages/geneformer/collator_for_classification.py:649: UserWarning: To copy construct from a tensor, it is recommended to use sourceTensor.clone().detach() or sourceTensor.clone().detach().requires_grad_(True), rather than torch.tensor(sourceTensor).
  batch = {k: torch.tensor(v.clone().detach(), dtype=torch.int64) if isinstance(v, torch.Tensor) else torch.tensor(v, dtype=torch.int64) for k, v in batch.items()}
wrote per-cell predictions: 12,500 rows
/users/fperalta/.conda/envs/geneformer310/lib/python3.10/site-packages/sklearn/metrics/_classification.py:1731: UndefinedMetricWarning: F-score is ill-defined and being set to 0.0 in labels with no true nor predicted samples. Use `zero_division` parameter to control this behavior.
  _warn_prf(average, modifier, f"{metric.capitalize()} is", result.shape[0])
/users/fperalta/.conda/envs/geneformer310/lib/python3.10/site-packages/sklearn/metrics/_classification.py:1731: UndefinedMetricWarning: F-score is ill-defined and being set to 0.0 in labels with no true nor predicted samples. Use `zero_division` parameter to control this behavior.
  _warn_prf(average, modifier, f"{metric.capitalize()} is", result.shape[0])
/users/fperalta/.conda/envs/geneformer310/lib/python3.10/site-packages/sklearn/metrics/_classification.py:1731: UndefinedMetricWarning: F-score is ill-defined and being set to 0.0 in labels with no true nor predicted samples. Use `zero_division` parameter to control this behavior.
  _warn_prf(average, modifier, f"{metric.capitalize()} is", result.shape[0])
/users/fperalta/.conda/envs/geneformer310/lib/python3.10/site-packages/sklearn/metrics/_classification.py:1731: UndefinedMetricWarning: F-score is ill-defined and being set to 0.0 in labels with no true nor predicted samples. Use `zero_division` parameter to control this behavior.
  _warn_prf(average, modifier, f"{metric.capitalize()} is", result.shape[0])
/users/fperalta/.conda/envs/geneformer310/lib/python3.10/site-packages/sklearn/metrics/_classification.py:1731: UndefinedMetricWarning: F-score is ill-defined and being set to 0.0 in labels with no true nor predicted samples. Use `zero_division` parameter to control this behavior.
  _warn_prf(average, modifier, f"{metric.capitalize()} is", result.shape[0])
/users/fperalta/.conda/envs/geneformer310/lib/python3.10/site-packages/sklearn/metrics/_classification.py:1731: UndefinedMetricWarning: F-score is ill-defined and being set to 0.0 in labels with no true nor predicted samples. Use `zero_division` parameter to control this behavior.
  _warn_prf(average, modifier, f"{metric.capitalize()} is", result.shape[0])
/users/fperalta/.conda/envs/geneformer310/lib/python3.10/site-packages/sklearn/metrics/_classification.py:1731: UndefinedMetricWarning: F-score is ill-defined and being set to 0.0 in labels with no true nor predicted samples. Use `zero_division` parameter to control this behavior.
  _warn_prf(average, modifier, f"{metric.capitalize()} is", result.shape[0])
/users/fperalta/.conda/envs/geneformer310/lib/python3.10/site-packages/sklearn/metrics/_classification.py:1731: UndefinedMetricWarning: F-score is ill-defined and being set to 0.0 in labels with no true nor predicted samples. Use `zero_division` parameter to control this behavior.
  _warn_prf(average, modifier, f"{metric.capitalize()} is", result.shape[0])
/users/fperalta/.conda/envs/geneformer310/lib/python3.10/site-packages/sklearn/metrics/_classification.py:1731: UndefinedMetricWarning: F-score is ill-defined and being set to 0.0 in labels with no true nor predicted samples. Use `zero_division` parameter to control this behavior.
  _warn_prf(average, modifier, f"{metric.capitalize()} is", result.shape[0])
/users/fperalta/.conda/envs/geneformer310/lib/python3.10/site-packages/sklearn/metrics/_classification.py:1731: UndefinedMetricWarning: F-score is ill-defined and being set to 0.0 in labels with no true nor predicted samples. Use `zero_division` parameter to control this behavior.
  _warn_prf(average, modifier, f"{metric.capitalize()} is", result.shape[0])
/users/fperalta/.conda/envs/geneformer310/lib/python3.10/site-packages/sklearn/metrics/_classification.py:1731: UndefinedMetricWarning: F-score is ill-defined and being set to 0.0 in labels with no true nor predicted samples. Use `zero_division` parameter to control this behavior.
  _warn_prf(average, modifier, f"{metric.capitalize()} is", result.shape[0])
/users/fperalta/.conda/envs/geneformer310/lib/python3.10/site-packages/sklearn/metrics/_classification.py:1731: UndefinedMetricWarning: F-score is ill-defined and being set to 0.0 in labels with no true nor predicted samples. Use `zero_division` parameter to control this behavior.
  _warn_prf(average, modifier, f"{metric.capitalize()} is", result.shape[0])
/users/fperalta/.conda/envs/geneformer310/lib/python3.10/site-packages/sklearn/metrics/_classification.py:1731: UndefinedMetricWarning: F-score is ill-defined and being set to 0.0 in labels with no true nor predicted samples. Use `zero_division` parameter to control this behavior.
  _warn_prf(average, modifier, f"{metric.capitalize()} is", result.shape[0])
/users/fperalta/.conda/envs/geneformer310/lib/python3.10/site-packages/sklearn/metrics/_classification.py:1731: UndefinedMetricWarning: F-score is ill-defined and being set to 0.0 in labels with no true nor predicted samples. Use `zero_division` parameter to control this behavior.
  _warn_prf(average, modifier, f"{metric.capitalize()} is", result.shape[0])
/users/fperalta/.conda/envs/geneformer310/lib/python3.10/site-packages/sklearn/metrics/_classification.py:1731: UndefinedMetricWarning: F-score is ill-defined and being set to 0.0 in labels with no true nor predicted samples. Use `zero_division` parameter to control this behavior.
  _warn_prf(average, modifier, f"{metric.capitalize()} is", result.shape[0])
/users/fperalta/.conda/envs/geneformer310/lib/python3.10/site-packages/sklearn/metrics/_classification.py:1731: UndefinedMetricWarning: F-score is ill-defined and being set to 0.0 in labels with no true nor predicted samples. Use `zero_division` parameter to control this behavior.
  _warn_prf(average, modifier, f"{metric.capitalize()} is", result.shape[0])
/users/fperalta/.conda/envs/geneformer310/lib/python3.10/site-packages/sklearn/metrics/_classification.py:1731: UndefinedMetricWarning: F-score is ill-defined and being set to 0.0 in labels with no true nor predicted samples. Use `zero_division` parameter to control this behavior.
  _warn_prf(average, modifier, f"{metric.capitalize()} is", result.shape[0])
/users/fperalta/.conda/envs/geneformer310/lib/python3.10/site-packages/sklearn/metrics/_classification.py:1731: UndefinedMetricWarning: F-score is ill-defined and being set to 0.0 in labels with no true nor predicted samples. Use `zero_division` parameter to control this behavior.
  _warn_prf(average, modifier, f"{metric.capitalize()} is", result.shape[0])
/users/fperalta/.conda/envs/geneformer310/lib/python3.10/site-packages/sklearn/metrics/_classification.py:1731: UndefinedMetricWarning: F-score is ill-defined and being set to 0.0 in labels with no true nor predicted samples. Use `zero_division` parameter to control this behavior.
  _warn_prf(average, modifier, f"{metric.capitalize()} is", result.shape[0])
/users/fperalta/.conda/envs/geneformer310/lib/python3.10/site-packages/sklearn/metrics/_classification.py:1731: UndefinedMetricWarning: F-score is ill-defined and being set to 0.0 in labels with no true nor predicted samples. Use `zero_division` parameter to control this behavior.
  _warn_prf(average, modifier, f"{metric.capitalize()} is", result.shape[0])
/users/fperalta/.conda/envs/geneformer310/lib/python3.10/site-packages/sklearn/metrics/_classification.py:1731: UndefinedMetricWarning: F-score is ill-defined and being set to 0.0 in labels with no true nor predicted samples. Use `zero_division` parameter to control this behavior.
  _warn_prf(average, modifier, f"{metric.capitalize()} is", result.shape[0])
/users/fperalta/.conda/envs/geneformer310/lib/python3.10/site-packages/sklearn/metrics/_classification.py:1731: UndefinedMetricWarning: F-score is ill-defined and being set to 0.0 in labels with no true nor predicted samples. Use `zero_division` parameter to control this behavior.
  _warn_prf(average, modifier, f"{metric.capitalize()} is", result.shape[0])
/users/fperalta/.conda/envs/geneformer310/lib/python3.10/site-packages/sklearn/metrics/_classification.py:1731: UndefinedMetricWarning: F-score is ill-defined and being set to 0.0 in labels with no true nor predicted samples. Use `zero_division` parameter to control this behavior.
  _warn_prf(average, modifier, f"{metric.capitalize()} is", result.shape[0])
/users/fperalta/.conda/envs/geneformer310/lib/python3.10/site-packages/sklearn/metrics/_classification.py:1731: UndefinedMetricWarning: F-score is ill-defined and being set to 0.0 in labels with no true nor predicted samples. Use `zero_division` parameter to control this behavior.
  _warn_prf(average, modifier, f"{metric.capitalize()} is", result.shape[0])
/users/fperalta/.conda/envs/geneformer310/lib/python3.10/site-packages/sklearn/metrics/_classification.py:1731: UndefinedMetricWarning: F-score is ill-defined and being set to 0.0 in labels with no true nor predicted samples. Use `zero_division` parameter to control this behavior.
  _warn_prf(average, modifier, f"{metric.capitalize()} is", result.shape[0])
/users/fperalta/.conda/envs/geneformer310/lib/python3.10/site-packages/sklearn/metrics/_classification.py:1731: UndefinedMetricWarning: F-score is ill-defined and being set to 0.0 in labels with no true nor predicted samples. Use `zero_division` parameter to control this behavior.
  _warn_prf(average, modifier, f"{metric.capitalize()} is", result.shape[0])
/users/fperalta/.conda/envs/geneformer310/lib/python3.10/site-packages/sklearn/metrics/_classification.py:1731: UndefinedMetricWarning: F-score is ill-defined and being set to 0.0 in labels with no true nor predicted samples. Use `zero_division` parameter to control this behavior.
  _warn_prf(average, modifier, f"{metric.capitalize()} is", result.shape[0])
/users/fperalta/.conda/envs/geneformer310/lib/python3.10/site-packages/sklearn/metrics/_classification.py:1731: UndefinedMetricWarning: F-score is ill-defined and being set to 0.0 in labels with no true nor predicted samples. Use `zero_division` parameter to control this behavior.
  _warn_prf(average, modifier, f"{metric.capitalize()} is", result.shape[0])
              group  n_cells  n_donors  accuracy  macro_f1  macro_f1_common   ci_low  ci_high
  singaporean malay     1131        61  0.831123  0.593391         0.377778 0.284097 0.460375
           japanese     3043       148  0.864607  0.531819         0.398012 0.356187 0.430551
 singaporean indian     1248        70  0.855769  0.579747         0.425000 0.304173 0.478241
             indian      459        30  0.272331  0.100734         0.443231 0.395522 0.490142
singaporean chinese     1387        84  0.848594  0.576388         0.480000 0.394259 0.564490
               thai     1336        59  0.855539  0.531692         0.499278 0.452691 0.533301
             korean     3896       165  0.843429  0.551497         0.554248 0.527068 0.581858
worst group: singaporean malay (common-class macro-F1 0.3778 CI [0.2841,0.4604])
=== geneformer aida B ===
holdout filter: kept 12,500/12,500 eval_donor cells
/users/fperalta/.conda/envs/geneformer310/lib/python3.10/site-packages/geneformer/collator_for_classification.py:649: UserWarning: To copy construct from a tensor, it is recommended to use sourceTensor.clone().detach() or sourceTensor.clone().detach().requires_grad_(True), rather than torch.tensor(sourceTensor).
  batch = {k: torch.tensor(v.clone().detach(), dtype=torch.int64) if isinstance(v, torch.Tensor) else torch.tensor(v, dtype=torch.int64) for k, v in batch.items()}
wrote per-cell predictions: 12,500 rows
/users/fperalta/.conda/envs/geneformer310/lib/python3.10/site-packages/sklearn/metrics/_classification.py:1731: UndefinedMetricWarning: F-score is ill-defined and being set to 0.0 in labels with no true nor predicted samples. Use `zero_division` parameter to control this behavior.
  _warn_prf(average, modifier, f"{metric.capitalize()} is", result.shape[0])
/users/fperalta/.conda/envs/geneformer310/lib/python3.10/site-packages/sklearn/metrics/_classification.py:1731: UndefinedMetricWarning: F-score is ill-defined and being set to 0.0 in labels with no true nor predicted samples. Use `zero_division` parameter to control this behavior.
  _warn_prf(average, modifier, f"{metric.capitalize()} is", result.shape[0])
/users/fperalta/.conda/envs/geneformer310/lib/python3.10/site-packages/sklearn/metrics/_classification.py:1731: UndefinedMetricWarning: F-score is ill-defined and being set to 0.0 in labels with no true nor predicted samples. Use `zero_division` parameter to control this behavior.
  _warn_prf(average, modifier, f"{metric.capitalize()} is", result.shape[0])
/users/fperalta/.conda/envs/geneformer310/lib/python3.10/site-packages/sklearn/metrics/_classification.py:1731: UndefinedMetricWarning: F-score is ill-defined and being set to 0.0 in labels with no true nor predicted samples. Use `zero_division` parameter to control this behavior.
  _warn_prf(average, modifier, f"{metric.capitalize()} is", result.shape[0])
/users/fperalta/.conda/envs/geneformer310/lib/python3.10/site-packages/sklearn/metrics/_classification.py:1731: UndefinedMetricWarning: F-score is ill-defined and being set to 0.0 in labels with no true nor predicted samples. Use `zero_division` parameter to control this behavior.
  _warn_prf(average, modifier, f"{metric.capitalize()} is", result.shape[0])
/users/fperalta/.conda/envs/geneformer310/lib/python3.10/site-packages/sklearn/metrics/_classification.py:1731: UndefinedMetricWarning: F-score is ill-defined and being set to 0.0 in labels with no true nor predicted samples. Use `zero_division` parameter to control this behavior.
  _warn_prf(average, modifier, f"{metric.capitalize()} is", result.shape[0])
/users/fperalta/.conda/envs/geneformer310/lib/python3.10/site-packages/sklearn/metrics/_classification.py:1731: UndefinedMetricWarning: F-score is ill-defined and being set to 0.0 in labels with no true nor predicted samples. Use `zero_division` parameter to control this behavior.
  _warn_prf(average, modifier, f"{metric.capitalize()} is", result.shape[0])
/users/fperalta/.conda/envs/geneformer310/lib/python3.10/site-packages/sklearn/metrics/_classification.py:1731: UndefinedMetricWarning: F-score is ill-defined and being set to 0.0 in labels with no true nor predicted samples. Use `zero_division` parameter to control this behavior.
  _warn_prf(average, modifier, f"{metric.capitalize()} is", result.shape[0])
/users/fperalta/.conda/envs/geneformer310/lib/python3.10/site-packages/sklearn/metrics/_classification.py:1731: UndefinedMetricWarning: F-score is ill-defined and being set to 0.0 in labels with no true nor predicted samples. Use `zero_division` parameter to control this behavior.
  _warn_prf(average, modifier, f"{metric.capitalize()} is", result.shape[0])
/users/fperalta/.conda/envs/geneformer310/lib/python3.10/site-packages/sklearn/metrics/_classification.py:1731: UndefinedMetricWarning: F-score is ill-defined and being set to 0.0 in labels with no true nor predicted samples. Use `zero_division` parameter to control this behavior.
  _warn_prf(average, modifier, f"{metric.capitalize()} is", result.shape[0])
/users/fperalta/.conda/envs/geneformer310/lib/python3.10/site-packages/sklearn/metrics/_classification.py:1731: UndefinedMetricWarning: F-score is ill-defined and being set to 0.0 in labels with no true nor predicted samples. Use `zero_division` parameter to control this behavior.
  _warn_prf(average, modifier, f"{metric.capitalize()} is", result.shape[0])
/users/fperalta/.conda/envs/geneformer310/lib/python3.10/site-packages/sklearn/metrics/_classification.py:1731: UndefinedMetricWarning: F-score is ill-defined and being set to 0.0 in labels with no true nor predicted samples. Use `zero_division` parameter to control this behavior.
  _warn_prf(average, modifier, f"{metric.capitalize()} is", result.shape[0])
/users/fperalta/.conda/envs/geneformer310/lib/python3.10/site-packages/sklearn/metrics/_classification.py:1731: UndefinedMetricWarning: F-score is ill-defined and being set to 0.0 in labels with no true nor predicted samples. Use `zero_division` parameter to control this behavior.
  _warn_prf(average, modifier, f"{metric.capitalize()} is", result.shape[0])
/users/fperalta/.conda/envs/geneformer310/lib/python3.10/site-packages/sklearn/metrics/_classification.py:1731: UndefinedMetricWarning: F-score is ill-defined and being set to 0.0 in labels with no true nor predicted samples. Use `zero_division` parameter to control this behavior.
  _warn_prf(average, modifier, f"{metric.capitalize()} is", result.shape[0])
/users/fperalta/.conda/envs/geneformer310/lib/python3.10/site-packages/sklearn/metrics/_classification.py:1731: UndefinedMetricWarning: F-score is ill-defined and being set to 0.0 in labels with no true nor predicted samples. Use `zero_division` parameter to control this behavior.
  _warn_prf(average, modifier, f"{metric.capitalize()} is", result.shape[0])
/users/fperalta/.conda/envs/geneformer310/lib/python3.10/site-packages/sklearn/metrics/_classification.py:1731: UndefinedMetricWarning: F-score is ill-defined and being set to 0.0 in labels with no true nor predicted samples. Use `zero_division` parameter to control this behavior.
  _warn_prf(average, modifier, f"{metric.capitalize()} is", result.shape[0])
/users/fperalta/.conda/envs/geneformer310/lib/python3.10/site-packages/sklearn/metrics/_classification.py:1731: UndefinedMetricWarning: F-score is ill-defined and being set to 0.0 in labels with no true nor predicted samples. Use `zero_division` parameter to control this behavior.
  _warn_prf(average, modifier, f"{metric.capitalize()} is", result.shape[0])
/users/fperalta/.conda/envs/geneformer310/lib/python3.10/site-packages/sklearn/metrics/_classification.py:1731: UndefinedMetricWarning: F-score is ill-defined and being set to 0.0 in labels with no true nor predicted samples. Use `zero_division` parameter to control this behavior.
  _warn_prf(average, modifier, f"{metric.capitalize()} is", result.shape[0])
/users/fperalta/.conda/envs/geneformer310/lib/python3.10/site-packages/sklearn/metrics/_classification.py:1731: UndefinedMetricWarning: F-score is ill-defined and being set to 0.0 in labels with no true nor predicted samples. Use `zero_division` parameter to control this behavior.
  _warn_prf(average, modifier, f"{metric.capitalize()} is", result.shape[0])
/users/fperalta/.conda/envs/geneformer310/lib/python3.10/site-packages/sklearn/metrics/_classification.py:1731: UndefinedMetricWarning: F-score is ill-defined and being set to 0.0 in labels with no true nor predicted samples. Use `zero_division` parameter to control this behavior.
  _warn_prf(average, modifier, f"{metric.capitalize()} is", result.shape[0])
/users/fperalta/.conda/envs/geneformer310/lib/python3.10/site-packages/sklearn/metrics/_classification.py:1731: UndefinedMetricWarning: F-score is ill-defined and being set to 0.0 in labels with no true nor predicted samples. Use `zero_division` parameter to control this behavior.
  _warn_prf(average, modifier, f"{metric.capitalize()} is", result.shape[0])
/users/fperalta/.conda/envs/geneformer310/lib/python3.10/site-packages/sklearn/metrics/_classification.py:1731: UndefinedMetricWarning: F-score is ill-defined and being set to 0.0 in labels with no true nor predicted samples. Use `zero_division` parameter to control this behavior.
  _warn_prf(average, modifier, f"{metric.capitalize()} is", result.shape[0])
/users/fperalta/.conda/envs/geneformer310/lib/python3.10/site-packages/sklearn/metrics/_classification.py:1731: UndefinedMetricWarning: F-score is ill-defined and being set to 0.0 in labels with no true nor predicted samples. Use `zero_division` parameter to control this behavior.
  _warn_prf(average, modifier, f"{metric.capitalize()} is", result.shape[0])
/users/fperalta/.conda/envs/geneformer310/lib/python3.10/site-packages/sklearn/metrics/_classification.py:1731: UndefinedMetricWarning: F-score is ill-defined and being set to 0.0 in labels with no true nor predicted samples. Use `zero_division` parameter to control this behavior.
  _warn_prf(average, modifier, f"{metric.capitalize()} is", result.shape[0])
/users/fperalta/.conda/envs/geneformer310/lib/python3.10/site-packages/sklearn/metrics/_classification.py:1731: UndefinedMetricWarning: F-score is ill-defined and being set to 0.0 in labels with no true nor predicted samples. Use `zero_division` parameter to control this behavior.
  _warn_prf(average, modifier, f"{metric.capitalize()} is", result.shape[0])
/users/fperalta/.conda/envs/geneformer310/lib/python3.10/site-packages/sklearn/metrics/_classification.py:1731: UndefinedMetricWarning: F-score is ill-defined and being set to 0.0 in labels with no true nor predicted samples. Use `zero_division` parameter to control this behavior.
  _warn_prf(average, modifier, f"{metric.capitalize()} is", result.shape[0])
/users/fperalta/.conda/envs/geneformer310/lib/python3.10/site-packages/sklearn/metrics/_classification.py:1731: UndefinedMetricWarning: F-score is ill-defined and being set to 0.0 in labels with no true nor predicted samples. Use `zero_division` parameter to control this behavior.
  _warn_prf(average, modifier, f"{metric.capitalize()} is", result.shape[0])
/users/fperalta/.conda/envs/geneformer310/lib/python3.10/site-packages/sklearn/metrics/_classification.py:1731: UndefinedMetricWarning: F-score is ill-defined and being set to 0.0 in labels with no true nor predicted samples. Use `zero_division` parameter to control this behavior.
  _warn_prf(average, modifier, f"{metric.capitalize()} is", result.shape[0])
              group  n_cells  n_donors  accuracy  macro_f1  macro_f1_common   ci_low  ci_high
  singaporean malay     1131        61  0.863837  0.745848         0.539770 0.413946 0.655681
           japanese     3043       148  0.884982  0.672591         0.612833 0.495665 0.700764
 singaporean indian     1248        70  0.884615  0.695987         0.649118 0.486702 0.745960
singaporean chinese     1387        84  0.876712  0.735823         0.682275 0.503417 0.759752
             korean     3896       165  0.867043  0.692321         0.785288 0.744987 0.821816
               thai     1336        59  0.866766  0.683773         0.788790 0.566784 0.835075
             indian      459        30  0.858388  0.250878         0.903161 0.868585 0.931580
worst group: singaporean malay (common-class macro-F1 0.5398 CI [0.4139,0.6557])
=== geneformer aida P2BA ===
holdout filter: kept 12,500/12,500 eval_donor cells
/users/fperalta/.conda/envs/geneformer310/lib/python3.10/site-packages/geneformer/collator_for_classification.py:649: UserWarning: To copy construct from a tensor, it is recommended to use sourceTensor.clone().detach() or sourceTensor.clone().detach().requires_grad_(True), rather than torch.tensor(sourceTensor).
  batch = {k: torch.tensor(v.clone().detach(), dtype=torch.int64) if isinstance(v, torch.Tensor) else torch.tensor(v, dtype=torch.int64) for k, v in batch.items()}
wrote per-cell predictions: 12,500 rows
/users/fperalta/.conda/envs/geneformer310/lib/python3.10/site-packages/sklearn/metrics/_classification.py:1731: UndefinedMetricWarning: F-score is ill-defined and being set to 0.0 in labels with no true nor predicted samples. Use `zero_division` parameter to control this behavior.
  _warn_prf(average, modifier, f"{metric.capitalize()} is", result.shape[0])
/users/fperalta/.conda/envs/geneformer310/lib/python3.10/site-packages/sklearn/metrics/_classification.py:1731: UndefinedMetricWarning: F-score is ill-defined and being set to 0.0 in labels with no true nor predicted samples. Use `zero_division` parameter to control this behavior.
  _warn_prf(average, modifier, f"{metric.capitalize()} is", result.shape[0])
/users/fperalta/.conda/envs/geneformer310/lib/python3.10/site-packages/sklearn/metrics/_classification.py:1731: UndefinedMetricWarning: F-score is ill-defined and being set to 0.0 in labels with no true nor predicted samples. Use `zero_division` parameter to control this behavior.
  _warn_prf(average, modifier, f"{metric.capitalize()} is", result.shape[0])
/users/fperalta/.conda/envs/geneformer310/lib/python3.10/site-packages/sklearn/metrics/_classification.py:1731: UndefinedMetricWarning: F-score is ill-defined and being set to 0.0 in labels with no true nor predicted samples. Use `zero_division` parameter to control this behavior.
  _warn_prf(average, modifier, f"{metric.capitalize()} is", result.shape[0])
/users/fperalta/.conda/envs/geneformer310/lib/python3.10/site-packages/sklearn/metrics/_classification.py:1731: UndefinedMetricWarning: F-score is ill-defined and being set to 0.0 in labels with no true nor predicted samples. Use `zero_division` parameter to control this behavior.
  _warn_prf(average, modifier, f"{metric.capitalize()} is", result.shape[0])
/users/fperalta/.conda/envs/geneformer310/lib/python3.10/site-packages/sklearn/metrics/_classification.py:1731: UndefinedMetricWarning: F-score is ill-defined and being set to 0.0 in labels with no true nor predicted samples. Use `zero_division` parameter to control this behavior.
  _warn_prf(average, modifier, f"{metric.capitalize()} is", result.shape[0])
/users/fperalta/.conda/envs/geneformer310/lib/python3.10/site-packages/sklearn/metrics/_classification.py:1731: UndefinedMetricWarning: F-score is ill-defined and being set to 0.0 in labels with no true nor predicted samples. Use `zero_division` parameter to control this behavior.
  _warn_prf(average, modifier, f"{metric.capitalize()} is", result.shape[0])
/users/fperalta/.conda/envs/geneformer310/lib/python3.10/site-packages/sklearn/metrics/_classification.py:1731: UndefinedMetricWarning: F-score is ill-defined and being set to 0.0 in labels with no true nor predicted samples. Use `zero_division` parameter to control this behavior.
  _warn_prf(average, modifier, f"{metric.capitalize()} is", result.shape[0])
/users/fperalta/.conda/envs/geneformer310/lib/python3.10/site-packages/sklearn/metrics/_classification.py:1731: UndefinedMetricWarning: F-score is ill-defined and being set to 0.0 in labels with no true nor predicted samples. Use `zero_division` parameter to control this behavior.
  _warn_prf(average, modifier, f"{metric.capitalize()} is", result.shape[0])
/users/fperalta/.conda/envs/geneformer310/lib/python3.10/site-packages/sklearn/metrics/_classification.py:1731: UndefinedMetricWarning: F-score is ill-defined and being set to 0.0 in labels with no true nor predicted samples. Use `zero_division` parameter to control this behavior.
  _warn_prf(average, modifier, f"{metric.capitalize()} is", result.shape[0])
/users/fperalta/.conda/envs/geneformer310/lib/python3.10/site-packages/sklearn/metrics/_classification.py:1731: UndefinedMetricWarning: F-score is ill-defined and being set to 0.0 in labels with no true nor predicted samples. Use `zero_division` parameter to control this behavior.
  _warn_prf(average, modifier, f"{metric.capitalize()} is", result.shape[0])
/users/fperalta/.conda/envs/geneformer310/lib/python3.10/site-packages/sklearn/metrics/_classification.py:1731: UndefinedMetricWarning: F-score is ill-defined and being set to 0.0 in labels with no true nor predicted samples. Use `zero_division` parameter to control this behavior.
  _warn_prf(average, modifier, f"{metric.capitalize()} is", result.shape[0])
/users/fperalta/.conda/envs/geneformer310/lib/python3.10/site-packages/sklearn/metrics/_classification.py:1731: UndefinedMetricWarning: F-score is ill-defined and being set to 0.0 in labels with no true nor predicted samples. Use `zero_division` parameter to control this behavior.
  _warn_prf(average, modifier, f"{metric.capitalize()} is", result.shape[0])
/users/fperalta/.conda/envs/geneformer310/lib/python3.10/site-packages/sklearn/metrics/_classification.py:1731: UndefinedMetricWarning: F-score is ill-defined and being set to 0.0 in labels with no true nor predicted samples. Use `zero_division` parameter to control this behavior.
  _warn_prf(average, modifier, f"{metric.capitalize()} is", result.shape[0])
/users/fperalta/.conda/envs/geneformer310/lib/python3.10/site-packages/sklearn/metrics/_classification.py:1731: UndefinedMetricWarning: F-score is ill-defined and being set to 0.0 in labels with no true nor predicted samples. Use `zero_division` parameter to control this behavior.
  _warn_prf(average, modifier, f"{metric.capitalize()} is", result.shape[0])
/users/fperalta/.conda/envs/geneformer310/lib/python3.10/site-packages/sklearn/metrics/_classification.py:1731: UndefinedMetricWarning: F-score is ill-defined and being set to 0.0 in labels with no true nor predicted samples. Use `zero_division` parameter to control this behavior.
  _warn_prf(average, modifier, f"{metric.capitalize()} is", result.shape[0])
/users/fperalta/.conda/envs/geneformer310/lib/python3.10/site-packages/sklearn/metrics/_classification.py:1731: UndefinedMetricWarning: F-score is ill-defined and being set to 0.0 in labels with no true nor predicted samples. Use `zero_division` parameter to control this behavior.
  _warn_prf(average, modifier, f"{metric.capitalize()} is", result.shape[0])
/users/fperalta/.conda/envs/geneformer310/lib/python3.10/site-packages/sklearn/metrics/_classification.py:1731: UndefinedMetricWarning: F-score is ill-defined and being set to 0.0 in labels with no true nor predicted samples. Use `zero_division` parameter to control this behavior.
  _warn_prf(average, modifier, f"{metric.capitalize()} is", result.shape[0])
/users/fperalta/.conda/envs/geneformer310/lib/python3.10/site-packages/sklearn/metrics/_classification.py:1731: UndefinedMetricWarning: F-score is ill-defined and being set to 0.0 in labels with no true nor predicted samples. Use `zero_division` parameter to control this behavior.
  _warn_prf(average, modifier, f"{metric.capitalize()} is", result.shape[0])
/users/fperalta/.conda/envs/geneformer310/lib/python3.10/site-packages/sklearn/metrics/_classification.py:1731: UndefinedMetricWarning: F-score is ill-defined and being set to 0.0 in labels with no true nor predicted samples. Use `zero_division` parameter to control this behavior.
  _warn_prf(average, modifier, f"{metric.capitalize()} is", result.shape[0])
/users/fperalta/.conda/envs/geneformer310/lib/python3.10/site-packages/sklearn/metrics/_classification.py:1731: UndefinedMetricWarning: F-score is ill-defined and being set to 0.0 in labels with no true nor predicted samples. Use `zero_division` parameter to control this behavior.
  _warn_prf(average, modifier, f"{metric.capitalize()} is", result.shape[0])
/users/fperalta/.conda/envs/geneformer310/lib/python3.10/site-packages/sklearn/metrics/_classification.py:1731: UndefinedMetricWarning: F-score is ill-defined and being set to 0.0 in labels with no true nor predicted samples. Use `zero_division` parameter to control this behavior.
  _warn_prf(average, modifier, f"{metric.capitalize()} is", result.shape[0])
/users/fperalta/.conda/envs/geneformer310/lib/python3.10/site-packages/sklearn/metrics/_classification.py:1731: UndefinedMetricWarning: F-score is ill-defined and being set to 0.0 in labels with no true nor predicted samples. Use `zero_division` parameter to control this behavior.
  _warn_prf(average, modifier, f"{metric.capitalize()} is", result.shape[0])
/users/fperalta/.conda/envs/geneformer310/lib/python3.10/site-packages/sklearn/metrics/_classification.py:1731: UndefinedMetricWarning: F-score is ill-defined and being set to 0.0 in labels with no true nor predicted samples. Use `zero_division` parameter to control this behavior.
  _warn_prf(average, modifier, f"{metric.capitalize()} is", result.shape[0])
/users/fperalta/.conda/envs/geneformer310/lib/python3.10/site-packages/sklearn/metrics/_classification.py:1731: UndefinedMetricWarning: F-score is ill-defined and being set to 0.0 in labels with no true nor predicted samples. Use `zero_division` parameter to control this behavior.
  _warn_prf(average, modifier, f"{metric.capitalize()} is", result.shape[0])
/users/fperalta/.conda/envs/geneformer310/lib/python3.10/site-packages/sklearn/metrics/_classification.py:1731: UndefinedMetricWarning: F-score is ill-defined and being set to 0.0 in labels with no true nor predicted samples. Use `zero_division` parameter to control this behavior.
  _warn_prf(average, modifier, f"{metric.capitalize()} is", result.shape[0])
/users/fperalta/.conda/envs/geneformer310/lib/python3.10/site-packages/sklearn/metrics/_classification.py:1731: UndefinedMetricWarning: F-score is ill-defined and being set to 0.0 in labels with no true nor predicted samples. Use `zero_division` parameter to control this behavior.
  _warn_prf(average, modifier, f"{metric.capitalize()} is", result.shape[0])
/users/fperalta/.conda/envs/geneformer310/lib/python3.10/site-packages/sklearn/metrics/_classification.py:1731: UndefinedMetricWarning: F-score is ill-defined and being set to 0.0 in labels with no true nor predicted samples. Use `zero_division` parameter to control this behavior.
  _warn_prf(average, modifier, f"{metric.capitalize()} is", result.shape[0])
              group  n_cells  n_donors  accuracy  macro_f1  macro_f1_common   ci_low  ci_high
  singaporean malay     1131        61  0.871795  0.781155         0.602482 0.467891 0.718358
           japanese     3043       148  0.893526  0.730850         0.621741 0.509921 0.700908
 singaporean indian     1248        70  0.887821  0.742720         0.687821 0.489283 0.797860
singaporean chinese     1387        84  0.887527  0.769646         0.712069 0.543284 0.793163
             korean     3896       165  0.875513  0.752928         0.783978 0.741890 0.817745
               thai     1336        59  0.886976  0.753419         0.815136 0.603283 0.875730
             indian      459        30  0.864924  0.279386         0.917543 0.893566 0.936254
worst group: singaporean malay (common-class macro-F1 0.6025 CI [0.4679,0.7184])
=== geneformer aida P2BJ ===
holdout filter: kept 12,500/12,500 eval_donor cells
/users/fperalta/.conda/envs/geneformer310/lib/python3.10/site-packages/geneformer/collator_for_classification.py:649: UserWarning: To copy construct from a tensor, it is recommended to use sourceTensor.clone().detach() or sourceTensor.clone().detach().requires_grad_(True), rather than torch.tensor(sourceTensor).
  batch = {k: torch.tensor(v.clone().detach(), dtype=torch.int64) if isinstance(v, torch.Tensor) else torch.tensor(v, dtype=torch.int64) for k, v in batch.items()}
wrote per-cell predictions: 12,500 rows
/users/fperalta/.conda/envs/geneformer310/lib/python3.10/site-packages/sklearn/metrics/_classification.py:1731: UndefinedMetricWarning: F-score is ill-defined and being set to 0.0 in labels with no true nor predicted samples. Use `zero_division` parameter to control this behavior.
  _warn_prf(average, modifier, f"{metric.capitalize()} is", result.shape[0])
/users/fperalta/.conda/envs/geneformer310/lib/python3.10/site-packages/sklearn/metrics/_classification.py:1731: UndefinedMetricWarning: F-score is ill-defined and being set to 0.0 in labels with no true nor predicted samples. Use `zero_division` parameter to control this behavior.
  _warn_prf(average, modifier, f"{metric.capitalize()} is", result.shape[0])
/users/fperalta/.conda/envs/geneformer310/lib/python3.10/site-packages/sklearn/metrics/_classification.py:1731: UndefinedMetricWarning: F-score is ill-defined and being set to 0.0 in labels with no true nor predicted samples. Use `zero_division` parameter to control this behavior.
  _warn_prf(average, modifier, f"{metric.capitalize()} is", result.shape[0])
/users/fperalta/.conda/envs/geneformer310/lib/python3.10/site-packages/sklearn/metrics/_classification.py:1731: UndefinedMetricWarning: F-score is ill-defined and being set to 0.0 in labels with no true nor predicted samples. Use `zero_division` parameter to control this behavior.
  _warn_prf(average, modifier, f"{metric.capitalize()} is", result.shape[0])
/users/fperalta/.conda/envs/geneformer310/lib/python3.10/site-packages/sklearn/metrics/_classification.py:1731: UndefinedMetricWarning: F-score is ill-defined and being set to 0.0 in labels with no true nor predicted samples. Use `zero_division` parameter to control this behavior.
  _warn_prf(average, modifier, f"{metric.capitalize()} is", result.shape[0])
/users/fperalta/.conda/envs/geneformer310/lib/python3.10/site-packages/sklearn/metrics/_classification.py:1731: UndefinedMetricWarning: F-score is ill-defined and being set to 0.0 in labels with no true nor predicted samples. Use `zero_division` parameter to control this behavior.
  _warn_prf(average, modifier, f"{metric.capitalize()} is", result.shape[0])
/users/fperalta/.conda/envs/geneformer310/lib/python3.10/site-packages/sklearn/metrics/_classification.py:1731: UndefinedMetricWarning: F-score is ill-defined and being set to 0.0 in labels with no true nor predicted samples. Use `zero_division` parameter to control this behavior.
  _warn_prf(average, modifier, f"{metric.capitalize()} is", result.shape[0])
/users/fperalta/.conda/envs/geneformer310/lib/python3.10/site-packages/sklearn/metrics/_classification.py:1731: UndefinedMetricWarning: F-score is ill-defined and being set to 0.0 in labels with no true nor predicted samples. Use `zero_division` parameter to control this behavior.
  _warn_prf(average, modifier, f"{metric.capitalize()} is", result.shape[0])
/users/fperalta/.conda/envs/geneformer310/lib/python3.10/site-packages/sklearn/metrics/_classification.py:1731: UndefinedMetricWarning: F-score is ill-defined and being set to 0.0 in labels with no true nor predicted samples. Use `zero_division` parameter to control this behavior.
  _warn_prf(average, modifier, f"{metric.capitalize()} is", result.shape[0])
/users/fperalta/.conda/envs/geneformer310/lib/python3.10/site-packages/sklearn/metrics/_classification.py:1731: UndefinedMetricWarning: F-score is ill-defined and being set to 0.0 in labels with no true nor predicted samples. Use `zero_division` parameter to control this behavior.
  _warn_prf(average, modifier, f"{metric.capitalize()} is", result.shape[0])
/users/fperalta/.conda/envs/geneformer310/lib/python3.10/site-packages/sklearn/metrics/_classification.py:1731: UndefinedMetricWarning: F-score is ill-defined and being set to 0.0 in labels with no true nor predicted samples. Use `zero_division` parameter to control this behavior.
  _warn_prf(average, modifier, f"{metric.capitalize()} is", result.shape[0])
/users/fperalta/.conda/envs/geneformer310/lib/python3.10/site-packages/sklearn/metrics/_classification.py:1731: UndefinedMetricWarning: F-score is ill-defined and being set to 0.0 in labels with no true nor predicted samples. Use `zero_division` parameter to control this behavior.
  _warn_prf(average, modifier, f"{metric.capitalize()} is", result.shape[0])
/users/fperalta/.conda/envs/geneformer310/lib/python3.10/site-packages/sklearn/metrics/_classification.py:1731: UndefinedMetricWarning: F-score is ill-defined and being set to 0.0 in labels with no true nor predicted samples. Use `zero_division` parameter to control this behavior.
  _warn_prf(average, modifier, f"{metric.capitalize()} is", result.shape[0])
/users/fperalta/.conda/envs/geneformer310/lib/python3.10/site-packages/sklearn/metrics/_classification.py:1731: UndefinedMetricWarning: F-score is ill-defined and being set to 0.0 in labels with no true nor predicted samples. Use `zero_division` parameter to control this behavior.
  _warn_prf(average, modifier, f"{metric.capitalize()} is", result.shape[0])
/users/fperalta/.conda/envs/geneformer310/lib/python3.10/site-packages/sklearn/metrics/_classification.py:1731: UndefinedMetricWarning: F-score is ill-defined and being set to 0.0 in labels with no true nor predicted samples. Use `zero_division` parameter to control this behavior.
  _warn_prf(average, modifier, f"{metric.capitalize()} is", result.shape[0])
/users/fperalta/.conda/envs/geneformer310/lib/python3.10/site-packages/sklearn/metrics/_classification.py:1731: UndefinedMetricWarning: F-score is ill-defined and being set to 0.0 in labels with no true nor predicted samples. Use `zero_division` parameter to control this behavior.
  _warn_prf(average, modifier, f"{metric.capitalize()} is", result.shape[0])
/users/fperalta/.conda/envs/geneformer310/lib/python3.10/site-packages/sklearn/metrics/_classification.py:1731: UndefinedMetricWarning: F-score is ill-defined and being set to 0.0 in labels with no true nor predicted samples. Use `zero_division` parameter to control this behavior.
  _warn_prf(average, modifier, f"{metric.capitalize()} is", result.shape[0])
/users/fperalta/.conda/envs/geneformer310/lib/python3.10/site-packages/sklearn/metrics/_classification.py:1731: UndefinedMetricWarning: F-score is ill-defined and being set to 0.0 in labels with no true nor predicted samples. Use `zero_division` parameter to control this behavior.
  _warn_prf(average, modifier, f"{metric.capitalize()} is", result.shape[0])
/users/fperalta/.conda/envs/geneformer310/lib/python3.10/site-packages/sklearn/metrics/_classification.py:1731: UndefinedMetricWarning: F-score is ill-defined and being set to 0.0 in labels with no true nor predicted samples. Use `zero_division` parameter to control this behavior.
  _warn_prf(average, modifier, f"{metric.capitalize()} is", result.shape[0])
/users/fperalta/.conda/envs/geneformer310/lib/python3.10/site-packages/sklearn/metrics/_classification.py:1731: UndefinedMetricWarning: F-score is ill-defined and being set to 0.0 in labels with no true nor predicted samples. Use `zero_division` parameter to control this behavior.
  _warn_prf(average, modifier, f"{metric.capitalize()} is", result.shape[0])
/users/fperalta/.conda/envs/geneformer310/lib/python3.10/site-packages/sklearn/metrics/_classification.py:1731: UndefinedMetricWarning: F-score is ill-defined and being set to 0.0 in labels with no true nor predicted samples. Use `zero_division` parameter to control this behavior.
  _warn_prf(average, modifier, f"{metric.capitalize()} is", result.shape[0])
/users/fperalta/.conda/envs/geneformer310/lib/python3.10/site-packages/sklearn/metrics/_classification.py:1731: UndefinedMetricWarning: F-score is ill-defined and being set to 0.0 in labels with no true nor predicted samples. Use `zero_division` parameter to control this behavior.
  _warn_prf(average, modifier, f"{metric.capitalize()} is", result.shape[0])
/users/fperalta/.conda/envs/geneformer310/lib/python3.10/site-packages/sklearn/metrics/_classification.py:1731: UndefinedMetricWarning: F-score is ill-defined and being set to 0.0 in labels with no true nor predicted samples. Use `zero_division` parameter to control this behavior.
  _warn_prf(average, modifier, f"{metric.capitalize()} is", result.shape[0])
/users/fperalta/.conda/envs/geneformer310/lib/python3.10/site-packages/sklearn/metrics/_classification.py:1731: UndefinedMetricWarning: F-score is ill-defined and being set to 0.0 in labels with no true nor predicted samples. Use `zero_division` parameter to control this behavior.
  _warn_prf(average, modifier, f"{metric.capitalize()} is", result.shape[0])
/users/fperalta/.conda/envs/geneformer310/lib/python3.10/site-packages/sklearn/metrics/_classification.py:1731: UndefinedMetricWarning: F-score is ill-defined and being set to 0.0 in labels with no true nor predicted samples. Use `zero_division` parameter to control this behavior.
  _warn_prf(average, modifier, f"{metric.capitalize()} is", result.shape[0])
/users/fperalta/.conda/envs/geneformer310/lib/python3.10/site-packages/sklearn/metrics/_classification.py:1731: UndefinedMetricWarning: F-score is ill-defined and being set to 0.0 in labels with no true nor predicted samples. Use `zero_division` parameter to control this behavior.
  _warn_prf(average, modifier, f"{metric.capitalize()} is", result.shape[0])
/users/fperalta/.conda/envs/geneformer310/lib/python3.10/site-packages/sklearn/metrics/_classification.py:1731: UndefinedMetricWarning: F-score is ill-defined and being set to 0.0 in labels with no true nor predicted samples. Use `zero_division` parameter to control this behavior.
  _warn_prf(average, modifier, f"{metric.capitalize()} is", result.shape[0])
/users/fperalta/.conda/envs/geneformer310/lib/python3.10/site-packages/sklearn/metrics/_classification.py:1731: UndefinedMetricWarning: F-score is ill-defined and being set to 0.0 in labels with no true nor predicted samples. Use `zero_division` parameter to control this behavior.
  _warn_prf(average, modifier, f"{metric.capitalize()} is", result.shape[0])
              group  n_cells  n_donors  accuracy  macro_f1  macro_f1_common   ci_low  ci_high
  singaporean malay     1131        61  0.852343  0.761763         0.614877 0.507288 0.706508
           japanese     3043       148  0.871180  0.725486         0.632204 0.519064 0.705437
 singaporean indian     1248        70  0.865385  0.742025         0.711111 0.554340 0.784348
             indian      459        30  0.459695  0.199253         0.756415 0.698275 0.805387
             korean     3896       165  0.835729  0.798551         0.760493 0.720656 0.791323
singaporean chinese     1387        84  0.870224  0.794900         0.768859 0.589363 0.853223
               thai     1336        59  0.863024  0.764966         0.825194 0.614517 0.866967
worst group: singaporean malay (common-class macro-F1 0.6149 CI [0.5073,0.7065])
=== geneformer aida P2BU ===
holdout filter: kept 12,500/12,500 eval_donor cells
/users/fperalta/.conda/envs/geneformer310/lib/python3.10/site-packages/geneformer/collator_for_classification.py:649: UserWarning: To copy construct from a tensor, it is recommended to use sourceTensor.clone().detach() or sourceTensor.clone().detach().requires_grad_(True), rather than torch.tensor(sourceTensor).
  batch = {k: torch.tensor(v.clone().detach(), dtype=torch.int64) if isinstance(v, torch.Tensor) else torch.tensor(v, dtype=torch.int64) for k, v in batch.items()}
wrote per-cell predictions: 12,500 rows
/users/fperalta/.conda/envs/geneformer310/lib/python3.10/site-packages/sklearn/metrics/_classification.py:1731: UndefinedMetricWarning: F-score is ill-defined and being set to 0.0 in labels with no true nor predicted samples. Use `zero_division` parameter to control this behavior.
  _warn_prf(average, modifier, f"{metric.capitalize()} is", result.shape[0])
/users/fperalta/.conda/envs/geneformer310/lib/python3.10/site-packages/sklearn/metrics/_classification.py:1731: UndefinedMetricWarning: F-score is ill-defined and being set to 0.0 in labels with no true nor predicted samples. Use `zero_division` parameter to control this behavior.
  _warn_prf(average, modifier, f"{metric.capitalize()} is", result.shape[0])
/users/fperalta/.conda/envs/geneformer310/lib/python3.10/site-packages/sklearn/metrics/_classification.py:1731: UndefinedMetricWarning: F-score is ill-defined and being set to 0.0 in labels with no true nor predicted samples. Use `zero_division` parameter to control this behavior.
  _warn_prf(average, modifier, f"{metric.capitalize()} is", result.shape[0])
/users/fperalta/.conda/envs/geneformer310/lib/python3.10/site-packages/sklearn/metrics/_classification.py:1731: UndefinedMetricWarning: F-score is ill-defined and being set to 0.0 in labels with no true nor predicted samples. Use `zero_division` parameter to control this behavior.
  _warn_prf(average, modifier, f"{metric.capitalize()} is", result.shape[0])
/users/fperalta/.conda/envs/geneformer310/lib/python3.10/site-packages/sklearn/metrics/_classification.py:1731: UndefinedMetricWarning: F-score is ill-defined and being set to 0.0 in labels with no true nor predicted samples. Use `zero_division` parameter to control this behavior.
  _warn_prf(average, modifier, f"{metric.capitalize()} is", result.shape[0])
/users/fperalta/.conda/envs/geneformer310/lib/python3.10/site-packages/sklearn/metrics/_classification.py:1731: UndefinedMetricWarning: F-score is ill-defined and being set to 0.0 in labels with no true nor predicted samples. Use `zero_division` parameter to control this behavior.
  _warn_prf(average, modifier, f"{metric.capitalize()} is", result.shape[0])
/users/fperalta/.conda/envs/geneformer310/lib/python3.10/site-packages/sklearn/metrics/_classification.py:1731: UndefinedMetricWarning: F-score is ill-defined and being set to 0.0 in labels with no true nor predicted samples. Use `zero_division` parameter to control this behavior.
  _warn_prf(average, modifier, f"{metric.capitalize()} is", result.shape[0])
/users/fperalta/.conda/envs/geneformer310/lib/python3.10/site-packages/sklearn/metrics/_classification.py:1731: UndefinedMetricWarning: F-score is ill-defined and being set to 0.0 in labels with no true nor predicted samples. Use `zero_division` parameter to control this behavior.
  _warn_prf(average, modifier, f"{metric.capitalize()} is", result.shape[0])
/users/fperalta/.conda/envs/geneformer310/lib/python3.10/site-packages/sklearn/metrics/_classification.py:1731: UndefinedMetricWarning: F-score is ill-defined and being set to 0.0 in labels with no true nor predicted samples. Use `zero_division` parameter to control this behavior.
  _warn_prf(average, modifier, f"{metric.capitalize()} is", result.shape[0])
/users/fperalta/.conda/envs/geneformer310/lib/python3.10/site-packages/sklearn/metrics/_classification.py:1731: UndefinedMetricWarning: F-score is ill-defined and being set to 0.0 in labels with no true nor predicted samples. Use `zero_division` parameter to control this behavior.
  _warn_prf(average, modifier, f"{metric.capitalize()} is", result.shape[0])
/users/fperalta/.conda/envs/geneformer310/lib/python3.10/site-packages/sklearn/metrics/_classification.py:1731: UndefinedMetricWarning: F-score is ill-defined and being set to 0.0 in labels with no true nor predicted samples. Use `zero_division` parameter to control this behavior.
  _warn_prf(average, modifier, f"{metric.capitalize()} is", result.shape[0])
/users/fperalta/.conda/envs/geneformer310/lib/python3.10/site-packages/sklearn/metrics/_classification.py:1731: UndefinedMetricWarning: F-score is ill-defined and being set to 0.0 in labels with no true nor predicted samples. Use `zero_division` parameter to control this behavior.
  _warn_prf(average, modifier, f"{metric.capitalize()} is", result.shape[0])
/users/fperalta/.conda/envs/geneformer310/lib/python3.10/site-packages/sklearn/metrics/_classification.py:1731: UndefinedMetricWarning: F-score is ill-defined and being set to 0.0 in labels with no true nor predicted samples. Use `zero_division` parameter to control this behavior.
  _warn_prf(average, modifier, f"{metric.capitalize()} is", result.shape[0])
/users/fperalta/.conda/envs/geneformer310/lib/python3.10/site-packages/sklearn/metrics/_classification.py:1731: UndefinedMetricWarning: F-score is ill-defined and being set to 0.0 in labels with no true nor predicted samples. Use `zero_division` parameter to control this behavior.
  _warn_prf(average, modifier, f"{metric.capitalize()} is", result.shape[0])
/users/fperalta/.conda/envs/geneformer310/lib/python3.10/site-packages/sklearn/metrics/_classification.py:1731: UndefinedMetricWarning: F-score is ill-defined and being set to 0.0 in labels with no true nor predicted samples. Use `zero_division` parameter to control this behavior.
  _warn_prf(average, modifier, f"{metric.capitalize()} is", result.shape[0])
/users/fperalta/.conda/envs/geneformer310/lib/python3.10/site-packages/sklearn/metrics/_classification.py:1731: UndefinedMetricWarning: F-score is ill-defined and being set to 0.0 in labels with no true nor predicted samples. Use `zero_division` parameter to control this behavior.
  _warn_prf(average, modifier, f"{metric.capitalize()} is", result.shape[0])
/users/fperalta/.conda/envs/geneformer310/lib/python3.10/site-packages/sklearn/metrics/_classification.py:1731: UndefinedMetricWarning: F-score is ill-defined and being set to 0.0 in labels with no true nor predicted samples. Use `zero_division` parameter to control this behavior.
  _warn_prf(average, modifier, f"{metric.capitalize()} is", result.shape[0])
/users/fperalta/.conda/envs/geneformer310/lib/python3.10/site-packages/sklearn/metrics/_classification.py:1731: UndefinedMetricWarning: F-score is ill-defined and being set to 0.0 in labels with no true nor predicted samples. Use `zero_division` parameter to control this behavior.
  _warn_prf(average, modifier, f"{metric.capitalize()} is", result.shape[0])
/users/fperalta/.conda/envs/geneformer310/lib/python3.10/site-packages/sklearn/metrics/_classification.py:1731: UndefinedMetricWarning: F-score is ill-defined and being set to 0.0 in labels with no true nor predicted samples. Use `zero_division` parameter to control this behavior.
  _warn_prf(average, modifier, f"{metric.capitalize()} is", result.shape[0])
/users/fperalta/.conda/envs/geneformer310/lib/python3.10/site-packages/sklearn/metrics/_classification.py:1731: UndefinedMetricWarning: F-score is ill-defined and being set to 0.0 in labels with no true nor predicted samples. Use `zero_division` parameter to control this behavior.
  _warn_prf(average, modifier, f"{metric.capitalize()} is", result.shape[0])
/users/fperalta/.conda/envs/geneformer310/lib/python3.10/site-packages/sklearn/metrics/_classification.py:1731: UndefinedMetricWarning: F-score is ill-defined and being set to 0.0 in labels with no true nor predicted samples. Use `zero_division` parameter to control this behavior.
  _warn_prf(average, modifier, f"{metric.capitalize()} is", result.shape[0])
/users/fperalta/.conda/envs/geneformer310/lib/python3.10/site-packages/sklearn/metrics/_classification.py:1731: UndefinedMetricWarning: F-score is ill-defined and being set to 0.0 in labels with no true nor predicted samples. Use `zero_division` parameter to control this behavior.
  _warn_prf(average, modifier, f"{metric.capitalize()} is", result.shape[0])
/users/fperalta/.conda/envs/geneformer310/lib/python3.10/site-packages/sklearn/metrics/_classification.py:1731: UndefinedMetricWarning: F-score is ill-defined and being set to 0.0 in labels with no true nor predicted samples. Use `zero_division` parameter to control this behavior.
  _warn_prf(average, modifier, f"{metric.capitalize()} is", result.shape[0])
/users/fperalta/.conda/envs/geneformer310/lib/python3.10/site-packages/sklearn/metrics/_classification.py:1731: UndefinedMetricWarning: F-score is ill-defined and being set to 0.0 in labels with no true nor predicted samples. Use `zero_division` parameter to control this behavior.
  _warn_prf(average, modifier, f"{metric.capitalize()} is", result.shape[0])
/users/fperalta/.conda/envs/geneformer310/lib/python3.10/site-packages/sklearn/metrics/_classification.py:1731: UndefinedMetricWarning: F-score is ill-defined and being set to 0.0 in labels with no true nor predicted samples. Use `zero_division` parameter to control this behavior.
  _warn_prf(average, modifier, f"{metric.capitalize()} is", result.shape[0])
/users/fperalta/.conda/envs/geneformer310/lib/python3.10/site-packages/sklearn/metrics/_classification.py:1731: UndefinedMetricWarning: F-score is ill-defined and being set to 0.0 in labels with no true nor predicted samples. Use `zero_division` parameter to control this behavior.
  _warn_prf(average, modifier, f"{metric.capitalize()} is", result.shape[0])
/users/fperalta/.conda/envs/geneformer310/lib/python3.10/site-packages/sklearn/metrics/_classification.py:1731: UndefinedMetricWarning: F-score is ill-defined and being set to 0.0 in labels with no true nor predicted samples. Use `zero_division` parameter to control this behavior.
  _warn_prf(average, modifier, f"{metric.capitalize()} is", result.shape[0])
/users/fperalta/.conda/envs/geneformer310/lib/python3.10/site-packages/sklearn/metrics/_classification.py:1731: UndefinedMetricWarning: F-score is ill-defined and being set to 0.0 in labels with no true nor predicted samples. Use `zero_division` parameter to control this behavior.
  _warn_prf(average, modifier, f"{metric.capitalize()} is", result.shape[0])
              group  n_cells  n_donors  accuracy  macro_f1  macro_f1_common   ci_low  ci_high
           japanese     3043       148  0.889911  0.658377         0.535259 0.452399 0.597089
  singaporean malay     1131        61  0.876216  0.750899         0.616080 0.474818 0.712988
singaporean chinese     1387        84  0.888248  0.728328         0.669685 0.517119 0.789224
               thai     1336        59  0.889970  0.672143         0.702418 0.502877 0.815515
 singaporean indian     1248        70  0.888622  0.736100         0.714188 0.511637 0.818037
             korean     3896       165  0.871150  0.684983         0.754043 0.704444 0.794542
             indian      459        30  0.864924  0.224884         0.899535 0.871334 0.928042
worst group: japanese (common-class macro-F1 0.5353 CI [0.4524,0.5971])
=== geneformer aida P2DS ===
holdout filter: kept 12,500/12,500 eval_donor cells
/users/fperalta/.conda/envs/geneformer310/lib/python3.10/site-packages/geneformer/collator_for_classification.py:649: UserWarning: To copy construct from a tensor, it is recommended to use sourceTensor.clone().detach() or sourceTensor.clone().detach().requires_grad_(True), rather than torch.tensor(sourceTensor).
  batch = {k: torch.tensor(v.clone().detach(), dtype=torch.int64) if isinstance(v, torch.Tensor) else torch.tensor(v, dtype=torch.int64) for k, v in batch.items()}
wrote per-cell predictions: 12,500 rows
/users/fperalta/.conda/envs/geneformer310/lib/python3.10/site-packages/sklearn/metrics/_classification.py:1731: UndefinedMetricWarning: F-score is ill-defined and being set to 0.0 in labels with no true nor predicted samples. Use `zero_division` parameter to control this behavior.
  _warn_prf(average, modifier, f"{metric.capitalize()} is", result.shape[0])
/users/fperalta/.conda/envs/geneformer310/lib/python3.10/site-packages/sklearn/metrics/_classification.py:1731: UndefinedMetricWarning: F-score is ill-defined and being set to 0.0 in labels with no true nor predicted samples. Use `zero_division` parameter to control this behavior.
  _warn_prf(average, modifier, f"{metric.capitalize()} is", result.shape[0])
/users/fperalta/.conda/envs/geneformer310/lib/python3.10/site-packages/sklearn/metrics/_classification.py:1731: UndefinedMetricWarning: F-score is ill-defined and being set to 0.0 in labels with no true nor predicted samples. Use `zero_division` parameter to control this behavior.
  _warn_prf(average, modifier, f"{metric.capitalize()} is", result.shape[0])
/users/fperalta/.conda/envs/geneformer310/lib/python3.10/site-packages/sklearn/metrics/_classification.py:1731: UndefinedMetricWarning: F-score is ill-defined and being set to 0.0 in labels with no true nor predicted samples. Use `zero_division` parameter to control this behavior.
  _warn_prf(average, modifier, f"{metric.capitalize()} is", result.shape[0])
/users/fperalta/.conda/envs/geneformer310/lib/python3.10/site-packages/sklearn/metrics/_classification.py:1731: UndefinedMetricWarning: F-score is ill-defined and being set to 0.0 in labels with no true nor predicted samples. Use `zero_division` parameter to control this behavior.
  _warn_prf(average, modifier, f"{metric.capitalize()} is", result.shape[0])
/users/fperalta/.conda/envs/geneformer310/lib/python3.10/site-packages/sklearn/metrics/_classification.py:1731: UndefinedMetricWarning: F-score is ill-defined and being set to 0.0 in labels with no true nor predicted samples. Use `zero_division` parameter to control this behavior.
  _warn_prf(average, modifier, f"{metric.capitalize()} is", result.shape[0])
/users/fperalta/.conda/envs/geneformer310/lib/python3.10/site-packages/sklearn/metrics/_classification.py:1731: UndefinedMetricWarning: F-score is ill-defined and being set to 0.0 in labels with no true nor predicted samples. Use `zero_division` parameter to control this behavior.
  _warn_prf(average, modifier, f"{metric.capitalize()} is", result.shape[0])
/users/fperalta/.conda/envs/geneformer310/lib/python3.10/site-packages/sklearn/metrics/_classification.py:1731: UndefinedMetricWarning: F-score is ill-defined and being set to 0.0 in labels with no true nor predicted samples. Use `zero_division` parameter to control this behavior.
  _warn_prf(average, modifier, f"{metric.capitalize()} is", result.shape[0])
/users/fperalta/.conda/envs/geneformer310/lib/python3.10/site-packages/sklearn/metrics/_classification.py:1731: UndefinedMetricWarning: F-score is ill-defined and being set to 0.0 in labels with no true nor predicted samples. Use `zero_division` parameter to control this behavior.
  _warn_prf(average, modifier, f"{metric.capitalize()} is", result.shape[0])
/users/fperalta/.conda/envs/geneformer310/lib/python3.10/site-packages/sklearn/metrics/_classification.py:1731: UndefinedMetricWarning: F-score is ill-defined and being set to 0.0 in labels with no true nor predicted samples. Use `zero_division` parameter to control this behavior.
  _warn_prf(average, modifier, f"{metric.capitalize()} is", result.shape[0])
/users/fperalta/.conda/envs/geneformer310/lib/python3.10/site-packages/sklearn/metrics/_classification.py:1731: UndefinedMetricWarning: F-score is ill-defined and being set to 0.0 in labels with no true nor predicted samples. Use `zero_division` parameter to control this behavior.
  _warn_prf(average, modifier, f"{metric.capitalize()} is", result.shape[0])
/users/fperalta/.conda/envs/geneformer310/lib/python3.10/site-packages/sklearn/metrics/_classification.py:1731: UndefinedMetricWarning: F-score is ill-defined and being set to 0.0 in labels with no true nor predicted samples. Use `zero_division` parameter to control this behavior.
  _warn_prf(average, modifier, f"{metric.capitalize()} is", result.shape[0])
/users/fperalta/.conda/envs/geneformer310/lib/python3.10/site-packages/sklearn/metrics/_classification.py:1731: UndefinedMetricWarning: F-score is ill-defined and being set to 0.0 in labels with no true nor predicted samples. Use `zero_division` parameter to control this behavior.
  _warn_prf(average, modifier, f"{metric.capitalize()} is", result.shape[0])
/users/fperalta/.conda/envs/geneformer310/lib/python3.10/site-packages/sklearn/metrics/_classification.py:1731: UndefinedMetricWarning: F-score is ill-defined and being set to 0.0 in labels with no true nor predicted samples. Use `zero_division` parameter to control this behavior.
  _warn_prf(average, modifier, f"{metric.capitalize()} is", result.shape[0])
/users/fperalta/.conda/envs/geneformer310/lib/python3.10/site-packages/sklearn/metrics/_classification.py:1731: UndefinedMetricWarning: F-score is ill-defined and being set to 0.0 in labels with no true nor predicted samples. Use `zero_division` parameter to control this behavior.
  _warn_prf(average, modifier, f"{metric.capitalize()} is", result.shape[0])
/users/fperalta/.conda/envs/geneformer310/lib/python3.10/site-packages/sklearn/metrics/_classification.py:1731: UndefinedMetricWarning: F-score is ill-defined and being set to 0.0 in labels with no true nor predicted samples. Use `zero_division` parameter to control this behavior.
  _warn_prf(average, modifier, f"{metric.capitalize()} is", result.shape[0])
/users/fperalta/.conda/envs/geneformer310/lib/python3.10/site-packages/sklearn/metrics/_classification.py:1731: UndefinedMetricWarning: F-score is ill-defined and being set to 0.0 in labels with no true nor predicted samples. Use `zero_division` parameter to control this behavior.
  _warn_prf(average, modifier, f"{metric.capitalize()} is", result.shape[0])
/users/fperalta/.conda/envs/geneformer310/lib/python3.10/site-packages/sklearn/metrics/_classification.py:1731: UndefinedMetricWarning: F-score is ill-defined and being set to 0.0 in labels with no true nor predicted samples. Use `zero_division` parameter to control this behavior.
  _warn_prf(average, modifier, f"{metric.capitalize()} is", result.shape[0])
/users/fperalta/.conda/envs/geneformer310/lib/python3.10/site-packages/sklearn/metrics/_classification.py:1731: UndefinedMetricWarning: F-score is ill-defined and being set to 0.0 in labels with no true nor predicted samples. Use `zero_division` parameter to control this behavior.
  _warn_prf(average, modifier, f"{metric.capitalize()} is", result.shape[0])
/users/fperalta/.conda/envs/geneformer310/lib/python3.10/site-packages/sklearn/metrics/_classification.py:1731: UndefinedMetricWarning: F-score is ill-defined and being set to 0.0 in labels with no true nor predicted samples. Use `zero_division` parameter to control this behavior.
  _warn_prf(average, modifier, f"{metric.capitalize()} is", result.shape[0])
/users/fperalta/.conda/envs/geneformer310/lib/python3.10/site-packages/sklearn/metrics/_classification.py:1731: UndefinedMetricWarning: F-score is ill-defined and being set to 0.0 in labels with no true nor predicted samples. Use `zero_division` parameter to control this behavior.
  _warn_prf(average, modifier, f"{metric.capitalize()} is", result.shape[0])
/users/fperalta/.conda/envs/geneformer310/lib/python3.10/site-packages/sklearn/metrics/_classification.py:1731: UndefinedMetricWarning: F-score is ill-defined and being set to 0.0 in labels with no true nor predicted samples. Use `zero_division` parameter to control this behavior.
  _warn_prf(average, modifier, f"{metric.capitalize()} is", result.shape[0])
/users/fperalta/.conda/envs/geneformer310/lib/python3.10/site-packages/sklearn/metrics/_classification.py:1731: UndefinedMetricWarning: F-score is ill-defined and being set to 0.0 in labels with no true nor predicted samples. Use `zero_division` parameter to control this behavior.
  _warn_prf(average, modifier, f"{metric.capitalize()} is", result.shape[0])
/users/fperalta/.conda/envs/geneformer310/lib/python3.10/site-packages/sklearn/metrics/_classification.py:1731: UndefinedMetricWarning: F-score is ill-defined and being set to 0.0 in labels with no true nor predicted samples. Use `zero_division` parameter to control this behavior.
  _warn_prf(average, modifier, f"{metric.capitalize()} is", result.shape[0])
/users/fperalta/.conda/envs/geneformer310/lib/python3.10/site-packages/sklearn/metrics/_classification.py:1731: UndefinedMetricWarning: F-score is ill-defined and being set to 0.0 in labels with no true nor predicted samples. Use `zero_division` parameter to control this behavior.
  _warn_prf(average, modifier, f"{metric.capitalize()} is", result.shape[0])
/users/fperalta/.conda/envs/geneformer310/lib/python3.10/site-packages/sklearn/metrics/_classification.py:1731: UndefinedMetricWarning: F-score is ill-defined and being set to 0.0 in labels with no true nor predicted samples. Use `zero_division` parameter to control this behavior.
  _warn_prf(average, modifier, f"{metric.capitalize()} is", result.shape[0])
/users/fperalta/.conda/envs/geneformer310/lib/python3.10/site-packages/sklearn/metrics/_classification.py:1731: UndefinedMetricWarning: F-score is ill-defined and being set to 0.0 in labels with no true nor predicted samples. Use `zero_division` parameter to control this behavior.
  _warn_prf(average, modifier, f"{metric.capitalize()} is", result.shape[0])
/users/fperalta/.conda/envs/geneformer310/lib/python3.10/site-packages/sklearn/metrics/_classification.py:1731: UndefinedMetricWarning: F-score is ill-defined and being set to 0.0 in labels with no true nor predicted samples. Use `zero_division` parameter to control this behavior.
  _warn_prf(average, modifier, f"{metric.capitalize()} is", result.shape[0])
              group  n_cells  n_donors  accuracy  macro_f1  macro_f1_common   ci_low  ci_high
  singaporean malay     1131        61  0.843501  0.639177         0.459376 0.369900 0.527590
 singaporean indian     1248        70  0.858974  0.616802         0.476929 0.314355 0.569694
           japanese     3043       148  0.868222  0.584008         0.510919 0.429170 0.574604
singaporean chinese     1387        84  0.855083  0.607973         0.543127 0.455808 0.610447
               thai     1336        59  0.860778  0.578504         0.567059 0.501701 0.629322
             korean     3896       165  0.850359  0.590381         0.637659 0.611755 0.662259
             indian      459        30  0.755991  0.178330         0.713319 0.687111 0.731428
worst group: singaporean malay (common-class macro-F1 0.4594 CI [0.3699,0.5276])
=== geneformer ild P ===
holdout filter: kept 12,500/12,500 eval_donor cells
note: dropped 2/12,500 eval cells outside the trained label space
/users/fperalta/.conda/envs/geneformer310/lib/python3.10/site-packages/geneformer/collator_for_classification.py:649: UserWarning: To copy construct from a tensor, it is recommended to use sourceTensor.clone().detach() or sourceTensor.clone().detach().requires_grad_(True), rather than torch.tensor(sourceTensor).
  batch = {k: torch.tensor(v.clone().detach(), dtype=torch.int64) if isinstance(v, torch.Tensor) else torch.tensor(v, dtype=torch.int64) for k, v in batch.items()}
[2026-08-28T08:37:34.020] error: *** JOB 5431312 ON gpu1505 CANCELLED AT 2026-08-28T08:37:34 DUE TO TIME LIMIT ***
