model,cohort,arm,cell_type,n_cells,n_donors,accuracy,ci_low,ci_high,n_boot_used
geneformer,aida,B,B cell,107,84,0.6355140186915887,0.5370370370370371,0.7297297297297297,2000
geneformer,aida,B,"CD14-low, CD16-positive monocyte",423,286,0.9692671394799054,0.9517233050141596,0.9840555756885484,2000
geneformer,aida,B,CD14-positive monocyte,1932,529,0.9855072463768116,0.9799157944738501,0.9904254606472029,2000
geneformer,aida,B,CD141-positive myeloid dendritic cell,5,5,0.0,0.0,0.0,1992
geneformer,aida,B,"CD16-negative, CD56-bright natural killer cell, human",63,62,0.6984126984126984,0.5817654808959156,0.8125,2000
geneformer,aida,B,"CD16-positive, CD56-dim natural killer cell, human",1576,493,0.9619289340101523,0.9513503391031481,0.9721202803509221,2000
geneformer,aida,B,CD1c-positive myeloid dendritic cell,131,116,0.8625954198473282,0.8066612903225806,0.9140791545542635,2000
geneformer,aida,B,"CD4-positive, alpha-beta T cell",361,266,0.036011080332409975,0.016483516483516484,0.0569804260218768,2000
geneformer,aida,B,"CD4-positive, alpha-beta cytotoxic T cell",102,84,0.7156862745098039,0.6306257344300823,0.8,2000
geneformer,aida,B,"CD8-positive, alpha-beta T cell",579,323,0.5785837651122625,0.5366161894851906,0.6209575816674793,2000
geneformer,aida,B,"CD8-positive, alpha-beta cytotoxic T cell",493,285,0.9006085192697769,0.8747415329768271,0.9243420732301101,2000
geneformer,aida,B,"CD8-positive, alpha-beta memory T cell",263,194,0.844106463878327,0.8014270993263897,0.884071906354515,2000
geneformer,aida,B,T cell,564,236,0.7730496453900709,0.7222140039447732,0.8143327997292936,2000
geneformer,aida,B,"central memory CD4-positive, alpha-beta T cell",1130,470,0.9424778761061947,0.9296910495229441,0.9562512050128535,2000
geneformer,aida,B,double negative T regulatory cell,3,3,0.0,0.0,0.0,1893
geneformer,aida,B,"effector memory CD4-positive, alpha-beta T cell",233,189,0.7896995708154506,0.7325089343729695,0.8400040983606557,2000
geneformer,aida,B,gamma-delta T cell,320,189,0.734375,0.6796250092407777,0.7891812865497077,2000
geneformer,aida,B,hematopoietic stem cell,2,2,0.0,0.0,0.0,1737
geneformer,aida,B,innate lymphoid cell,6,6,0.16666666666666666,0.0,0.5,1995
geneformer,aida,B,mature B cell,51,49,0.09803921568627451,0.022727272727272728,0.1836734693877551,2000
geneformer,aida,B,memory B cell,338,235,0.9733727810650887,0.9561371353603951,0.9886363636363636,2000
geneformer,aida,B,mucosal invariant T cell,219,166,0.9954337899543378,0.9850689733152419,1.0,2000
geneformer,aida,B,myeloid cell,263,188,0.5665399239543726,0.5060088730372754,0.6250238549618319,2000
geneformer,aida,B,naive B cell,335,230,0.9940298507462687,0.9839730707395498,1.0,2000
geneformer,aida,B,"naive thymus-derived CD4-positive, alpha-beta T cell",1525,495,0.9639344262295082,0.9534568001958066,0.9727906547234277,2000
geneformer,aida,B,"naive thymus-derived CD8-positive, alpha-beta T cell",851,376,0.9776733254994124,0.9660010880668924,0.9873583434413447,2000
geneformer,aida,B,natural killer cell,235,136,0.6553191489361702,0.5734537666818696,0.7254118450658952,2000
geneformer,aida,B,plasma cell,18,17,0.8333333333333334,0.6314144736842106,1.0,2000
geneformer,aida,B,plasmacytoid dendritic cell,30,29,0.9666666666666667,0.8857142857142857,1.0,2000
geneformer,aida,B,platelet,178,120,1.0,1.0,1.0,2000
geneformer,aida,B,pre-conventional dendritic cell,7,6,0.0,0.0,0.0,1994
geneformer,aida,B,regulatory T cell,157,138,0.9235668789808917,0.8793021084998902,0.960532765737874,2000
geneformer,aida,P,B cell,107,84,0.0,0.0,0.0,2000
geneformer,aida,P,"CD14-low, CD16-positive monocyte",423,286,0.983451536643026,0.9698358333782982,0.9936575052854123,2000
geneformer,aida,P,CD14-positive monocyte,1932,529,0.984472049689441,0.978522082720785,0.98969111958869,2000
geneformer,aida,P,CD141-positive myeloid dendritic cell,5,5,0.0,0.0,0.0,1992
geneformer,aida,P,"CD16-negative, CD56-bright natural killer cell, human",63,62,0.7936507936507936,0.6909090909090909,0.8888888888888888,2000
geneformer,aida,P,"CD16-positive, CD56-dim natural killer cell, human",1576,493,0.9904822335025381,0.9857647386965476,0.9949148201002609,2000
geneformer,aida,P,CD1c-positive myeloid dendritic cell,131,116,0.4198473282442748,0.3333333333333333,0.5068516933028919,2000
geneformer,aida,P,"CD4-positive, alpha-beta T cell",361,266,0.0,0.0,0.0,2000
geneformer,aida,P,"CD4-positive, alpha-beta cytotoxic T cell",102,84,0.13725490196078433,0.07368421052631578,0.20388844858331678,2000
geneformer,aida,P,"CD8-positive, alpha-beta T cell",579,323,0.6183074265975821,0.5772707336523126,0.6588065879918793,2000
geneformer,aida,P,"CD8-positive, alpha-beta cytotoxic T cell",493,285,0.8823529411764706,0.8534116465863454,0.9092703163771712,2000
geneformer,aida,P,"CD8-positive, alpha-beta memory T cell",263,194,0.6463878326996197,0.591073842514363,0.7014432002784868,2000
geneformer,aida,P,T cell,564,236,0.5585106382978723,0.4887727750289598,0.6294896030245747,2000
geneformer,aida,P,"central memory CD4-positive, alpha-beta T cell",1130,470,0.9309734513274336,0.9167371350101186,0.9458059981255857,2000
geneformer,aida,P,double negative T regulatory cell,3,3,0.0,0.0,0.0,1893
geneformer,aida,P,"effector memory CD4-positive, alpha-beta T cell",233,189,0.7424892703862661,0.6834805305326083,0.7972380681702835,2000
geneformer,aida,P,gamma-delta T cell,320,189,0.596875,0.5329148449100809,0.661495332316733,2000
geneformer,aida,P,hematopoietic stem cell,2,2,0.0,0.0,0.0,1737
geneformer,aida,P,innate lymphoid cell,6,6,0.0,0.0,0.0,1995
geneformer,aida,P,mature B cell,51,49,0.0,0.0,0.0,2000
geneformer,aida,P,memory B cell,338,235,0.985207100591716,0.9715079365079365,0.9969972217726708,2000
geneformer,aida,P,mucosal invariant T cell,219,166,0.9817351598173516,0.9608674339300938,0.9957269503546099,2000
geneformer,aida,P,myeloid cell,263,188,0.5361216730038023,0.4784310198899704,0.5935308003597122,2000
geneformer,aida,P,naive B cell,335,230,0.9970149253731343,0.9900307141742292,1.0,2000
geneformer,aida,P,"naive thymus-derived CD4-positive, alpha-beta T cell",1525,495,0.9757377049180328,0.9672237230806401,0.9831316471229888,2000
geneformer,aida,P,"naive thymus-derived CD8-positive, alpha-beta T cell",851,376,0.982373678025852,0.9732545038665269,0.9904209108956,2000
geneformer,aida,P,natural killer cell,235,136,0.09787234042553192,0.058823529411764705,0.13679245283018868,2000
geneformer,aida,P,plasma cell,18,17,0.0,0.0,0.0,2000
geneformer,aida,P,plasmacytoid dendritic cell,30,29,0.0,0.0,0.0,2000
geneformer,aida,P,platelet,178,120,1.0,1.0,1.0,2000
geneformer,aida,P,pre-conventional dendritic cell,7,6,0.0,0.0,0.0,1994
geneformer,aida,P,regulatory T cell,157,138,0.8280254777070064,0.7646965155488946,0.8834355828220859,2000
geneformer,aida,P2BA,B cell,107,84,0.616822429906542,0.5203979591836735,0.7129066478076377,2000
geneformer,aida,P2BA,"CD14-low, CD16-positive monocyte",423,286,0.9763593380614657,0.9602977667493796,0.9901008344077651,2000
geneformer,aida,P2BA,CD14-positive monocyte,1932,529,0.9808488612836439,0.9740457828352685,0.9867953275774505,2000
geneformer,aida,P2BA,CD141-positive myeloid dendritic cell,5,5,0.0,0.0,0.0,1992
geneformer,aida,P2BA,"CD16-negative, CD56-bright natural killer cell, human",63,62,0.873015873015873,0.7842892156862745,0.9523809523809523,2000
geneformer,aida,P2BA,"CD16-positive, CD56-dim natural killer cell, human",1576,493,0.9847715736040609,0.97857266770301,0.9904642328331251,2000
geneformer,aida,P2BA,CD1c-positive myeloid dendritic cell,131,116,0.8625954198473282,0.8066612903225806,0.9140791545542635,2000
geneformer,aida,P2BA,"CD4-positive, alpha-beta T cell",361,266,0.14127423822714683,0.10713769611890998,0.17681489684112364,2000
geneformer,aida,P2BA,"CD4-positive, alpha-beta cytotoxic T cell",102,84,0.8235294117647058,0.7431192660550459,0.8991055045871559,2000
geneformer,aida,P2BA,"CD8-positive, alpha-beta T cell",579,323,0.6614853195164075,0.6204801376290272,0.7024670376272232,2000
geneformer,aida,P2BA,"CD8-positive, alpha-beta cytotoxic T cell",493,285,0.8519269776876268,0.8187329741249667,0.8834006954144253,2000
geneformer,aida,P2BA,"CD8-positive, alpha-beta memory T cell",263,194,0.779467680608365,0.7288135593220338,0.8266154506812624,2000
geneformer,aida,P2BA,T cell,564,236,0.7960992907801419,0.7519670012622468,0.8350725461061096,2000
geneformer,aida,P2BA,"central memory CD4-positive, alpha-beta T cell",1130,470,0.9026548672566371,0.8849932614555256,0.9201841028987006,2000
geneformer,aida,P2BA,double negative T regulatory cell,3,3,0.0,0.0,0.0,1893
geneformer,aida,P2BA,"effector memory CD4-positive, alpha-beta T cell",233,189,0.8197424892703863,0.7663551401869159,0.8654727361796736,2000
geneformer,aida,P2BA,gamma-delta T cell,320,189,0.771875,0.7267189359170492,0.8179082491582491,2000
geneformer,aida,P2BA,hematopoietic stem cell,2,2,0.0,0.0,0.0,1737
geneformer,aida,P2BA,innate lymphoid cell,6,6,0.8333333333333334,0.5,1.0,1995
geneformer,aida,P2BA,mature B cell,51,49,0.5686274509803921,0.42857142857142855,0.7115384615384616,2000
geneformer,aida,P2BA,memory B cell,338,235,0.9733727810650887,0.9558359621451105,0.9886693554840672,2000
geneformer,aida,P2BA,mucosal invariant T cell,219,166,0.9863013698630136,0.9675925925925926,1.0,2000
geneformer,aida,P2BA,myeloid cell,263,188,0.6425855513307985,0.5833069620253165,0.6978518238041146,2000
geneformer,aida,P2BA,naive B cell,335,230,0.9850746268656716,0.9712643678160919,0.9969699258445481,2000
geneformer,aida,P2BA,"naive thymus-derived CD4-positive, alpha-beta T cell",1525,495,0.958688524590164,0.9479226107732589,0.9683428352136983,2000
geneformer,aida,P2BA,"naive thymus-derived CD8-positive, alpha-beta T cell",851,376,0.9764982373678026,0.9659834923730584,0.9859815601836932,2000
geneformer,aida,P2BA,natural killer cell,235,136,0.6382978723404256,0.5555322128851541,0.7095442531805048,2000
geneformer,aida,P2BA,plasma cell,18,17,1.0,1.0,1.0,2000
geneformer,aida,P2BA,plasmacytoid dendritic cell,30,29,0.9666666666666667,0.8857142857142857,1.0,2000
geneformer,aida,P2BA,platelet,178,120,1.0,1.0,1.0,2000
geneformer,aida,P2BA,pre-conventional dendritic cell,7,6,0.0,0.0,0.0,1994
geneformer,aida,P2BA,regulatory T cell,157,138,0.9363057324840764,0.8928571428571429,0.9708082090341691,2000
geneformer,aida,P2BJ,B cell,107,84,0.6261682242990654,0.5299978632478632,0.7226911556701888,2000
geneformer,aida,P2BJ,"CD14-low, CD16-positive monocyte",423,286,0.9787234042553191,0.9630484988452656,0.9912486918466369,2000
geneformer,aida,P2BJ,CD14-positive monocyte,1932,529,0.8876811594202898,0.8701964746494707,0.9038164305322304,2000
geneformer,aida,P2BJ,CD141-positive myeloid dendritic cell,5,5,1.0,1.0,1.0,1992
geneformer,aida,P2BJ,"CD16-negative, CD56-bright natural killer cell, human",63,62,0.9682539682539683,0.9206190476190476,1.0,2000
geneformer,aida,P2BJ,"CD16-positive, CD56-dim natural killer cell, human",1576,493,0.9206852791878173,0.9071808338020856,0.93415171895302,2000
geneformer,aida,P2BJ,CD1c-positive myeloid dendritic cell,131,116,0.8473282442748091,0.7846153846153846,0.908414295628036,2000
geneformer,aida,P2BJ,"CD4-positive, alpha-beta T cell",361,266,0.24653739612188366,0.20658682634730538,0.2888932291666666,2000
geneformer,aida,P2BJ,"CD4-positive, alpha-beta cytotoxic T cell",102,84,0.8921568627450981,0.830183962264151,0.9489892792560062,2000
geneformer,aida,P2BJ,"CD8-positive, alpha-beta T cell",579,323,0.5958549222797928,0.5529934996131723,0.6386493220795546,2000
geneformer,aida,P2BJ,"CD8-positive, alpha-beta cytotoxic T cell",493,285,0.8093306288032455,0.7710259583285368,0.8445388891753021,2000
geneformer,aida,P2BJ,"CD8-positive, alpha-beta memory T cell",263,194,0.8365019011406845,0.7937726184321514,0.8781531985487921,2000
geneformer,aida,P2BJ,T cell,564,236,0.5283687943262412,0.45944838280903855,0.6,2000
geneformer,aida,P2BJ,"central memory CD4-positive, alpha-beta T cell",1130,470,0.763716814159292,0.7388644926013279,0.7897937933488832,2000
geneformer,aida,P2BJ,double negative T regulatory cell,3,3,0.6666666666666666,0.0,1.0,1893
geneformer,aida,P2BJ,"effector memory CD4-positive, alpha-beta T cell",233,189,0.8583690987124464,0.8140471843167403,0.8988389319244636,2000
geneformer,aida,P2BJ,gamma-delta T cell,320,189,0.865625,0.8197864834979929,0.9060455117449664,2000
geneformer,aida,P2BJ,hematopoietic stem cell,2,2,0.0,0.0,0.0,1737
geneformer,aida,P2BJ,innate lymphoid cell,6,6,0.8333333333333334,0.5,1.0,1995
geneformer,aida,P2BJ,mature B cell,51,49,0.6470588235294118,0.5156131628787879,0.7759099616858235,2000
geneformer,aida,P2BJ,memory B cell,338,235,0.9674556213017751,0.9473684210526315,0.9850779387088227,2000
geneformer,aida,P2BJ,mucosal invariant T cell,219,166,0.9863013698630136,0.9675925925925926,1.0,2000
geneformer,aida,P2BJ,myeloid cell,263,188,0.7984790874524715,0.7464259453781513,0.8467792159338767,2000
geneformer,aida,P2BJ,naive B cell,335,230,0.9731343283582089,0.9537450704986224,0.9909645338109193,2000
geneformer,aida,P2BJ,"naive thymus-derived CD4-positive, alpha-beta T cell",1525,495,0.921967213114754,0.9075781699001227,0.9345882018610553,2000
geneformer,aida,P2BJ,"naive thymus-derived CD8-positive, alpha-beta T cell",851,376,0.981198589894242,0.9716305489887049,0.9898078347295105,2000
geneformer,aida,P2BJ,natural killer cell,235,136,0.7361702127659574,0.6745052963714222,0.8017380687032909,2000
geneformer,aida,P2BJ,plasma cell,18,17,1.0,1.0,1.0,2000
geneformer,aida,P2BJ,plasmacytoid dendritic cell,30,29,1.0,1.0,1.0,2000
geneformer,aida,P2BJ,platelet,178,120,1.0,1.0,1.0,2000
geneformer,aida,P2BJ,pre-conventional dendritic cell,7,6,0.7142857142857143,0.2,1.0,1994
geneformer,aida,P2BJ,regulatory T cell,157,138,0.9681528662420382,0.9371069182389937,0.9931506849315068,2000
geneformer,aida,P2BU,B cell,107,84,0.4953271028037383,0.39361702127659576,0.594610682110682,2000
geneformer,aida,P2BU,"CD14-low, CD16-positive monocyte",423,286,0.966903073286052,0.9489993840847499,0.982303802392298,2000
geneformer,aida,P2BU,CD14-positive monocyte,1932,529,0.9813664596273292,0.9750387051312671,0.9868865734792812,2000
geneformer,aida,P2BU,CD141-positive myeloid dendritic cell,5,5,0.0,0.0,0.0,1992
geneformer,aida,P2BU,"CD16-negative, CD56-bright natural killer cell, human",63,62,0.8888888888888888,0.8070175438596491,0.9643013784461152,2000
geneformer,aida,P2BU,"CD16-positive, CD56-dim natural killer cell, human",1576,493,0.9746192893401016,0.9665272510398826,0.9820865905285787,2000
geneformer,aida,P2BU,CD1c-positive myeloid dendritic cell,131,116,0.9007633587786259,0.8499918300653595,0.9500077639751552,2000
geneformer,aida,P2BU,"CD4-positive, alpha-beta T cell",361,266,0.19390581717451524,0.15406956387206044,0.23529861485878753,2000
geneformer,aida,P2BU,"CD4-positive, alpha-beta cytotoxic T cell",102,84,0.7745098039215687,0.6826923076923077,0.8587282608695651,2000
geneformer,aida,P2BU,"CD8-positive, alpha-beta T cell",579,323,0.7357512953367875,0.6958101225529206,0.7750010984182777,2000
geneformer,aida,P2BU,"CD8-positive, alpha-beta cytotoxic T cell",493,285,0.8012170385395537,0.7647000117412234,0.8372116094499815,2000
geneformer,aida,P2BU,"CD8-positive, alpha-beta memory T cell",263,194,0.7186311787072244,0.6579742025422712,0.7758670616429236,2000
geneformer,aida,P2BU,T cell,564,236,0.8085106382978723,0.7642242476704517,0.8457969363953726,2000
geneformer,aida,P2BU,"central memory CD4-positive, alpha-beta T cell",1130,470,0.8761061946902655,0.8568823223918838,0.8955227212153518,2000
geneformer,aida,P2BU,double negative T regulatory cell,3,3,0.0,0.0,0.0,1893
geneformer,aida,P2BU,"effector memory CD4-positive, alpha-beta T cell",233,189,0.8540772532188842,0.8060253210945134,0.8991681094548372,2000
geneformer,aida,P2BU,gamma-delta T cell,320,189,0.809375,0.7667705005324813,0.8512658227848101,2000
geneformer,aida,P2BU,hematopoietic stem cell,2,2,0.0,0.0,0.0,1737
geneformer,aida,P2BU,innate lymphoid cell,6,6,0.0,0.0,0.0,1995
geneformer,aida,P2BU,mature B cell,51,49,0.5294117647058824,0.38886054421768707,0.6668032786885238,2000
geneformer,aida,P2BU,memory B cell,338,235,0.9822485207100592,0.9668869185350675,0.9943181818181818,2000
geneformer,aida,P2BU,mucosal invariant T cell,219,166,0.9908675799086758,0.975902159362086,1.0,2000
geneformer,aida,P2BU,myeloid cell,263,188,0.6311787072243346,0.5679001322751323,0.6907907292085175,2000
geneformer,aida,P2BU,naive B cell,335,230,0.991044776119403,0.9795918367346939,1.0,2000
geneformer,aida,P2BU,"naive thymus-derived CD4-positive, alpha-beta T cell",1525,495,0.9731147540983607,0.9641206549533067,0.9810053029719741,2000
geneformer,aida,P2BU,"naive thymus-derived CD8-positive, alpha-beta T cell",851,376,0.9858989424206815,0.9778018251325687,0.9930955120828538,2000
geneformer,aida,P2BU,natural killer cell,235,136,0.5957446808510638,0.5228369002372267,0.6637187213915167,2000
geneformer,aida,P2BU,plasma cell,18,17,0.0,0.0,0.0,2000
geneformer,aida,P2BU,plasmacytoid dendritic cell,30,29,0.9666666666666667,0.8857142857142857,1.0,2000
geneformer,aida,P2BU,platelet,178,120,1.0,1.0,1.0,2000
geneformer,aida,P2BU,pre-conventional dendritic cell,7,6,0.0,0.0,0.0,1994
geneformer,aida,P2BU,regulatory T cell,157,138,0.9235668789808917,0.8774163863051653,0.9606337810714837,2000
geneformer,aida,P2DS,B cell,107,84,0.0,0.0,0.0,2000
geneformer,aida,P2DS,"CD14-low, CD16-positive monocyte",423,286,0.9787234042553191,0.9633858291300754,0.9906328656788286,2000
geneformer,aida,P2DS,CD14-positive monocyte,1932,529,0.9901656314699793,0.9853470387066688,0.994288681204569,2000
geneformer,aida,P2DS,CD141-positive myeloid dendritic cell,5,5,0.0,0.0,0.0,1992
geneformer,aida,P2DS,"CD16-negative, CD56-bright natural killer cell, human",63,62,0.7936507936507936,0.6874421296296296,0.8923076923076924,2000
geneformer,aida,P2DS,"CD16-positive, CD56-dim natural killer cell, human",1576,493,0.9708121827411168,0.9623478354242718,0.9788433306747768,2000
geneformer,aida,P2DS,CD1c-positive myeloid dendritic cell,131,116,0.8473282442748091,0.7890625,0.9024429838454229,2000
geneformer,aida,P2DS,"CD4-positive, alpha-beta T cell",361,266,0.01662049861495845,0.005390835579514825,0.03038674033149171,2000
geneformer,aida,P2DS,"CD4-positive, alpha-beta cytotoxic T cell",102,84,0.4019607843137255,0.3069306930693069,0.495685840707964,2000
geneformer,aida,P2DS,"CD8-positive, alpha-beta T cell",579,323,0.7357512953367875,0.6968722050681431,0.7746001470723411,2000
geneformer,aida,P2DS,"CD8-positive, alpha-beta cytotoxic T cell",493,285,0.8823529411764706,0.8531735318317392,0.9101447247742076,2000
geneformer,aida,P2DS,"CD8-positive, alpha-beta memory T cell",263,194,0.1444866920152091,0.10431481069970279,0.1875056407942238,2000
geneformer,aida,P2DS,T cell,564,236,0.7783687943262412,0.7351269225026131,0.8160265225112876,2000
geneformer,aida,P2DS,"central memory CD4-positive, alpha-beta T cell",1130,470,0.9283185840707965,0.9130425231145411,0.9430837737960509,2000
geneformer,aida,P2DS,double negative T regulatory cell,3,3,0.0,0.0,0.0,1893
geneformer,aida,P2DS,"effector memory CD4-positive, alpha-beta T cell",233,189,0.7896995708154506,0.7345866578678986,0.8389830508474576,2000
geneformer,aida,P2DS,gamma-delta T cell,320,189,0.625,0.5622745310245311,0.6881028938906752,2000
geneformer,aida,P2DS,hematopoietic stem cell,2,2,0.0,0.0,0.0,1737
geneformer,aida,P2DS,innate lymphoid cell,6,6,0.0,0.0,0.0,1995
geneformer,aida,P2DS,mature B cell,51,49,0.45098039215686275,0.3110919540229885,0.5952507598784194,2000
geneformer,aida,P2DS,memory B cell,338,235,0.985207100591716,0.9715079365079365,0.9969972217726708,2000
geneformer,aida,P2DS,mucosal invariant T cell,219,166,0.9954337899543378,0.9850689733152419,1.0,2000
geneformer,aida,P2DS,myeloid cell,263,188,0.5247148288973384,0.4633183340903929,0.5850698174006442,2000
geneformer,aida,P2DS,naive B cell,335,230,0.9970149253731343,0.9900307141742292,1.0,2000
geneformer,aida,P2DS,"naive thymus-derived CD4-positive, alpha-beta T cell",1525,495,0.9691803278688524,0.960082486406532,0.9772423025435074,2000
geneformer,aida,P2DS,"naive thymus-derived CD8-positive, alpha-beta T cell",851,376,0.9741480611045829,0.9628198985343855,0.9841941443765708,2000
geneformer,aida,P2DS,natural killer cell,235,136,0.6553191489361702,0.5815075051759835,0.7214775719989805,2000
geneformer,aida,P2DS,plasma cell,18,17,0.0,0.0,0.0,2000
geneformer,aida,P2DS,plasmacytoid dendritic cell,30,29,0.03333333333333333,0.0,0.11538461538461539,2000
geneformer,aida,P2DS,platelet,178,120,1.0,1.0,1.0,2000
geneformer,aida,P2DS,pre-conventional dendritic cell,7,6,0.0,0.0,0.0,1994
geneformer,aida,P2DS,regulatory T cell,157,138,0.9044585987261147,0.8543011865342164,0.9448878913001728,2000
geneformer,crc,B,BEST4+ colonocyte,262,11,0.9770992366412213,0.9097659242445737,1.0,2000
geneformer,crc,B,colon goblet cell,316,18,0.9841772151898734,0.9579809818664308,0.9970341505072113,2000
geneformer,crc,B,colonocyte,383,17,0.9608355091383812,0.9252669039145908,0.9823840598768273,2000
geneformer,crc,B,early colonocyte,1285,21,0.8381322957198444,0.8,0.855953798185941,2000
geneformer,crc,B,enteroendocrine cell of colon,33,12,0.9393939393939394,0.8125,1.0,2000
geneformer,crc,B,intestinal crypt stem cell of colon,414,20,0.8309178743961353,0.5,0.8537950547246577,2000
geneformer,crc,B,malignant cell,4696,25,0.9867972742759795,0.9798305455508193,0.9920349923740303,2000
geneformer,crc,B,secretory cell,1034,18,0.9777562862669246,0.9520623169107856,0.9889678268675879,2000
geneformer,crc,B,tuft cell of colon,149,16,1.0,1.0,1.0,2000
geneformer,crc,P,BEST4+ colonocyte,262,11,0.9770992366412213,0.9186991869918699,1.0,2000
geneformer,crc,P,colon goblet cell,316,18,0.9746835443037974,0.951805151641047,0.9920948616600791,2000
geneformer,crc,P,colonocyte,383,17,0.95822454308094,0.9371377091377091,0.9891333567087424,2000
geneformer,crc,P,early colonocyte,1285,21,0.864591439688716,0.7945674583539502,0.9068604418478948,2000
geneformer,crc,P,enteroendocrine cell of colon,33,12,0.8787878787878788,0.6874177631578947,1.0,2000
geneformer,crc,P,intestinal crypt stem cell of colon,414,20,0.7077294685990339,0.3333333333333333,0.7796933474395616,2000
geneformer,crc,P,malignant cell,4696,25,0.9853066439522998,0.9760703660437378,0.9915762541280234,2000
geneformer,crc,P,secretory cell,1034,18,0.9777562862669246,0.9522512854379924,0.9893962585034013,2000
geneformer,crc,P,tuft cell of colon,149,16,1.0,1.0,1.0,2000
geneformer,crc,P2BA,BEST4+ colonocyte,262,11,0.9618320610687023,0.8740779115837765,1.0,2000
geneformer,crc,P2BA,colon goblet cell,316,18,0.9683544303797469,0.9359572982798134,0.9868431837791198,2000
geneformer,crc,P2BA,colonocyte,383,17,0.8981723237597912,0.8610673177370353,0.9684755067567568,2000
geneformer,crc,P2BA,early colonocyte,1285,21,0.9463035019455253,0.8896389917632122,0.9671116542795958,2000
geneformer,crc,P2BA,enteroendocrine cell of colon,33,12,0.9393939393939394,0.8125,1.0,2000
geneformer,crc,P2BA,intestinal crypt stem cell of colon,414,20,0.5797101449275363,0.28254347826086956,0.6191623626824069,2000
geneformer,crc,P2BA,malignant cell,4696,25,0.9872231686541738,0.9798376786612081,0.9924426029219255,2000
geneformer,crc,P2BA,secretory cell,1034,18,0.9729206963249516,0.9452046630855389,0.9886178016239201,2000
geneformer,crc,P2BA,tuft cell of colon,149,16,1.0,1.0,1.0,2000
geneformer,crc,P2BJ,BEST4+ colonocyte,262,11,0.9847328244274809,0.9398439494963825,1.0,2000
geneformer,crc,P2BJ,colon goblet cell,316,18,0.9620253164556962,0.9260916299369112,0.9830552890594464,2000
geneformer,crc,P2BJ,colonocyte,383,17,0.9660574412532638,0.9382716049382716,0.9891333567087424,2000
geneformer,crc,P2BJ,early colonocyte,1285,21,0.8280155642023346,0.7775217058222677,0.8466305432841852,2000
geneformer,crc,P2BJ,enteroendocrine cell of colon,33,12,1.0,1.0,1.0,2000
geneformer,crc,P2BJ,intestinal crypt stem cell of colon,414,20,0.8091787439613527,0.4137743628185907,0.835498910581692,2000
geneformer,crc,P2BJ,malignant cell,4696,25,0.9823253833049403,0.9749536785814311,0.9888971429015129,2000
geneformer,crc,P2BJ,secretory cell,1034,18,0.9825918762088974,0.9609482674121773,0.9942154119132112,2000
geneformer,crc,P2BJ,tuft cell of colon,149,16,1.0,1.0,1.0,2000
geneformer,crc,P2BU,BEST4+ colonocyte,262,11,0.9847328244274809,0.9398439494963825,1.0,2000
geneformer,crc,P2BU,colon goblet cell,316,18,0.9715189873417721,0.9424736215112322,0.9889715982546865,2000
geneformer,crc,P2BU,colonocyte,383,17,0.8877284595300261,0.8369823072040622,0.9661848296630905,2000
geneformer,crc,P2BU,early colonocyte,1285,21,0.9027237354085603,0.8467855951137419,0.9241685289201526,2000
geneformer,crc,P2BU,enteroendocrine cell of colon,33,12,0.9393939393939394,0.8125,1.0,2000
geneformer,crc,P2BU,intestinal crypt stem cell of colon,414,20,0.748792270531401,0.35552083333333334,0.7785669937310276,2000
geneformer,crc,P2BU,malignant cell,4696,25,0.9863713798977853,0.9789269479774094,0.9917677643727124,2000
geneformer,crc,P2BU,secretory cell,1034,18,0.988394584139265,0.9749670162339649,0.9956769079545983,2000
geneformer,crc,P2BU,tuft cell of colon,149,16,0.9932885906040269,0.9629513888888889,1.0,2000
geneformer,crc,P2DS,BEST4+ colonocyte,262,11,0.9809160305343512,0.924804936870478,1.0,2000
geneformer,crc,P2DS,colon goblet cell,316,18,0.9715189873417721,0.9385388550624568,0.9911523831703152,2000
geneformer,crc,P2DS,colonocyte,383,17,0.8433420365535248,0.7499863238512035,0.9849070790183004,2000
geneformer,crc,P2DS,early colonocyte,1285,21,0.9042801556420234,0.8454272524421955,0.9278955878125897,2000
geneformer,crc,P2DS,enteroendocrine cell of colon,33,12,0.9696969696969697,0.90625,1.0,2000
geneformer,crc,P2DS,intestinal crypt stem cell of colon,414,20,0.7294685990338164,0.3333333333333333,0.7598717105263157,2000
geneformer,crc,P2DS,malignant cell,4696,25,0.9874361158432708,0.9799352262079162,0.9926275653927923,2000
geneformer,crc,P2DS,secretory cell,1034,18,0.9816247582205029,0.9635014242478191,0.9902967680911874,2000
geneformer,crc,P2DS,tuft cell of colon,149,16,1.0,1.0,1.0,2000
geneformer,ild,B,B cell,25,15,0.84,0.6923076923076923,1.0,2000
geneformer,ild,B,"CD8-positive, alpha-beta cytotoxic T cell",293,35,0.9146757679180887,0.8282184624233129,0.965814393939394,2000
geneformer,ild,B,adventitial fibroblast,307,33,0.9446254071661238,0.8550696979754397,0.9706320044550074,2000
geneformer,ild,B,alveolar macrophage,176,41,0.5681818181818182,0.43009702620967744,0.712,2000
geneformer,ild,B,alveolar type 1 fibroblast cell,74,20,0.8648648648648649,0.7457460950481888,0.9523921832884096,2000
geneformer,ild,B,basal cell,366,32,0.8907103825136612,0.822724074855776,0.940124229153633,2000
geneformer,ild,B,ciliated cell,2304,64,0.9813368055555556,0.9704965019728597,0.9890252796774321,2000
geneformer,ild,B,classical monocyte,680,60,0.7044117647058824,0.5858063097998863,0.7598843873517787,2000
geneformer,ild,B,conventional dendritic cell,163,41,0.8098159509202454,0.7579601072745559,0.8595530258229844,2000
geneformer,ild,B,endothelial cell of arteriole,200,38,0.865,0.7069885528484254,0.9327759291636117,2000
geneformer,ild,B,endothelial cell of respiratory system lymphatic vessel,117,24,1.0,1.0,1.0,2000
geneformer,ild,B,epithelial cell of lung,86,24,0.6627906976744186,0.5142664092664092,0.75,2000
geneformer,ild,B,granzyme K-associated CD8 T cell,8,4,0.0,0.0,0.0,1971
geneformer,ild,B,helper T cell,91,28,0.7912087912087912,0.7142857142857143,0.8681318681318682,2000
geneformer,ild,B,hematopoietic cell,107,40,0.8785046728971962,0.7982456140350878,0.9318436227951151,2000
geneformer,ild,B,lung interstitial macrophage,140,30,0.8785714285714286,0.79278429372769,0.9354838709677419,2000
geneformer,ild,B,lung secretory cell,1724,61,0.9634570765661253,0.9166572398190045,0.9762213610145335,2000
geneformer,ild,B,macrophage,1992,80,0.8980923694779116,0.8418474850173078,0.9377803413130198,2000
geneformer,ild,B,mast cell,26,14,0.9615384615384616,0.84609375,1.0,2000
geneformer,ild,B,mesothelial cell of pleura,33,12,1.0,1.0,1.0,2000
geneformer,ild,B,monocyte,384,43,0.8567708333333334,0.812711544699395,0.9196456128747795,2000
geneformer,ild,B,"myeloid dendritic cell, human",249,36,0.7028112449799196,0.5935165443721445,0.7823348487660049,2000
geneformer,ild,B,myofibroblast cell,53,18,0.39622641509433965,0.19352895452778857,0.631578947368421,2000
geneformer,ild,B,natural killer cell,163,31,0.9386503067484663,0.8895696604365815,0.99280704008222,2000
geneformer,ild,B,pericyte,56,17,0.9107142857142857,0.8661376735124604,1.0,2000
geneformer,ild,B,plasma cell,26,8,0.4230769230769231,0.23728813559322035,1.0,2000
geneformer,ild,B,plasmacytoid dendritic cell,14,11,1.0,1.0,1.0,2000
geneformer,ild,B,pulmonary alveolar type 1 cell,196,23,0.9693877551020408,0.9193507657217335,0.9918041150886584,2000
geneformer,ild,B,pulmonary alveolar type 2 cell,1521,60,0.9644970414201184,0.8702598614550806,0.9878407027202691,2000
geneformer,ild,B,pulmonary capillary endothelial cell,206,36,0.912621359223301,0.8736842105263158,0.9437517556179775,2000
geneformer,ild,B,smooth muscle cell,55,20,0.9818181818181818,0.9090909090909091,1.0,2000
geneformer,ild,B,vein endothelial cell of respiratory system,663,56,0.8476621417797888,0.6809278581344319,0.9680851063829787,2000
geneformer,ild,P,B cell,25,15,0.24,0.08325,0.4616071428571425,2000
geneformer,ild,P,"CD8-positive, alpha-beta cytotoxic T cell",293,35,0.9419795221843004,0.8679954022988505,0.9782608695652174,2000
geneformer,ild,P,adventitial fibroblast,307,33,0.9804560260586319,0.9215557275541795,0.9971527777777778,2000
geneformer,ild,P,alveolar macrophage,176,41,0.48863636363636365,0.3411764705882353,0.6536151960784312,2000
geneformer,ild,P,alveolar type 1 fibroblast cell,74,20,0.5135135135135135,0.3799736842105263,0.6829268292682927,2000
geneformer,ild,P,basal cell,366,32,0.8688524590163934,0.8048780487804879,0.9279021943573668,2000
geneformer,ild,P,ciliated cell,2304,64,0.9848090277777778,0.9765029301194161,0.9911331410224801,2000
geneformer,ild,P,classical monocyte,680,60,0.7308823529411764,0.6016116125728187,0.7962053969308551,2000
geneformer,ild,P,conventional dendritic cell,163,41,0.8098159509202454,0.7450837269214255,0.8571428571428571,2000
geneformer,ild,P,endothelial cell of arteriole,200,38,0.86,0.7030965438741722,0.929106954167217,2000
geneformer,ild,P,endothelial cell of respiratory system lymphatic vessel,117,24,0.9829059829059829,0.9534792877906977,1.0,2000
geneformer,ild,P,epithelial cell of lung,86,24,0.0,0.0,0.0,2000
geneformer,ild,P,granzyme K-associated CD8 T cell,8,4,0.0,0.0,0.0,1971
geneformer,ild,P,helper T cell,91,28,0.42857142857142855,0.34782608695652173,0.5319148936170213,2000
geneformer,ild,P,hematopoietic cell,107,40,0.0,0.0,0.0,2000
geneformer,ild,P,lung interstitial macrophage,140,30,0.7785714285714286,0.6493100649350649,0.8484883236030025,2000
geneformer,ild,P,lung secretory cell,1724,61,0.9611368909512761,0.9105998754016658,0.9778598987161746,2000
geneformer,ild,P,macrophage,1992,80,0.9186746987951807,0.8738120511708802,0.9460938041928508,2000
geneformer,ild,P,mast cell,26,14,0.9615384615384616,0.8420526315789473,1.0,2000
geneformer,ild,P,mesothelial cell of pleura,33,12,1.0,1.0,1.0,2000
geneformer,ild,P,monocyte,384,43,0.8255208333333334,0.7708285550458716,0.8768124866138359,2000
geneformer,ild,P,"myeloid dendritic cell, human",249,36,0.41365461847389556,0.30385618831751426,0.506337552742616,2000
geneformer,ild,P,myofibroblast cell,53,18,0.20754716981132076,0.09755250677506776,0.46153846153846156,2000
geneformer,ild,P,natural killer cell,163,31,0.950920245398773,0.9,0.9868421052631579,2000
geneformer,ild,P,pericyte,56,17,0.9107142857142857,0.863006983615364,1.0,2000
geneformer,ild,P,plasma cell,26,8,0.0,0.0,0.0,2000
geneformer,ild,P,plasmacytoid dendritic cell,14,11,0.7857142857142857,0.5,1.0,2000
geneformer,ild,P,pulmonary alveolar type 1 cell,196,23,0.9744897959183674,0.9340659340659341,1.0,2000
geneformer,ild,P,pulmonary alveolar type 2 cell,1521,60,0.9684418145956607,0.8814430979301028,0.9889625973004113,2000
geneformer,ild,P,pulmonary capillary endothelial cell,206,36,0.912621359223301,0.8666666666666667,0.9545518746789933,2000
geneformer,ild,P,smooth muscle cell,55,20,0.8,0.5713320463320463,0.8983474576271184,2000
geneformer,ild,P,vein endothelial cell of respiratory system,663,56,0.8552036199095022,0.6900029781633378,0.9763833975540291,2000
geneformer,ild,P2BA,B cell,25,15,0.96,0.875,1.0,2000
geneformer,ild,P2BA,"CD8-positive, alpha-beta cytotoxic T cell",293,35,0.9283276450511946,0.8524562658158212,0.9727322719581603,2000
geneformer,ild,P2BA,adventitial fibroblast,307,33,0.9381107491856677,0.8383823262565777,0.9651184087230599,2000
geneformer,ild,P2BA,alveolar macrophage,176,41,0.5738636363636364,0.4330171130952381,0.7229837550316274,2000
geneformer,ild,P2BA,alveolar type 1 fibroblast cell,74,20,0.8513513513513513,0.7777777777777778,0.9242424242424242,2000
geneformer,ild,P2BA,basal cell,366,32,0.8825136612021858,0.8303550950196593,0.9291698232323232,2000
geneformer,ild,P2BA,ciliated cell,2304,64,0.9826388888888888,0.9730589535777886,0.9899828312499592,2000
geneformer,ild,P2BA,classical monocyte,680,60,0.7455882352941177,0.5872614462523802,0.8289737576414004,2000
geneformer,ild,P2BA,conventional dendritic cell,163,41,0.8404907975460123,0.7964044133954313,0.875,2000
geneformer,ild,P2BA,endothelial cell of arteriole,200,38,0.88,0.7482370433305012,0.9356742760515746,2000
geneformer,ild,P2BA,endothelial cell of respiratory system lymphatic vessel,117,24,0.9914529914529915,0.9577464788732394,1.0,2000
geneformer,ild,P2BA,epithelial cell of lung,86,24,0.7325581395348837,0.5689655172413793,0.825,2000
geneformer,ild,P2BA,granzyme K-associated CD8 T cell,8,4,0.0,0.0,0.0,1971
geneformer,ild,P2BA,helper T cell,91,28,0.7692307692307693,0.6947213622291022,0.8481108553893363,2000
geneformer,ild,P2BA,hematopoietic cell,107,40,0.9158878504672897,0.8147834274952919,0.9918715578284815,2000
geneformer,ild,P2BA,lung interstitial macrophage,140,30,0.8357142857142857,0.7118562581486311,0.896551724137931,2000
geneformer,ild,P2BA,lung secretory cell,1724,61,0.9622969837587007,0.9226998453957979,0.9741305837168696,2000
geneformer,ild,P2BA,macrophage,1992,80,0.9011044176706827,0.8526284738394659,0.9315229657557503,2000
geneformer,ild,P2BA,mast cell,26,14,1.0,1.0,1.0,2000
geneformer,ild,P2BA,mesothelial cell of pleura,33,12,1.0,1.0,1.0,2000
geneformer,ild,P2BA,monocyte,384,43,0.8854166666666666,0.8370052716950527,0.9473746867167919,2000
geneformer,ild,P2BA,"myeloid dendritic cell, human",249,36,0.6586345381526104,0.540185676392573,0.7347842555994729,2000
geneformer,ild,P2BA,myofibroblast cell,53,18,0.41509433962264153,0.20588235294117646,0.6666666666666666,2000
geneformer,ild,P2BA,natural killer cell,163,31,0.9263803680981595,0.8754337188612099,0.9836065573770492,2000
geneformer,ild,P2BA,pericyte,56,17,0.875,0.8205056179775281,0.96875,2000
geneformer,ild,P2BA,plasma cell,26,8,0.4230769230769231,0.23728813559322035,1.0,2000
geneformer,ild,P2BA,plasmacytoid dendritic cell,14,11,1.0,1.0,1.0,2000
geneformer,ild,P2BA,pulmonary alveolar type 1 cell,196,23,0.9642857142857143,0.9102272727272727,0.9868040375466117,2000
geneformer,ild,P2BA,pulmonary alveolar type 2 cell,1521,60,0.9658119658119658,0.8799081656470954,0.9868347618473775,2000
geneformer,ild,P2BA,pulmonary capillary endothelial cell,206,36,0.9029126213592233,0.8600714749837557,0.9344351389878831,2000
geneformer,ild,P2BA,smooth muscle cell,55,20,0.9818181818181818,0.9090909090909091,1.0,2000
geneformer,ild,P2BA,vein endothelial cell of respiratory system,663,56,0.8446455505279035,0.6777298160369186,0.9646247895992317,2000
geneformer,ild,P2BJ,B cell,25,15,0.96,0.875,1.0,2000
geneformer,ild,P2BJ,"CD8-positive, alpha-beta cytotoxic T cell",293,35,0.863481228668942,0.7633128948346339,0.9234086685868252,2000
geneformer,ild,P2BJ,adventitial fibroblast,307,33,0.9218241042345277,0.8275755640698169,0.9495688403368854,2000
geneformer,ild,P2BJ,alveolar macrophage,176,41,0.8522727272727273,0.721816184718933,0.9722317351598173,2000
geneformer,ild,P2BJ,alveolar type 1 fibroblast cell,74,20,0.8513513513513513,0.7777777777777778,0.9242424242424242,2000
geneformer,ild,P2BJ,basal cell,366,32,0.9644808743169399,0.942854991394148,0.9822498298162015,2000
geneformer,ild,P2BJ,ciliated cell,2304,64,0.9448784722222222,0.9242721856648475,0.9614909636775855,2000
geneformer,ild,P2BJ,classical monocyte,680,60,0.6794117647058824,0.5738408953084514,0.732064347895856,2000
geneformer,ild,P2BJ,conventional dendritic cell,163,41,0.9079754601226994,0.8622702870121826,0.9509803921568627,2000
geneformer,ild,P2BJ,endothelial cell of arteriole,200,38,0.865,0.7142607392607393,0.9315068493150684,2000
geneformer,ild,P2BJ,endothelial cell of respiratory system lymphatic vessel,117,24,0.9914529914529915,0.979996644295302,1.0,2000
geneformer,ild,P2BJ,epithelial cell of lung,86,24,0.5813953488372093,0.3499709302325581,0.6935604236880115,2000
geneformer,ild,P2BJ,granzyme K-associated CD8 T cell,8,4,0.25,0.0,0.5,1971
geneformer,ild,P2BJ,helper T cell,91,28,0.8241758241758241,0.7627065677966102,0.9,2000
geneformer,ild,P2BJ,hematopoietic cell,107,40,0.6355140186915887,0.5061398777418196,0.7397328767123287,2000
geneformer,ild,P2BJ,lung interstitial macrophage,140,30,0.9357142857142857,0.8571428571428571,0.9825594034378159,2000
geneformer,ild,P2BJ,lung secretory cell,1724,61,0.8950116009280742,0.8262286052531252,0.9172919384764664,2000
geneformer,ild,P2BJ,macrophage,1992,80,0.7530120481927711,0.658085060582784,0.8354256735830013,2000
geneformer,ild,P2BJ,mast cell,26,14,1.0,1.0,1.0,2000
geneformer,ild,P2BJ,mesothelial cell of pleura,33,12,1.0,1.0,1.0,2000
geneformer,ild,P2BJ,monocyte,384,43,0.8541666666666666,0.8065728143109095,0.8989366335532656,2000
geneformer,ild,P2BJ,"myeloid dendritic cell, human",249,36,0.7389558232931727,0.6122372829728907,0.826259612623249,2000
geneformer,ild,P2BJ,myofibroblast cell,53,18,0.4716981132075472,0.2857142857142857,0.7059077079107504,2000
geneformer,ild,P2BJ,natural killer cell,163,31,0.950920245398773,0.891298966853207,0.9802695659603554,2000
geneformer,ild,P2BJ,pericyte,56,17,0.8928571428571429,0.8536585365853658,0.9697192513368983,2000
geneformer,ild,P2BJ,plasma cell,26,8,0.6923076923076923,0.5932203389830508,1.0,2000
geneformer,ild,P2BJ,plasmacytoid dendritic cell,14,11,1.0,1.0,1.0,2000
geneformer,ild,P2BJ,pulmonary alveolar type 1 cell,196,23,0.9846938775510204,0.9673202614379085,1.0,2000
geneformer,ild,P2BJ,pulmonary alveolar type 2 cell,1521,60,0.9612097304404996,0.8646348879018613,0.9841309776013146,2000
geneformer,ild,P2BJ,pulmonary capillary endothelial cell,206,36,0.8203883495145631,0.7499817784256559,0.885420553482587,2000
geneformer,ild,P2BJ,smooth muscle cell,55,20,0.9818181818181818,0.9090909090909091,1.0,2000
geneformer,ild,P2BJ,vein endothelial cell of respiratory system,663,56,0.8491704374057315,0.683507719323919,0.9727001065587695,2000
geneformer,ild,P2BU,B cell,25,15,0.68,0.5,0.9000806451612899,2000
geneformer,ild,P2BU,"CD8-positive, alpha-beta cytotoxic T cell",293,35,0.8395904436860068,0.7282608695652174,0.9096789518044595,2000
geneformer,ild,P2BU,adventitial fibroblast,307,33,0.9511400651465798,0.8343302658486708,0.9846205733558179,2000
geneformer,ild,P2BU,alveolar macrophage,176,41,0.5681818181818182,0.4194881082558775,0.7183118827909989,2000
geneformer,ild,P2BU,alveolar type 1 fibroblast cell,74,20,0.918918918918919,0.8428571428571429,0.9803969160479725,2000
geneformer,ild,P2BU,basal cell,366,32,0.8688524590163934,0.7974602169981917,0.9252876002575962,2000
geneformer,ild,P2BU,ciliated cell,2304,64,0.98828125,0.9848629085153869,0.9918182880203908,2000
geneformer,ild,P2BU,classical monocyte,680,60,0.3411764705882353,0.25647180201525765,0.3948176229876518,2000
geneformer,ild,P2BU,conventional dendritic cell,163,41,0.7975460122699386,0.7514434899243125,0.8435383650666971,2000
geneformer,ild,P2BU,endothelial cell of arteriole,200,38,0.86,0.7202727272727273,0.9205121386190104,2000
geneformer,ild,P2BU,endothelial cell of respiratory system lymphatic vessel,117,24,0.9829059829059829,0.9534792877906977,1.0,2000
geneformer,ild,P2BU,epithelial cell of lung,86,24,0.27906976744186046,0.1875,0.379753164556962,2000
geneformer,ild,P2BU,granzyme K-associated CD8 T cell,8,4,0.0,0.0,0.0,1971
geneformer,ild,P2BU,helper T cell,91,28,0.8131868131868132,0.7272727272727273,0.8787878787878788,2000
geneformer,ild,P2BU,hematopoietic cell,107,40,0.6448598130841121,0.5516810344827586,0.7377088970237148,2000
geneformer,ild,P2BU,lung interstitial macrophage,140,30,0.6571428571428571,0.5223625462431433,0.7230769230769231,2000
geneformer,ild,P2BU,lung secretory cell,1724,61,0.9715777262180975,0.9427666220437304,0.9801758249640466,2000
geneformer,ild,P2BU,macrophage,1992,80,0.9322289156626506,0.8851530463560296,0.95876655977907,2000
geneformer,ild,P2BU,mast cell,26,14,0.9230769230769231,0.75,1.0,2000
geneformer,ild,P2BU,mesothelial cell of pleura,33,12,1.0,1.0,1.0,2000
geneformer,ild,P2BU,monocyte,384,43,0.9192708333333334,0.8743531468531469,0.971964793637894,2000
geneformer,ild,P2BU,"myeloid dendritic cell, human",249,36,0.6746987951807228,0.5203252032520326,0.7880068403908794,2000
geneformer,ild,P2BU,myofibroblast cell,53,18,0.2830188679245283,0.1739019520851819,0.5384615384615384,2000
geneformer,ild,P2BU,natural killer cell,163,31,0.9447852760736196,0.9068578431372549,0.9924284511784511,2000
geneformer,ild,P2BU,pericyte,56,17,0.6428571428571429,0.4953732019481255,0.8965869106263193,2000
geneformer,ild,P2BU,plasma cell,26,8,0.0,0.0,0.0,2000
geneformer,ild,P2BU,plasmacytoid dendritic cell,14,11,1.0,1.0,1.0,2000
geneformer,ild,P2BU,pulmonary alveolar type 1 cell,196,23,0.9693877551020408,0.9193507657217335,0.9918041150886584,2000
geneformer,ild,P2BU,pulmonary alveolar type 2 cell,1521,60,0.9638395792241946,0.8793723339919862,0.9850090660483919,2000
geneformer,ild,P2BU,pulmonary capillary endothelial cell,206,36,0.912621359223301,0.8636228354978355,0.9476479345262067,2000
geneformer,ild,P2BU,smooth muscle cell,55,20,0.9636363636363636,0.8620689655172413,1.0,2000
geneformer,ild,P2BU,vein endothelial cell of respiratory system,663,56,0.8506787330316742,0.6866391515734359,0.9682224374815331,2000
geneformer,ild,P2DS,B cell,25,15,0.04,0.0,0.13333333333333333,2000
geneformer,ild,P2DS,"CD8-positive, alpha-beta cytotoxic T cell",293,35,0.9931740614334471,0.9784162939918336,1.0,2000
geneformer,ild,P2DS,adventitial fibroblast,307,33,0.9771986970684039,0.9214231601731602,0.9937774520647789,2000
geneformer,ild,P2DS,alveolar macrophage,176,41,0.5,0.358182302771855,0.6610356430707875,2000
geneformer,ild,P2DS,alveolar type 1 fibroblast cell,74,20,0.7162162162162162,0.6299907407407408,0.826929012345679,2000
geneformer,ild,P2DS,basal cell,366,32,0.8387978142076503,0.7488748993905945,0.9183701197870453,2000
geneformer,ild,P2DS,ciliated cell,2304,64,0.9917534722222222,0.9875964177379749,0.9954605746436946,2000
geneformer,ild,P2DS,classical monocyte,680,60,0.35441176470588237,0.3189200264360949,0.4412842665702847,2000
geneformer,ild,P2DS,conventional dendritic cell,163,41,0.7791411042944786,0.7099081306586188,0.8447231741272221,2000
geneformer,ild,P2DS,endothelial cell of arteriole,200,38,0.895,0.7829085168643154,0.9457905150011812,2000
geneformer,ild,P2DS,endothelial cell of respiratory system lymphatic vessel,117,24,0.9829059829059829,0.9534792877906977,1.0,2000
geneformer,ild,P2DS,epithelial cell of lung,86,24,0.0,0.0,0.0,2000
geneformer,ild,P2DS,granzyme K-associated CD8 T cell,8,4,0.0,0.0,0.0,1971
geneformer,ild,P2DS,helper T cell,91,28,0.3956043956043956,0.30508174059382137,0.520059701492537,2000
geneformer,ild,P2DS,hematopoietic cell,107,40,0.12149532710280374,0.051470588235294115,0.21360957004160877,2000
geneformer,ild,P2DS,lung interstitial macrophage,140,30,0.7,0.5396773182957393,0.7843159740960605,2000
geneformer,ild,P2DS,lung secretory cell,1724,61,0.9559164733178654,0.9038752236135957,0.9694009749929462,2000
geneformer,ild,P2DS,macrophage,1992,80,0.9492971887550201,0.9071402196847462,0.9688200556761621,2000
geneformer,ild,P2DS,mast cell,26,14,0.8846153846153846,0.6875,1.0,2000
geneformer,ild,P2DS,mesothelial cell of pleura,33,12,1.0,1.0,1.0,2000
geneformer,ild,P2DS,monocyte,384,43,0.8932291666666666,0.828338908903757,0.9400142118863047,2000
geneformer,ild,P2DS,"myeloid dendritic cell, human",249,36,0.24899598393574296,0.19025389205043997,0.3333333333333333,2000
geneformer,ild,P2DS,myofibroblast cell,53,18,0.09433962264150944,0.02127659574468085,0.2501329787234035,2000
geneformer,ild,P2DS,natural killer cell,163,31,0.3496932515337423,0.24509303721488596,0.5693952033368088,2000
geneformer,ild,P2DS,pericyte,56,17,0.6964285714285714,0.5434782608695652,0.9354838709677419,2000
geneformer,ild,P2DS,plasma cell,26,8,0.0,0.0,0.0,2000
geneformer,ild,P2DS,plasmacytoid dendritic cell,14,11,0.7857142857142857,0.5,1.0,2000
geneformer,ild,P2DS,pulmonary alveolar type 1 cell,196,23,0.9846938775510204,0.9673202614379085,1.0,2000
geneformer,ild,P2DS,pulmonary alveolar type 2 cell,1521,60,0.9658119658119658,0.874995925684485,0.9871055003424946,2000
geneformer,ild,P2DS,pulmonary capillary endothelial cell,206,36,0.8106796116504854,0.7376917822614545,0.8713562753036437,2000
geneformer,ild,P2DS,smooth muscle cell,55,20,0.8909090909090909,0.7142857142857143,0.9622816212438853,2000
geneformer,ild,P2DS,vein endothelial cell of respiratory system,663,56,0.8401206636500754,0.681949265006125,0.9603807409267076,2000
scfoundation_frozen,aida,B,B cell,107,84,0.5700934579439252,0.47168450653120464,0.6666666666666666,2000
scfoundation_frozen,aida,B,"CD14-low, CD16-positive monocyte",423,286,0.9598108747044918,0.9394618834080718,0.9770642201834863,2000
scfoundation_frozen,aida,B,CD14-positive monocyte,1932,529,0.984472049689441,0.9782950932930705,0.9898632809390808,2000
scfoundation_frozen,aida,B,CD141-positive myeloid dendritic cell,5,5,0.8,0.3333333333333333,1.0,1992
scfoundation_frozen,aida,B,"CD16-negative, CD56-bright natural killer cell, human",63,62,0.8888888888888888,0.8076754385964913,0.9607843137254902,2000
scfoundation_frozen,aida,B,"CD16-positive, CD56-dim natural killer cell, human",1576,493,0.9428934010152284,0.9313275287110725,0.9538775542113774,2000
scfoundation_frozen,aida,B,CD1c-positive myeloid dendritic cell,131,116,0.8702290076335878,0.8114754098360656,0.9223321894877804,2000
scfoundation_frozen,aida,B,"CD4-positive, alpha-beta T cell",361,266,0.26038781163434904,0.21751937475371075,0.30188809909580305,2000
scfoundation_frozen,aida,B,"CD4-positive, alpha-beta cytotoxic T cell",102,84,0.7745098039215687,0.6891764405915349,0.8532140672782874,2000
scfoundation_frozen,aida,B,"CD8-positive, alpha-beta T cell",579,323,0.6856649395509499,0.644777318640955,0.7264514738989728,2000
scfoundation_frozen,aida,B,"CD8-positive, alpha-beta cytotoxic T cell",493,285,0.821501014198783,0.7854014384388412,0.8542807826969012,2000
scfoundation_frozen,aida,B,"CD8-positive, alpha-beta memory T cell",263,194,0.7452471482889734,0.6865671641791045,0.8020882842205324,2000
scfoundation_frozen,aida,B,T cell,564,236,0.7429078014184397,0.6938315378882924,0.786994944319191,2000
scfoundation_frozen,aida,B,"central memory CD4-positive, alpha-beta T cell",1130,470,0.9035398230088496,0.886226874208572,0.9205155306298533,2000
scfoundation_frozen,aida,B,double negative T regulatory cell,3,3,0.0,0.0,0.0,1893
scfoundation_frozen,aida,B,"effector memory CD4-positive, alpha-beta T cell",233,189,0.6866952789699571,0.6218487394957983,0.75,2000
scfoundation_frozen,aida,B,gamma-delta T cell,320,189,0.621875,0.5646085647373703,0.6801191946519242,2000
scfoundation_frozen,aida,B,hematopoietic stem cell,2,2,0.0,0.0,0.0,1737
scfoundation_frozen,aida,B,innate lymphoid cell,6,6,0.5,0.0,1.0,1995
scfoundation_frozen,aida,B,mature B cell,51,49,0.6078431372549019,0.47616071428571427,0.7347088835534213,2000
scfoundation_frozen,aida,B,memory B cell,338,235,0.9349112426035503,0.9061470793327254,0.961664947195598,2000
scfoundation_frozen,aida,B,mucosal invariant T cell,219,166,0.9406392694063926,0.90625,0.9690276890794635,2000
scfoundation_frozen,aida,B,myeloid cell,263,188,0.5437262357414449,0.4813138365783594,0.6039526807032775,2000
scfoundation_frozen,aida,B,naive B cell,335,230,0.9940298507462687,0.9851835317460317,1.0,2000
scfoundation_frozen,aida,B,"naive thymus-derived CD4-positive, alpha-beta T cell",1525,495,0.9567213114754098,0.946529575172191,0.9663145700576998,2000
scfoundation_frozen,aida,B,"naive thymus-derived CD8-positive, alpha-beta T cell",851,376,0.9764982373678026,0.9657072773210452,0.9865199173103585,2000
scfoundation_frozen,aida,B,natural killer cell,235,136,0.7191489361702128,0.6489713182570326,0.7826131503920171,2000
scfoundation_frozen,aida,B,plasma cell,18,17,0.8888888888888888,0.7222222222222222,1.0,2000
scfoundation_frozen,aida,B,plasmacytoid dendritic cell,30,29,1.0,1.0,1.0,2000
scfoundation_frozen,aida,B,platelet,178,120,1.0,1.0,1.0,2000
scfoundation_frozen,aida,B,pre-conventional dendritic cell,7,6,0.0,0.0,0.0,1994
scfoundation_frozen,aida,B,regulatory T cell,157,138,0.8598726114649682,0.802543956672642,0.9097336576846307,2000
scfoundation_frozen,aida,P,B cell,107,84,0.5514018691588785,0.4555505952380952,0.6491318502441671,2000
scfoundation_frozen,aida,P,"CD14-low, CD16-positive monocyte",423,286,0.9550827423167849,0.9341412022890161,0.972972972972973,2000
scfoundation_frozen,aida,P,CD14-positive monocyte,1932,529,0.9880952380952381,0.9828875676569508,0.9926595883835425,2000
scfoundation_frozen,aida,P,CD141-positive myeloid dendritic cell,5,5,1.0,1.0,1.0,1992
scfoundation_frozen,aida,P,"CD16-negative, CD56-bright natural killer cell, human",63,62,0.873015873015873,0.7868559718969554,0.9491525423728814,2000
scfoundation_frozen,aida,P,"CD16-positive, CD56-dim natural killer cell, human",1576,493,0.9695431472081218,0.9611244613278171,0.9777929859374366,2000
scfoundation_frozen,aida,P,CD1c-positive myeloid dendritic cell,131,116,0.8015267175572519,0.7350427350427351,0.8629215542521993,2000
scfoundation_frozen,aida,P,"CD4-positive, alpha-beta T cell",361,266,0.20221606648199447,0.16198075242911228,0.24396782841823056,2000
scfoundation_frozen,aida,P,"CD4-positive, alpha-beta cytotoxic T cell",102,84,0.7549019607843137,0.669712420606916,0.8333677685950411,2000
scfoundation_frozen,aida,P,"CD8-positive, alpha-beta T cell",579,323,0.5924006908462867,0.5512359508706203,0.6348443739610601,2000
scfoundation_frozen,aida,P,"CD8-positive, alpha-beta cytotoxic T cell",493,285,0.7971602434077079,0.7613152617718828,0.8346311253042306,2000
scfoundation_frozen,aida,P,"CD8-positive, alpha-beta memory T cell",263,194,0.6920152091254753,0.6352377699713765,0.7481488240064882,2000
scfoundation_frozen,aida,P,T cell,564,236,0.8067375886524822,0.759996062992126,0.8447527354672647,2000
scfoundation_frozen,aida,P,"central memory CD4-positive, alpha-beta T cell",1130,470,0.9035398230088496,0.886008392600327,0.9201092286106544,2000
scfoundation_frozen,aida,P,double negative T regulatory cell,3,3,0.0,0.0,0.0,1893
scfoundation_frozen,aida,P,"effector memory CD4-positive, alpha-beta T cell",233,189,0.6781115879828327,0.6153761061946903,0.7363817755014936,2000
scfoundation_frozen,aida,P,gamma-delta T cell,320,189,0.70625,0.6552768258727779,0.7569252336448598,2000
scfoundation_frozen,aida,P,hematopoietic stem cell,2,2,0.0,0.0,0.0,1737
scfoundation_frozen,aida,P,innate lymphoid cell,6,6,0.5,0.0,1.0,1995
scfoundation_frozen,aida,P,mature B cell,51,49,0.49019607843137253,0.3541666666666667,0.625,2000
scfoundation_frozen,aida,P,memory B cell,338,235,0.9733727810650887,0.954265453560696,0.9894791101465003,2000
scfoundation_frozen,aida,P,mucosal invariant T cell,219,166,0.9315068493150684,0.8953809733538868,0.9620877972041898,2000
scfoundation_frozen,aida,P,myeloid cell,263,188,0.5703422053231939,0.5096470459678006,0.6285740546218487,2000
scfoundation_frozen,aida,P,naive B cell,335,230,0.9940298507462687,0.9849397590361446,1.0,2000
scfoundation_frozen,aida,P,"naive thymus-derived CD4-positive, alpha-beta T cell",1525,495,0.959344262295082,0.9478289069157254,0.9685503464637844,2000
scfoundation_frozen,aida,P,"naive thymus-derived CD8-positive, alpha-beta T cell",851,376,0.936545240893067,0.9189533651298357,0.95297218173594,2000
scfoundation_frozen,aida,P,natural killer cell,235,136,0.5829787234042553,0.5162357546064543,0.6554671396860631,2000
scfoundation_frozen,aida,P,plasma cell,18,17,0.7222222222222222,0.4761278195488722,0.9333333333333333,2000
scfoundation_frozen,aida,P,plasmacytoid dendritic cell,30,29,0.9666666666666667,0.8857142857142857,1.0,2000
scfoundation_frozen,aida,P,platelet,178,120,1.0,1.0,1.0,2000
scfoundation_frozen,aida,P,pre-conventional dendritic cell,7,6,0.0,0.0,0.0,1994
scfoundation_frozen,aida,P,regulatory T cell,157,138,0.8089171974522293,0.7434166073968705,0.8650966762543943,2000
scfoundation_frozen,aida,P2BA,B cell,107,84,0.5794392523364486,0.48384315906562847,0.6764780154486036,2000
scfoundation_frozen,aida,P2BA,"CD14-low, CD16-positive monocyte",423,286,0.9692671394799054,0.9513381995133819,0.9842351199514121,2000
scfoundation_frozen,aida,P2BA,CD14-positive monocyte,1932,529,0.9824016563146998,0.9756576851792255,0.9882899844588579,2000
scfoundation_frozen,aida,P2BA,CD141-positive myeloid dendritic cell,5,5,1.0,1.0,1.0,1992
scfoundation_frozen,aida,P2BA,"CD16-negative, CD56-bright natural killer cell, human",63,62,0.9047619047619048,0.8275632183908046,0.9710248447204968,2000
scfoundation_frozen,aida,P2BA,"CD16-positive, CD56-dim natural killer cell, human",1576,493,0.9479695431472082,0.9368278068839162,0.9595415552408971,2000
scfoundation_frozen,aida,P2BA,CD1c-positive myeloid dendritic cell,131,116,0.8625954198473282,0.8029197080291971,0.9166823308270675,2000
scfoundation_frozen,aida,P2BA,"CD4-positive, alpha-beta T cell",361,266,0.2659279778393352,0.2247996235351266,0.31060657666584096,2000
scfoundation_frozen,aida,P2BA,"CD4-positive, alpha-beta cytotoxic T cell",102,84,0.8137254901960784,0.7303370786516854,0.8901260504201679,2000
scfoundation_frozen,aida,P2BA,"CD8-positive, alpha-beta T cell",579,323,0.7305699481865285,0.6921635960131843,0.769094289324411,2000
scfoundation_frozen,aida,P2BA,"CD8-positive, alpha-beta cytotoxic T cell",493,285,0.7363083164300203,0.6944400212314225,0.7757527277018318,2000
scfoundation_frozen,aida,P2BA,"CD8-positive, alpha-beta memory T cell",263,194,0.6996197718631179,0.6404876551747986,0.7582448220924057,2000
scfoundation_frozen,aida,P2BA,T cell,564,236,0.7907801418439716,0.744860485975212,0.8287553710370456,2000
scfoundation_frozen,aida,P2BA,"central memory CD4-positive, alpha-beta T cell",1130,470,0.9026548672566371,0.8848506622626435,0.9198576020552217,2000
scfoundation_frozen,aida,P2BA,double negative T regulatory cell,3,3,0.3333333333333333,0.0,1.0,1893
scfoundation_frozen,aida,P2BA,"effector memory CD4-positive, alpha-beta T cell",233,189,0.759656652360515,0.7020356674780004,0.8149864071119577,2000
scfoundation_frozen,aida,P2BA,gamma-delta T cell,320,189,0.675,0.6204557215303411,0.7267733674775928,2000
scfoundation_frozen,aida,P2BA,hematopoietic stem cell,2,2,0.0,0.0,0.0,1737
scfoundation_frozen,aida,P2BA,innate lymphoid cell,6,6,0.6666666666666666,0.24583333333333338,1.0,1995
scfoundation_frozen,aida,P2BA,mature B cell,51,49,0.5882352941176471,0.4531176297169811,0.7209625322997414,2000
scfoundation_frozen,aida,P2BA,memory B cell,338,235,0.9497041420118343,0.9245745885550355,0.9727534841986549,2000
scfoundation_frozen,aida,P2BA,mucosal invariant T cell,219,166,0.9223744292237442,0.8851632775119617,0.9545454545454546,2000
scfoundation_frozen,aida,P2BA,myeloid cell,263,188,0.5665399239543726,0.5042338149485969,0.6277414700390426,2000
scfoundation_frozen,aida,P2BA,naive B cell,335,230,0.991044776119403,0.9800619104899377,1.0,2000
scfoundation_frozen,aida,P2BA,"naive thymus-derived CD4-positive, alpha-beta T cell",1525,495,0.958688524590164,0.9479841097599551,0.968038274245665,2000
scfoundation_frozen,aida,P2BA,"naive thymus-derived CD8-positive, alpha-beta T cell",851,376,0.963572267920094,0.9506161104069849,0.9756944444444444,2000
scfoundation_frozen,aida,P2BA,natural killer cell,235,136,0.7106382978723405,0.6363636363636364,0.7744368900975844,2000
scfoundation_frozen,aida,P2BA,plasma cell,18,17,0.8333333333333334,0.6363636363636364,1.0,2000
scfoundation_frozen,aida,P2BA,plasmacytoid dendritic cell,30,29,1.0,1.0,1.0,2000
scfoundation_frozen,aida,P2BA,platelet,178,120,1.0,1.0,1.0,2000
scfoundation_frozen,aida,P2BA,pre-conventional dendritic cell,7,6,0.0,0.0,0.0,1994
scfoundation_frozen,aida,P2BA,regulatory T cell,157,138,0.8789808917197452,0.8266597222222222,0.9256766409266409,2000
scfoundation_frozen,aida,P2BJ,B cell,107,84,0.6448598130841121,0.5555555555555556,0.7339473941050166,2000
scfoundation_frozen,aida,P2BJ,"CD14-low, CD16-positive monocyte",423,286,0.9621749408983451,0.9424986510791367,0.9786742462438237,2000
scfoundation_frozen,aida,P2BJ,CD14-positive monocyte,1932,529,0.8747412008281573,0.8570696111113522,0.8911103153573509,2000
scfoundation_frozen,aida,P2BJ,CD141-positive myeloid dendritic cell,5,5,1.0,1.0,1.0,1992
scfoundation_frozen,aida,P2BJ,"CD16-negative, CD56-bright natural killer cell, human",63,62,0.9206349206349206,0.847457627118644,0.9836065573770492,2000
scfoundation_frozen,aida,P2BJ,"CD16-positive, CD56-dim natural killer cell, human",1576,493,0.9536802030456852,0.9428749761923856,0.9638707796917462,2000
scfoundation_frozen,aida,P2BJ,CD1c-positive myeloid dendritic cell,131,116,0.7633587786259542,0.6859445100354191,0.8333333333333334,2000
scfoundation_frozen,aida,P2BJ,"CD4-positive, alpha-beta T cell",361,266,0.554016620498615,0.5027932960893855,0.6087048897647493,2000
scfoundation_frozen,aida,P2BJ,"CD4-positive, alpha-beta cytotoxic T cell",102,84,0.8333333333333334,0.7534092658149916,0.9026613111092018,2000
scfoundation_frozen,aida,P2BJ,"CD8-positive, alpha-beta T cell",579,323,0.6476683937823834,0.6042811201603565,0.6923245614035086,2000
scfoundation_frozen,aida,P2BJ,"CD8-positive, alpha-beta cytotoxic T cell",493,285,0.6511156186612576,0.6060573959938367,0.6971022603188468,2000
scfoundation_frozen,aida,P2BJ,"CD8-positive, alpha-beta memory T cell",263,194,0.714828897338403,0.6581721396474248,0.7686969614015876,2000
scfoundation_frozen,aida,P2BJ,T cell,564,236,0.5319148936170213,0.4866522048168776,0.5800472126743312,2000
scfoundation_frozen,aida,P2BJ,"central memory CD4-positive, alpha-beta T cell",1130,470,0.6371681415929203,0.6084672573189522,0.6666666666666666,2000
scfoundation_frozen,aida,P2BJ,double negative T regulatory cell,3,3,0.6666666666666666,0.0,1.0,1893
scfoundation_frozen,aida,P2BJ,"effector memory CD4-positive, alpha-beta T cell",233,189,0.8326180257510729,0.7838803088803089,0.8771949760765549,2000
scfoundation_frozen,aida,P2BJ,gamma-delta T cell,320,189,0.73125,0.6803464755077658,0.7777777777777778,2000
scfoundation_frozen,aida,P2BJ,hematopoietic stem cell,2,2,0.0,0.0,0.0,1737
scfoundation_frozen,aida,P2BJ,innate lymphoid cell,6,6,0.6666666666666666,0.24583333333333338,1.0,1995
scfoundation_frozen,aida,P2BJ,mature B cell,51,49,0.6862745098039216,0.5526088929219601,0.8113502358490565,2000
scfoundation_frozen,aida,P2BJ,memory B cell,338,235,0.9497041420118343,0.9237530443859038,0.9729770068576039,2000
scfoundation_frozen,aida,P2BJ,mucosal invariant T cell,219,166,0.9223744292237442,0.8873222176194422,0.9534883720930233,2000
scfoundation_frozen,aida,P2BJ,myeloid cell,263,188,0.7908745247148289,0.7396194704296812,0.84,2000
scfoundation_frozen,aida,P2BJ,naive B cell,335,230,0.991044776119403,0.9800619104899377,1.0,2000
scfoundation_frozen,aida,P2BJ,"naive thymus-derived CD4-positive, alpha-beta T cell",1525,495,0.8859016393442622,0.8680103190175132,0.9016724385162739,2000
scfoundation_frozen,aida,P2BJ,"naive thymus-derived CD8-positive, alpha-beta T cell",851,376,0.9835487661574618,0.974447721824679,0.9913050544067078,2000
scfoundation_frozen,aida,P2BJ,natural killer cell,235,136,0.7361702127659574,0.6759747640146407,0.7898832684824902,2000
scfoundation_frozen,aida,P2BJ,plasma cell,18,17,0.9444444444444444,0.8076923076923077,1.0,2000
scfoundation_frozen,aida,P2BJ,plasmacytoid dendritic cell,30,29,1.0,1.0,1.0,2000
scfoundation_frozen,aida,P2BJ,platelet,178,120,1.0,1.0,1.0,2000
scfoundation_frozen,aida,P2BJ,pre-conventional dendritic cell,7,6,0.5714285714285714,0.0,1.0,1994
scfoundation_frozen,aida,P2BJ,regulatory T cell,157,138,0.9363057324840764,0.8950617283950617,0.9696969696969697,2000
scfoundation_frozen,aida,P2BU,B cell,107,84,0.5981308411214953,0.4957843137254902,0.696078431372549,2000
scfoundation_frozen,aida,P2BU,"CD14-low, CD16-positive monocyte",423,286,0.9598108747044918,0.9399024906015038,0.9766479040142201,2000
scfoundation_frozen,aida,P2BU,CD14-positive monocyte,1932,529,0.9798136645962733,0.9727593312482067,0.9857356538999328,2000
scfoundation_frozen,aida,P2BU,CD141-positive myeloid dendritic cell,5,5,0.0,0.0,0.0,1992
scfoundation_frozen,aida,P2BU,"CD16-negative, CD56-bright natural killer cell, human",63,62,0.8095238095238095,0.7049180327868853,0.9047619047619048,2000
scfoundation_frozen,aida,P2BU,"CD16-positive, CD56-dim natural killer cell, human",1576,493,0.9727157360406091,0.9641046618554672,0.9807811736729859,2000
scfoundation_frozen,aida,P2BU,CD1c-positive myeloid dendritic cell,131,116,0.8702290076335878,0.8118710436617432,0.9243697478991597,2000
scfoundation_frozen,aida,P2BU,"CD4-positive, alpha-beta T cell",361,266,0.3518005540166205,0.30334954206401665,0.40290462098793534,2000
scfoundation_frozen,aida,P2BU,"CD4-positive, alpha-beta cytotoxic T cell",102,84,0.696078431372549,0.5957387042792254,0.7916769801980197,2000
scfoundation_frozen,aida,P2BU,"CD8-positive, alpha-beta T cell",579,323,0.6338514680483592,0.5910478448552539,0.6774193548387096,2000
scfoundation_frozen,aida,P2BU,"CD8-positive, alpha-beta cytotoxic T cell",493,285,0.7768762677484787,0.7366356536163545,0.8163764105255624,2000
scfoundation_frozen,aida,P2BU,"CD8-positive, alpha-beta memory T cell",263,194,0.6197718631178707,0.5575908032343454,0.6789773527506267,2000
scfoundation_frozen,aida,P2BU,T cell,564,236,0.7978723404255319,0.7522590894052956,0.8358800986903824,2000
scfoundation_frozen,aida,P2BU,"central memory CD4-positive, alpha-beta T cell",1130,470,0.8380530973451328,0.8153142058314472,0.8597246127366609,2000
scfoundation_frozen,aida,P2BU,double negative T regulatory cell,3,3,0.0,0.0,0.0,1893
scfoundation_frozen,aida,P2BU,"effector memory CD4-positive, alpha-beta T cell",233,189,0.759656652360515,0.7027027027027027,0.8125414823008847,2000
scfoundation_frozen,aida,P2BU,gamma-delta T cell,320,189,0.640625,0.59118782161235,0.6915627136021874,2000
scfoundation_frozen,aida,P2BU,hematopoietic stem cell,2,2,0.0,0.0,0.0,1737
scfoundation_frozen,aida,P2BU,innate lymphoid cell,6,6,0.6666666666666666,0.24583333333333338,1.0,1995
scfoundation_frozen,aida,P2BU,mature B cell,51,49,0.5686274509803921,0.43329545454545454,0.7027277277277276,2000
scfoundation_frozen,aida,P2BU,memory B cell,338,235,0.9674556213017751,0.9473684210526315,0.9847572559122247,2000
scfoundation_frozen,aida,P2BU,mucosal invariant T cell,219,166,0.9269406392694064,0.8909000452284034,0.9586786337099098,2000
scfoundation_frozen,aida,P2BU,myeloid cell,263,188,0.5817490494296578,0.5164746543778802,0.6438877697841726,2000
scfoundation_frozen,aida,P2BU,naive B cell,335,230,0.982089552238806,0.9666641337386018,0.9943985393600338,2000
scfoundation_frozen,aida,P2BU,"naive thymus-derived CD4-positive, alpha-beta T cell",1525,495,0.9619672131147541,0.9511582945974856,0.9713173377955305,2000
scfoundation_frozen,aida,P2BU,"naive thymus-derived CD8-positive, alpha-beta T cell",851,376,0.9459459459459459,0.931072472238457,0.960233918128655,2000
scfoundation_frozen,aida,P2BU,natural killer cell,235,136,0.6425531914893617,0.5803008257032672,0.7013001704178174,2000
scfoundation_frozen,aida,P2BU,plasma cell,18,17,0.16666666666666666,0.0,0.3333333333333333,2000
scfoundation_frozen,aida,P2BU,plasmacytoid dendritic cell,30,29,0.9666666666666667,0.8857142857142857,1.0,2000
scfoundation_frozen,aida,P2BU,platelet,178,120,1.0,1.0,1.0,2000
scfoundation_frozen,aida,P2BU,pre-conventional dendritic cell,7,6,0.0,0.0,0.0,1994
scfoundation_frozen,aida,P2BU,regulatory T cell,157,138,0.8280254777070064,0.7668660531697342,0.8843986216096041,2000
scfoundation_frozen,aida,P2DS,B cell,107,84,0.6261682242990654,0.5267020089285714,0.7200084745762712,2000
scfoundation_frozen,aida,P2DS,"CD14-low, CD16-positive monocyte",423,286,0.9527186761229315,0.9315361474663215,0.9708764953190013,2000
scfoundation_frozen,aida,P2DS,CD14-positive monocyte,1932,529,0.9839544513457557,0.977409500060146,0.9895474020353088,2000
scfoundation_frozen,aida,P2DS,CD141-positive myeloid dendritic cell,5,5,0.0,0.0,0.0,1992
scfoundation_frozen,aida,P2DS,"CD16-negative, CD56-bright natural killer cell, human",63,62,0.7777777777777778,0.6711187214611872,0.8783886158886158,2000
scfoundation_frozen,aida,P2DS,"CD16-positive, CD56-dim natural killer cell, human",1576,493,0.9644670050761421,0.9540869817426879,0.9738608115695119,2000
scfoundation_frozen,aida,P2DS,CD1c-positive myeloid dendritic cell,131,116,0.8931297709923665,0.838445945945946,0.9448289437958186,2000
scfoundation_frozen,aida,P2DS,"CD4-positive, alpha-beta T cell",361,266,0.31301939058171746,0.2663035438641626,0.3579993049119555,2000
scfoundation_frozen,aida,P2DS,"CD4-positive, alpha-beta cytotoxic T cell",102,84,0.7549019607843137,0.6665948275862069,0.8378442728442728,2000
scfoundation_frozen,aida,P2DS,"CD8-positive, alpha-beta T cell",579,323,0.7132987910189983,0.6746929237417506,0.7528127911177018,2000
scfoundation_frozen,aida,P2DS,"CD8-positive, alpha-beta cytotoxic T cell",493,285,0.6673427991886409,0.6233263101227051,0.7106393307167941,2000
scfoundation_frozen,aida,P2DS,"CD8-positive, alpha-beta memory T cell",263,194,0.5513307984790875,0.487285419382877,0.6141732283464567,2000
scfoundation_frozen,aida,P2DS,T cell,564,236,0.7411347517730497,0.6852530407006335,0.788185241102076,2000
scfoundation_frozen,aida,P2DS,"central memory CD4-positive, alpha-beta T cell",1130,470,0.8115044247787611,0.7876823633926815,0.835640439295923,2000
scfoundation_frozen,aida,P2DS,double negative T regulatory cell,3,3,0.0,0.0,0.0,1893
scfoundation_frozen,aida,P2DS,"effector memory CD4-positive, alpha-beta T cell",233,189,0.7639484978540773,0.7108965571266304,0.8189655172413793,2000
scfoundation_frozen,aida,P2DS,gamma-delta T cell,320,189,0.625,0.5743226518597806,0.679452932911837,2000
scfoundation_frozen,aida,P2DS,hematopoietic stem cell,2,2,0.0,0.0,0.0,1737
scfoundation_frozen,aida,P2DS,innate lymphoid cell,6,6,0.8333333333333334,0.5,1.0,1995
scfoundation_frozen,aida,P2DS,mature B cell,51,49,0.5098039215686274,0.3725376196990424,0.6458639705882352,2000
scfoundation_frozen,aida,P2DS,memory B cell,338,235,0.9319526627218935,0.902701506816551,0.9566592464378441,2000
scfoundation_frozen,aida,P2DS,mucosal invariant T cell,219,166,0.958904109589041,0.93,0.9824561403508771,2000
scfoundation_frozen,aida,P2DS,myeloid cell,263,188,0.49429657794676807,0.4317164770386334,0.5555646929824561,2000
scfoundation_frozen,aida,P2DS,naive B cell,335,230,0.9880597014925373,0.9756721629886768,0.9972451790633609,2000
scfoundation_frozen,aida,P2DS,"naive thymus-derived CD4-positive, alpha-beta T cell",1525,495,0.9239344262295082,0.9087662638085483,0.9373124266362107,2000
scfoundation_frozen,aida,P2DS,"naive thymus-derived CD8-positive, alpha-beta T cell",851,376,0.917743830787309,0.8950056712211835,0.9372817366682398,2000
scfoundation_frozen,aida,P2DS,natural killer cell,235,136,0.7148936170212766,0.6487804878048781,0.7743395782338542,2000
scfoundation_frozen,aida,P2DS,plasma cell,18,17,0.0,0.0,0.0,2000
scfoundation_frozen,aida,P2DS,plasmacytoid dendritic cell,30,29,0.9666666666666667,0.8857142857142857,1.0,2000
scfoundation_frozen,aida,P2DS,platelet,178,120,1.0,1.0,1.0,2000
scfoundation_frozen,aida,P2DS,pre-conventional dendritic cell,7,6,0.0,0.0,0.0,1994
scfoundation_frozen,aida,P2DS,regulatory T cell,157,138,0.802547770700637,0.7361045597484277,0.8639469387755102,2000
scfoundation_frozen,crc,B,BEST4+ colonocyte,262,11,0.9770992366412213,0.9294101662404093,1.0,2000
scfoundation_frozen,crc,B,colon goblet cell,316,18,0.9873417721518988,0.9695646656367247,0.9970151474769012,2000
scfoundation_frozen,crc,B,colonocyte,383,17,0.7362924281984334,0.6615338645418326,0.8742702095808382,2000
scfoundation_frozen,crc,B,early colonocyte,1285,21,0.9245136186770428,0.8880366643534583,0.9400992915311014,2000
scfoundation_frozen,crc,B,enteroendocrine cell of colon,33,12,0.9090909090909091,0.71875,1.0,2000
scfoundation_frozen,crc,B,intestinal crypt stem cell of colon,414,20,0.7367149758454107,0.19444444444444445,0.7905323002695289,2000
scfoundation_frozen,crc,B,malignant cell,4696,25,0.9885008517887564,0.9820500531898168,0.9933345552593856,2000
scfoundation_frozen,crc,B,secretory cell,1034,18,0.9584139264990329,0.9287804428695186,0.9719803653829261,2000
scfoundation_frozen,crc,B,tuft cell of colon,149,16,0.9865771812080537,0.9552196880764715,1.0,2000
scfoundation_frozen,crc,P,BEST4+ colonocyte,262,11,0.8969465648854962,0.8021978021978022,0.9687560562015504,2000
scfoundation_frozen,crc,P,colon goblet cell,316,18,0.9873417721518988,0.9739583333333334,1.0,2000
scfoundation_frozen,crc,P,colonocyte,383,17,0.9373368146214099,0.8527945745245131,0.9772752982311805,2000
scfoundation_frozen,crc,P,early colonocyte,1285,21,0.8879377431906614,0.8325518783542039,0.9133877195639007,2000
scfoundation_frozen,crc,P,enteroendocrine cell of colon,33,12,0.8181818181818182,0.6856766917293233,0.9394385026737966,2000
scfoundation_frozen,crc,P,intestinal crypt stem cell of colon,414,20,0.7004830917874396,0.1956389183457052,0.7359190926226504,2000
scfoundation_frozen,crc,P,malignant cell,4696,25,0.9899914821124361,0.9834296266800916,0.9939832083086758,2000
scfoundation_frozen,crc,P,secretory cell,1034,18,0.9361702127659575,0.8995861783370144,0.9581362049503888,2000
scfoundation_frozen,crc,P,tuft cell of colon,149,16,0.9731543624161074,0.9130434782608695,1.0,2000
scfoundation_frozen,crc,P2BA,BEST4+ colonocyte,262,11,0.9427480916030534,0.8477264482643152,0.9878121370499419,2000
scfoundation_frozen,crc,P2BA,colon goblet cell,316,18,0.9810126582278481,0.9603152056277057,0.9928465773687237,2000
scfoundation_frozen,crc,P2BA,colonocyte,383,17,0.8407310704960835,0.783033054082835,0.9275469786293293,2000
scfoundation_frozen,crc,P2BA,early colonocyte,1285,21,0.9252918287937744,0.8870271233643365,0.9379089945193614,2000
scfoundation_frozen,crc,P2BA,enteroendocrine cell of colon,33,12,0.9090909090909091,0.71875,1.0,2000
scfoundation_frozen,crc,P2BA,intestinal crypt stem cell of colon,414,20,0.7729468599033816,0.3076923076923077,0.8047345673622631,2000
scfoundation_frozen,crc,P2BA,malignant cell,4696,25,0.9870102214650767,0.9795469615637212,0.9924249397509707,2000
scfoundation_frozen,crc,P2BA,secretory cell,1034,18,0.9729206963249516,0.9501377530479928,0.9831468549826735,2000
scfoundation_frozen,crc,P2BA,tuft cell of colon,149,16,0.9865771812080537,0.9552196880764715,1.0,2000
scfoundation_frozen,crc,P2BJ,BEST4+ colonocyte,262,11,0.916030534351145,0.8137802260695378,0.9743682310469314,2000
scfoundation_frozen,crc,P2BJ,colon goblet cell,316,18,0.9841772151898734,0.9700583832335329,0.993569647126721,2000
scfoundation_frozen,crc,P2BJ,colonocyte,383,17,0.9268929503916449,0.8474562513757429,0.9758144733464533,2000
scfoundation_frozen,crc,P2BJ,early colonocyte,1285,21,0.888715953307393,0.8333241758241758,0.9202798106451303,2000
scfoundation_frozen,crc,P2BJ,enteroendocrine cell of colon,33,12,0.9090909090909091,0.71875,1.0,2000
scfoundation_frozen,crc,P2BJ,intestinal crypt stem cell of colon,414,20,0.785024154589372,0.39467234262125905,0.8325843780135005,2000
scfoundation_frozen,crc,P2BJ,malignant cell,4696,25,0.9782793867120954,0.9700338320508081,0.9858864661518814,2000
scfoundation_frozen,crc,P2BJ,secretory cell,1034,18,0.9574468085106383,0.9365912330719887,0.9762795960064259,2000
scfoundation_frozen,crc,P2BJ,tuft cell of colon,149,16,0.9865771812080537,0.9552196880764715,1.0,2000
scfoundation_frozen,crc,P2BU,BEST4+ colonocyte,262,11,0.9618320610687023,0.8716946512030466,1.0,2000
scfoundation_frozen,crc,P2BU,colon goblet cell,316,18,0.9651898734177216,0.941843365253078,0.9840446639648768,2000
scfoundation_frozen,crc,P2BU,colonocyte,383,17,0.9138381201044387,0.8669516318275852,0.9468429710589417,2000
scfoundation_frozen,crc,P2BU,early colonocyte,1285,21,0.8848249027237354,0.8290219249976333,0.904071932196698,2000
scfoundation_frozen,crc,P2BU,enteroendocrine cell of colon,33,12,0.9393939393939394,0.8260869565217391,1.0,2000
scfoundation_frozen,crc,P2BU,intestinal crypt stem cell of colon,414,20,0.7801932367149759,0.2972972972972973,0.8152791526493793,2000
scfoundation_frozen,crc,P2BU,malignant cell,4696,25,0.9889267461669506,0.9825135521969672,0.9934254629044584,2000
scfoundation_frozen,crc,P2BU,secretory cell,1034,18,0.960348162475822,0.9371472840499389,0.979233912657331,2000
scfoundation_frozen,crc,P2BU,tuft cell of colon,149,16,0.9865771812080537,0.9552196880764715,1.0,2000
scfoundation_frozen,crc,P2DS,BEST4+ colonocyte,262,11,0.9389312977099237,0.851419452887538,0.9870988420181969,2000
scfoundation_frozen,crc,P2DS,colon goblet cell,316,18,0.9588607594936709,0.9426521062934062,0.9771461038961038,2000
scfoundation_frozen,crc,P2DS,colonocyte,383,17,0.7806788511749347,0.688563479717602,0.9409157754010695,2000
scfoundation_frozen,crc,P2DS,early colonocyte,1285,21,0.8412451361867704,0.7955959013131715,0.8693569537608995,2000
scfoundation_frozen,crc,P2DS,enteroendocrine cell of colon,33,12,0.8787878787878788,0.7692307692307693,0.96875,2000
scfoundation_frozen,crc,P2DS,intestinal crypt stem cell of colon,414,20,0.7318840579710145,0.31576510721247564,0.7732677854685451,2000
scfoundation_frozen,crc,P2DS,malignant cell,4696,25,0.9912691652470187,0.9866391267791421,0.9945499094380551,2000
scfoundation_frozen,crc,P2DS,secretory cell,1034,18,0.9584139264990329,0.9354202962815251,0.9801187274756233,2000
scfoundation_frozen,crc,P2DS,tuft cell of colon,149,16,0.9798657718120806,0.9315034918076819,1.0,2000
scfoundation_frozen,ild,B,B cell,25,15,0.68,0.4073784722222222,0.9,2000
scfoundation_frozen,ild,B,"CD8-positive, alpha-beta cytotoxic T cell",293,35,0.9522184300341296,0.897431506849315,0.9829451411224748,2000
scfoundation_frozen,ild,B,adventitial fibroblast,307,33,0.9446254071661238,0.8103393714535138,0.9850539643839531,2000
scfoundation_frozen,ild,B,alveolar macrophage,176,41,0.6136363636363636,0.46151162790697675,0.7708435457516339,2000
scfoundation_frozen,ild,B,alveolar type 1 fibroblast cell,74,20,0.8648648648648649,0.7722411303630363,0.958904109589041,2000
scfoundation_frozen,ild,B,basal cell,366,32,0.8688524590163934,0.7777777777777778,0.9406990286450589,2000
scfoundation_frozen,ild,B,ciliated cell,2304,64,0.9809027777777778,0.9746572515507883,0.9858510115390856,2000
scfoundation_frozen,ild,B,classical monocyte,680,60,0.7132352941176471,0.6003463587921847,0.7707721250450307,2000
scfoundation_frozen,ild,B,conventional dendritic cell,163,41,0.5766871165644172,0.44574966532797855,0.685493371052187,2000
scfoundation_frozen,ild,B,endothelial cell of arteriole,200,38,0.88,0.7777548209366392,0.9234455863685187,2000
scfoundation_frozen,ild,B,endothelial cell of respiratory system lymphatic vessel,117,24,0.9829059829059829,0.9534792877906977,1.0,2000
scfoundation_frozen,ild,B,epithelial cell of lung,86,24,0.6976744186046512,0.6101591566763126,0.7865414325842696,2000
scfoundation_frozen,ild,B,granzyme K-associated CD8 T cell,8,4,0.25,0.0,1.0,1971
scfoundation_frozen,ild,B,helper T cell,91,28,0.7142857142857143,0.6190476190476191,0.8289473684210527,2000
scfoundation_frozen,ild,B,hematopoietic cell,107,40,0.9065420560747663,0.8281207997311828,0.9587644026682839,2000
scfoundation_frozen,ild,B,lung interstitial macrophage,140,30,0.7714285714285715,0.6037477384337038,0.8489607900943397,2000
scfoundation_frozen,ild,B,lung secretory cell,1724,61,0.9802784222737819,0.9599347337482711,0.9884681424737004,2000
scfoundation_frozen,ild,B,macrophage,1992,80,0.9131526104417671,0.8620827200995629,0.9439376796002009,2000
scfoundation_frozen,ild,B,mast cell,26,14,1.0,1.0,1.0,2000
scfoundation_frozen,ild,B,mesothelial cell of pleura,33,12,1.0,1.0,1.0,2000
scfoundation_frozen,ild,B,monocyte,384,43,0.875,0.8244103190729859,0.9090991436100131,2000
scfoundation_frozen,ild,B,"myeloid dendritic cell, human",249,36,0.5622489959839357,0.47468086247586355,0.6966315159329527,2000
scfoundation_frozen,ild,B,myofibroblast cell,53,18,0.49056603773584906,0.29994680851063826,0.6818181818181818,2000
scfoundation_frozen,ild,B,natural killer cell,163,31,0.803680981595092,0.6960723039215686,0.9482869142351901,2000
scfoundation_frozen,ild,B,pericyte,56,17,0.7321428571428571,0.5492888704777686,0.8889492753623185,2000
scfoundation_frozen,ild,B,plasma cell,26,8,0.5769230769230769,0.4406779661016949,1.0,2000
scfoundation_frozen,ild,B,plasmacytoid dendritic cell,14,11,1.0,1.0,1.0,2000
scfoundation_frozen,ild,B,pulmonary alveolar type 1 cell,196,23,0.9387755102040817,0.8148052691867125,0.9807753164556962,2000
scfoundation_frozen,ild,B,pulmonary alveolar type 2 cell,1521,60,0.9506903353057199,0.8307206945918594,0.9799020100502512,2000
scfoundation_frozen,ild,B,pulmonary capillary endothelial cell,206,36,0.8543689320388349,0.7837544065804936,0.9139376280737704,2000
scfoundation_frozen,ild,B,smooth muscle cell,55,20,0.9818181818181818,0.9166666666666666,1.0,2000
scfoundation_frozen,ild,B,vein endothelial cell of respiratory system,663,56,0.8386123680241327,0.6840824700755106,0.9489415795167688,2000
scfoundation_frozen,ild,P,B cell,25,15,0.8,0.6248511904761905,0.9375,2000
scfoundation_frozen,ild,P,"CD8-positive, alpha-beta cytotoxic T cell",293,35,0.9419795221843004,0.8816532993073277,0.9735850717512623,2000
scfoundation_frozen,ild,P,adventitial fibroblast,307,33,0.9641693811074918,0.8940980392156863,0.9908061722563375,2000
scfoundation_frozen,ild,P,alveolar macrophage,176,41,0.6590909090909091,0.538078231292517,0.7948818897637794,2000
scfoundation_frozen,ild,P,alveolar type 1 fibroblast cell,74,20,0.7162162162162162,0.5964827935222672,0.8571428571428571,2000
scfoundation_frozen,ild,P,basal cell,366,32,0.8852459016393442,0.8096189701094999,0.933342939481268,2000
scfoundation_frozen,ild,P,ciliated cell,2304,64,0.9921875,0.9878004235120081,0.9959700865227914,2000
scfoundation_frozen,ild,P,classical monocyte,680,60,0.6808823529411765,0.5549130040679165,0.7479494003844388,2000
scfoundation_frozen,ild,P,conventional dendritic cell,163,41,0.8159509202453987,0.7399895833333333,0.8817246634493269,2000
scfoundation_frozen,ild,P,endothelial cell of arteriole,200,38,0.865,0.7520833333333333,0.9237308313155771,2000
scfoundation_frozen,ild,P,endothelial cell of respiratory system lymphatic vessel,117,24,0.9829059829059829,0.9534792877906977,1.0,2000
scfoundation_frozen,ild,P,epithelial cell of lung,86,24,0.7790697674418605,0.6862745098039216,0.85,2000
scfoundation_frozen,ild,P,granzyme K-associated CD8 T cell,8,4,0.125,0.0,0.5,1971
scfoundation_frozen,ild,P,helper T cell,91,28,0.6593406593406593,0.5479370515329419,0.7735849056603774,2000
scfoundation_frozen,ild,P,hematopoietic cell,107,40,0.897196261682243,0.8153488372093023,0.9437517556179775,2000
scfoundation_frozen,ild,P,lung interstitial macrophage,140,30,0.6857142857142857,0.4602678571428571,0.7801748299056749,2000
scfoundation_frozen,ild,P,lung secretory cell,1724,61,0.9443155452436195,0.8907283061377756,0.9635645933014354,2000
scfoundation_frozen,ild,P,macrophage,1992,80,0.9086345381526104,0.8601061154651004,0.9385286024552789,2000
scfoundation_frozen,ild,P,mast cell,26,14,1.0,1.0,1.0,2000
scfoundation_frozen,ild,P,mesothelial cell of pleura,33,12,1.0,1.0,1.0,2000
scfoundation_frozen,ild,P,monocyte,384,43,0.8567708333333334,0.7913291106245438,0.884491622239147,2000
scfoundation_frozen,ild,P,"myeloid dendritic cell, human",249,36,0.44176706827309237,0.29411764705882354,0.5623566176470588,2000
scfoundation_frozen,ild,P,myofibroblast cell,53,18,0.5471698113207547,0.2448565912851627,0.8360823017731682,2000
scfoundation_frozen,ild,P,natural killer cell,163,31,0.852760736196319,0.8,0.9186193328635188,2000
scfoundation_frozen,ild,P,pericyte,56,17,0.7142857142857143,0.5384615384615384,0.8965869106263193,2000
scfoundation_frozen,ild,P,plasma cell,26,8,0.38461538461538464,0.1864406779661017,1.0,2000
scfoundation_frozen,ild,P,plasmacytoid dendritic cell,14,11,1.0,1.0,1.0,2000
scfoundation_frozen,ild,P,pulmonary alveolar type 1 cell,196,23,0.9489795918367347,0.8596367679762787,0.9812909182474401,2000
scfoundation_frozen,ild,P,pulmonary alveolar type 2 cell,1521,60,0.9618671926364234,0.8659897478155988,0.9848604706846734,2000
scfoundation_frozen,ild,P,pulmonary capillary endothelial cell,206,36,0.8737864077669902,0.8116859589685677,0.9144240092110046,2000
scfoundation_frozen,ild,P,smooth muscle cell,55,20,0.9272727272727272,0.7749798387096775,0.9871835443037975,2000
scfoundation_frozen,ild,P,vein endothelial cell of respiratory system,663,56,0.8446455505279035,0.677906644882915,0.9582544498381876,2000
scfoundation_frozen,ild,P2BA,B cell,25,15,0.8,0.6,0.9615740740740739,2000
scfoundation_frozen,ild,P2BA,"CD8-positive, alpha-beta cytotoxic T cell",293,35,0.9419795221843004,0.8727272727272727,0.9786805834412629,2000
scfoundation_frozen,ild,P2BA,adventitial fibroblast,307,33,0.9381107491856677,0.8260869565217391,0.9761314655172414,2000
scfoundation_frozen,ild,P2BA,alveolar macrophage,176,41,0.5397727272727273,0.4043686780606906,0.6946107784431138,2000
scfoundation_frozen,ild,P2BA,alveolar type 1 fibroblast cell,74,20,0.8243243243243243,0.736396749789857,0.9305555555555556,2000
scfoundation_frozen,ild,P2BA,basal cell,366,32,0.8306010928961749,0.734787527918185,0.8858471712510446,2000
scfoundation_frozen,ild,P2BA,ciliated cell,2304,64,0.9830729166666666,0.9791150840990069,0.9877978051259512,2000
scfoundation_frozen,ild,P2BA,classical monocyte,680,60,0.7455882352941177,0.6231001852466268,0.8081715012108274,2000
scfoundation_frozen,ild,P2BA,conventional dendritic cell,163,41,0.5766871165644172,0.42774042891848874,0.6956577767817121,2000
scfoundation_frozen,ild,P2BA,endothelial cell of arteriole,200,38,0.875,0.78125,0.9194650158142406,2000
scfoundation_frozen,ild,P2BA,endothelial cell of respiratory system lymphatic vessel,117,24,0.9658119658119658,0.9264705882352942,1.0,2000
scfoundation_frozen,ild,P2BA,epithelial cell of lung,86,24,0.6976744186046512,0.6111111111111112,0.7866721311475409,2000
scfoundation_frozen,ild,P2BA,granzyme K-associated CD8 T cell,8,4,0.25,0.0,1.0,1971
scfoundation_frozen,ild,P2BA,helper T cell,91,28,0.7142857142857143,0.6206724137931035,0.8225857492854226,2000
scfoundation_frozen,ild,P2BA,hematopoietic cell,107,40,0.9158878504672897,0.8487235400489309,0.9550561797752809,2000
scfoundation_frozen,ild,P2BA,lung interstitial macrophage,140,30,0.7214285714285714,0.5504472477064221,0.7988513773839337,2000
scfoundation_frozen,ild,P2BA,lung secretory cell,1724,61,0.9825986078886311,0.9566512498054399,0.9905122469254024,2000
scfoundation_frozen,ild,P2BA,macrophage,1992,80,0.9241967871485943,0.8808557477854362,0.948896229169474,2000
scfoundation_frozen,ild,P2BA,mast cell,26,14,1.0,1.0,1.0,2000
scfoundation_frozen,ild,P2BA,mesothelial cell of pleura,33,12,1.0,1.0,1.0,2000
scfoundation_frozen,ild,P2BA,monocyte,384,43,0.84375,0.780300949050949,0.8846273291925465,2000
scfoundation_frozen,ild,P2BA,"myeloid dendritic cell, human",249,36,0.5742971887550201,0.49590637703252033,0.6725732000437016,2000
scfoundation_frozen,ild,P2BA,myofibroblast cell,53,18,0.49056603773584906,0.2498310810810811,0.6354403409090907,2000
scfoundation_frozen,ild,P2BA,natural killer cell,163,31,0.7852760736196319,0.6857142857142857,0.9347870272180983,2000
scfoundation_frozen,ild,P2BA,pericyte,56,17,0.7142857142857143,0.5853150406504065,0.8600116279069767,2000
scfoundation_frozen,ild,P2BA,plasma cell,26,8,0.5384615384615384,0.3898305084745763,1.0,2000
scfoundation_frozen,ild,P2BA,plasmacytoid dendritic cell,14,11,1.0,1.0,1.0,2000
scfoundation_frozen,ild,P2BA,pulmonary alveolar type 1 cell,196,23,0.9336734693877551,0.7903145161290323,0.9807753164556962,2000
scfoundation_frozen,ild,P2BA,pulmonary alveolar type 2 cell,1521,60,0.948060486522025,0.8385050960111606,0.9751790152842409,2000
scfoundation_frozen,ild,P2BA,pulmonary capillary endothelial cell,206,36,0.8300970873786407,0.7446418114386102,0.900688469376203,2000
scfoundation_frozen,ild,P2BA,smooth muscle cell,55,20,0.9818181818181818,0.9166666666666666,1.0,2000
scfoundation_frozen,ild,P2BA,vein endothelial cell of respiratory system,663,56,0.8567119155354449,0.6998082901135505,0.9659916642713423,2000
scfoundation_frozen,ild,P2BJ,B cell,25,15,0.84,0.6875,0.9629629629629629,2000
scfoundation_frozen,ild,P2BJ,"CD8-positive, alpha-beta cytotoxic T cell",293,35,0.9556313993174061,0.8944716638749302,0.9836901082310698,2000
scfoundation_frozen,ild,P2BJ,adventitial fibroblast,307,33,0.8794788273615635,0.7344957662188834,0.9234810053445038,2000
scfoundation_frozen,ild,P2BJ,alveolar macrophage,176,41,0.7840909090909091,0.6516104594330401,0.9318400349650348,2000
scfoundation_frozen,ild,P2BJ,alveolar type 1 fibroblast cell,74,20,0.8918918918918919,0.8292602695763799,0.9615384615384616,2000
scfoundation_frozen,ild,P2BJ,basal cell,366,32,0.9207650273224044,0.8556687248470147,0.9581514669971654,2000
scfoundation_frozen,ild,P2BJ,ciliated cell,2304,64,0.9639756944444444,0.9515891715172905,0.9763325861255309,2000
scfoundation_frozen,ild,P2BJ,classical monocyte,680,60,0.7352941176470589,0.6223063536910849,0.7927642844268205,2000
scfoundation_frozen,ild,P2BJ,conventional dendritic cell,163,41,0.803680981595092,0.6821182482869502,0.8813650446509932,2000
scfoundation_frozen,ild,P2BJ,endothelial cell of arteriole,200,38,0.91,0.8295099431818183,0.9478599278398511,2000
scfoundation_frozen,ild,P2BJ,endothelial cell of respiratory system lymphatic vessel,117,24,0.9658119658119658,0.9264705882352942,1.0,2000
scfoundation_frozen,ild,P2BJ,epithelial cell of lung,86,24,0.9069767441860465,0.8405797101449275,0.9610421132265792,2000
scfoundation_frozen,ild,P2BJ,granzyme K-associated CD8 T cell,8,4,0.25,0.0,1.0,1971
scfoundation_frozen,ild,P2BJ,helper T cell,91,28,0.6923076923076923,0.593098870918523,0.8024778299426186,2000
scfoundation_frozen,ild,P2BJ,hematopoietic cell,107,40,0.9252336448598131,0.8493086068751615,0.9700074257425741,2000
scfoundation_frozen,ild,P2BJ,lung interstitial macrophage,140,30,0.9285714285714286,0.8737808280325856,0.961038961038961,2000
scfoundation_frozen,ild,P2BJ,lung secretory cell,1724,61,0.904292343387471,0.8463540833066581,0.9321238446088154,2000
scfoundation_frozen,ild,P2BJ,macrophage,1992,80,0.7986947791164659,0.7193566809043295,0.8589034379687427,2000
scfoundation_frozen,ild,P2BJ,mast cell,26,14,1.0,1.0,1.0,2000
scfoundation_frozen,ild,P2BJ,mesothelial cell of pleura,33,12,1.0,1.0,1.0,2000
scfoundation_frozen,ild,P2BJ,monocyte,384,43,0.8697916666666666,0.8181818181818182,0.9079852369662453,2000
scfoundation_frozen,ild,P2BJ,"myeloid dendritic cell, human",249,36,0.6184738955823293,0.4576271186440678,0.7549625425130985,2000
scfoundation_frozen,ild,P2BJ,myofibroblast cell,53,18,0.5283018867924528,0.2940563725490196,0.7377049180327869,2000
scfoundation_frozen,ild,P2BJ,natural killer cell,163,31,0.8650306748466258,0.8165090806964987,0.938942863752024,2000
scfoundation_frozen,ild,P2BJ,pericyte,56,17,0.75,0.5925925925925926,0.9070295983086677,2000
scfoundation_frozen,ild,P2BJ,plasma cell,26,8,0.6153846153846154,0.4915254237288136,1.0,2000
scfoundation_frozen,ild,P2BJ,plasmacytoid dendritic cell,14,11,1.0,1.0,1.0,2000
scfoundation_frozen,ild,P2BJ,pulmonary alveolar type 1 cell,196,23,0.9744897959183674,0.9415488922841865,1.0,2000
scfoundation_frozen,ild,P2BJ,pulmonary alveolar type 2 cell,1521,60,0.9598948060486522,0.859400579373653,0.9847781431889959,2000
scfoundation_frozen,ild,P2BJ,pulmonary capillary endothelial cell,206,36,0.8495145631067961,0.7706384418709581,0.9123773896506856,2000
scfoundation_frozen,ild,P2BJ,smooth muscle cell,55,20,0.9818181818181818,0.9166666666666666,1.0,2000
scfoundation_frozen,ild,P2BJ,vein endothelial cell of respiratory system,663,56,0.799396681749623,0.6252195945945946,0.9249143131340828,2000
scfoundation_frozen,ild,P2BU,B cell,25,15,0.72,0.5356547619047619,0.8800588235294114,2000
scfoundation_frozen,ild,P2BU,"CD8-positive, alpha-beta cytotoxic T cell",293,35,0.9283276450511946,0.8578425564538611,0.9649487314863701,2000
scfoundation_frozen,ild,P2BU,adventitial fibroblast,307,33,0.9413680781758957,0.8295275389025389,0.9795937228865668,2000
scfoundation_frozen,ild,P2BU,alveolar macrophage,176,41,0.45454545454545453,0.2972891072891073,0.6309598214285713,2000
scfoundation_frozen,ild,P2BU,alveolar type 1 fibroblast cell,74,20,0.9054054054054054,0.8292508710801393,0.9729907539118064,2000
scfoundation_frozen,ild,P2BU,basal cell,366,32,0.8333333333333334,0.75,0.8926435144609991,2000
scfoundation_frozen,ild,P2BU,ciliated cell,2304,64,0.9830729166666666,0.9788133930234414,0.989507991457974,2000
scfoundation_frozen,ild,P2BU,classical monocyte,680,60,0.6661764705882353,0.5604935472257225,0.7291098595459898,2000
scfoundation_frozen,ild,P2BU,conventional dendritic cell,163,41,0.7975460122699386,0.7142857142857143,0.8690662202380952,2000
scfoundation_frozen,ild,P2BU,endothelial cell of arteriole,200,38,0.91,0.8240604575163398,0.9502126127361886,2000
scfoundation_frozen,ild,P2BU,endothelial cell of respiratory system lymphatic vessel,117,24,0.9658119658119658,0.9264705882352942,1.0,2000
scfoundation_frozen,ild,P2BU,epithelial cell of lung,86,24,0.8023255813953488,0.7346598639455783,0.873015873015873,2000
scfoundation_frozen,ild,P2BU,granzyme K-associated CD8 T cell,8,4,0.25,0.0,1.0,1971
scfoundation_frozen,ild,P2BU,helper T cell,91,28,0.7032967032967034,0.5858549783549784,0.8117697335344394,2000
scfoundation_frozen,ild,P2BU,hematopoietic cell,107,40,0.7757009345794392,0.70490071577003,0.8505869405722669,2000
scfoundation_frozen,ild,P2BU,lung interstitial macrophage,140,30,0.7928571428571428,0.6842105263157895,0.8409090909090909,2000
scfoundation_frozen,ild,P2BU,lung secretory cell,1724,61,0.9657772621809745,0.9323250255267799,0.9761904761904762,2000
scfoundation_frozen,ild,P2BU,macrophage,1992,80,0.9126506024096386,0.8667681944523228,0.943769656785448,2000
scfoundation_frozen,ild,P2BU,mast cell,26,14,0.9615384615384616,0.8571428571428571,1.0,2000
scfoundation_frozen,ild,P2BU,mesothelial cell of pleura,33,12,1.0,1.0,1.0,2000
scfoundation_frozen,ild,P2BU,monocyte,384,43,0.8177083333333334,0.7008483033932136,0.867095602931379,2000
scfoundation_frozen,ild,P2BU,"myeloid dendritic cell, human",249,36,0.5180722891566265,0.4239978260869565,0.6465533445683174,2000
scfoundation_frozen,ild,P2BU,myofibroblast cell,53,18,0.33962264150943394,0.12195121951219512,0.5319148936170213,2000
scfoundation_frozen,ild,P2BU,natural killer cell,163,31,0.7730061349693251,0.6709878474938716,0.9425450626959246,2000
scfoundation_frozen,ild,P2BU,pericyte,56,17,0.6964285714285714,0.5184865900383141,0.9393939393939394,2000
scfoundation_frozen,ild,P2BU,plasma cell,26,8,0.34615384615384615,0.13559322033898305,1.0,2000
scfoundation_frozen,ild,P2BU,plasmacytoid dendritic cell,14,11,0.9285714285714286,0.7333333333333333,1.0,2000
scfoundation_frozen,ild,P2BU,pulmonary alveolar type 1 cell,196,23,0.9540816326530612,0.873866107486797,0.981137106918239,2000
scfoundation_frozen,ild,P2BU,pulmonary alveolar type 2 cell,1521,60,0.9638395792241946,0.8858619105939988,0.9833675646987967,2000
scfoundation_frozen,ild,P2BU,pulmonary capillary endothelial cell,206,36,0.8640776699029126,0.7927927927927928,0.9190714285714284,2000
scfoundation_frozen,ild,P2BU,smooth muscle cell,55,20,0.9272727272727272,0.8181818181818182,0.9814814814814815,2000
scfoundation_frozen,ild,P2BU,vein endothelial cell of respiratory system,663,56,0.8114630467571644,0.6393226007694174,0.9289362954916975,2000
scfoundation_frozen,ild,P2DS,B cell,25,15,0.12,0.0,0.30434782608695654,2000
scfoundation_frozen,ild,P2DS,"CD8-positive, alpha-beta cytotoxic T cell",293,35,0.9556313993174061,0.9038388324873097,0.9798910449843248,2000
scfoundation_frozen,ild,P2DS,adventitial fibroblast,307,33,0.9185667752442996,0.6991128962969327,0.978784950782052,2000
scfoundation_frozen,ild,P2DS,alveolar macrophage,176,41,0.48863636363636365,0.32573599923283464,0.6521890096618357,2000
scfoundation_frozen,ild,P2DS,alveolar type 1 fibroblast cell,74,20,0.9459459459459459,0.8518518518518519,1.0,2000
scfoundation_frozen,ild,P2DS,basal cell,366,32,0.8224043715846995,0.7433608506141858,0.8840146515813398,2000
scfoundation_frozen,ild,P2DS,ciliated cell,2304,64,0.9891493055555556,0.9841938760563739,0.9925806845592501,2000
scfoundation_frozen,ild,P2DS,classical monocyte,680,60,0.3,0.26037084488808754,0.415820096455909,2000
scfoundation_frozen,ild,P2DS,conventional dendritic cell,163,41,0.24539877300613497,0.1411042944785276,0.3759634639362223,2000
scfoundation_frozen,ild,P2DS,endothelial cell of arteriole,200,38,0.86,0.7692187500000001,0.9150350915273858,2000
scfoundation_frozen,ild,P2DS,endothelial cell of respiratory system lymphatic vessel,117,24,0.9743589743589743,0.934047619047619,1.0,2000
scfoundation_frozen,ild,P2DS,epithelial cell of lung,86,24,0.11627906976744186,0.056318466353677626,0.1836734693877551,2000
scfoundation_frozen,ild,P2DS,granzyme K-associated CD8 T cell,8,4,0.0,0.0,0.0,1971
scfoundation_frozen,ild,P2DS,helper T cell,91,28,0.6813186813186813,0.5833333333333334,0.7887509266123053,2000
scfoundation_frozen,ild,P2DS,hematopoietic cell,107,40,0.7383177570093458,0.6575244618395303,0.8103493647912885,2000
scfoundation_frozen,ild,P2DS,lung interstitial macrophage,140,30,0.5142857142857142,0.302994227994228,0.6447416094584286,2000
scfoundation_frozen,ild,P2DS,lung secretory cell,1724,61,0.9709976798143851,0.9326864919354839,0.9819514149647404,2000
scfoundation_frozen,ild,P2DS,macrophage,1992,80,0.9583333333333334,0.9216963203655729,0.9762249153344063,2000
scfoundation_frozen,ild,P2DS,mast cell,26,14,1.0,1.0,1.0,2000
scfoundation_frozen,ild,P2DS,mesothelial cell of pleura,33,12,0.6363636363636364,0.35714285714285715,0.850046296296296,2000
scfoundation_frozen,ild,P2DS,monocyte,384,43,0.8723958333333334,0.777757793764988,0.9051746823956442,2000
scfoundation_frozen,ild,P2DS,"myeloid dendritic cell, human",249,36,0.4979919678714859,0.38081356498496494,0.6577575288488601,2000
scfoundation_frozen,ild,P2DS,myofibroblast cell,53,18,0.05660377358490566,0.0,0.12,2000
scfoundation_frozen,ild,P2DS,natural killer cell,163,31,0.5214723926380368,0.3698493929016189,0.7742207321493293,2000
scfoundation_frozen,ild,P2DS,pericyte,56,17,0.0,0.0,0.0,2000
scfoundation_frozen,ild,P2DS,plasma cell,26,8,0.0,0.0,0.0,2000
scfoundation_frozen,ild,P2DS,plasmacytoid dendritic cell,14,11,0.5,0.23076923076923078,0.8,2000
scfoundation_frozen,ild,P2DS,pulmonary alveolar type 1 cell,196,23,0.9744897959183674,0.9339465408805031,0.9927020522585422,2000
scfoundation_frozen,ild,P2DS,pulmonary alveolar type 2 cell,1521,60,0.938198553583169,0.8030820055467942,0.9721185013852055,2000
scfoundation_frozen,ild,P2DS,pulmonary capillary endothelial cell,206,36,0.014563106796116505,0.0,0.044559997044480534,2000
scfoundation_frozen,ild,P2DS,smooth muscle cell,55,20,1.0,1.0,1.0,2000
scfoundation_frozen,ild,P2DS,vein endothelial cell of respiratory system,663,56,0.8491704374057315,0.6911898106129365,0.9594042698769335,2000
scfoundation_ft,aida,B,B cell,107,84,0.719626168224299,0.6299139690871974,0.8076923076923077,2000
scfoundation_ft,aida,B,"CD14-low, CD16-positive monocyte",423,286,0.9645390070921985,0.9464621797624159,0.9801513341298288,2000
scfoundation_ft,aida,B,CD14-positive monocyte,1932,529,0.9353002070393375,0.9229534941926297,0.9469620581407054,2000
scfoundation_ft,aida,B,CD141-positive myeloid dendritic cell,5,5,1.0,1.0,1.0,1992
scfoundation_ft,aida,B,"CD16-negative, CD56-bright natural killer cell, human",63,62,0.873015873015873,0.7887256229685806,0.9464285714285714,2000
scfoundation_ft,aida,B,"CD16-positive, CD56-dim natural killer cell, human",1576,493,0.9758883248730964,0.9681427405968318,0.9829226369237052,2000
scfoundation_ft,aida,B,CD1c-positive myeloid dendritic cell,131,116,0.8396946564885496,0.7777777777777778,0.8992262004350009,2000
scfoundation_ft,aida,B,"CD4-positive, alpha-beta T cell",361,266,0.37950138504155123,0.3286878233187425,0.4305746336996336,2000
scfoundation_ft,aida,B,"CD4-positive, alpha-beta cytotoxic T cell",102,84,0.7745098039215687,0.6899913793103448,0.8554250334672021,2000
scfoundation_ft,aida,B,"CD8-positive, alpha-beta T cell",579,323,0.7374784110535406,0.697969916823508,0.7760553022115613,2000
scfoundation_ft,aida,B,"CD8-positive, alpha-beta cytotoxic T cell",493,285,0.845841784989858,0.8136628936471614,0.8761289135670324,2000
scfoundation_ft,aida,B,"CD8-positive, alpha-beta memory T cell",263,194,0.6577946768060836,0.5971196177386449,0.713595564439368,2000
scfoundation_ft,aida,B,T cell,564,236,0.8617021276595744,0.8253933926511781,0.8920384348429637,2000
scfoundation_ft,aida,B,"central memory CD4-positive, alpha-beta T cell",1130,470,0.8407079646017699,0.8204813704640083,0.8612128763705359,2000
scfoundation_ft,aida,B,double negative T regulatory cell,3,3,0.6666666666666666,0.0,1.0,1893
scfoundation_ft,aida,B,"effector memory CD4-positive, alpha-beta T cell",233,189,0.6995708154506438,0.6371587493738521,0.7615214826829851,2000
scfoundation_ft,aida,B,gamma-delta T cell,320,189,0.734375,0.6852959121415497,0.7823203194321207,2000
scfoundation_ft,aida,B,hematopoietic stem cell,2,2,1.0,1.0,1.0,1737
scfoundation_ft,aida,B,innate lymphoid cell,6,6,0.6666666666666666,0.24583333333333338,1.0,1995
scfoundation_ft,aida,B,mature B cell,51,49,0.49019607843137253,0.3571031746031746,0.6285714285714286,2000
scfoundation_ft,aida,B,memory B cell,338,235,0.9822485207100592,0.967736698785086,0.9943506803533063,2000
scfoundation_ft,aida,B,mucosal invariant T cell,219,166,0.9406392694063926,0.9086538461538461,0.9687540479274611,2000
scfoundation_ft,aida,B,myeloid cell,263,188,0.8326996197718631,0.782777882570821,0.8759697674418605,2000
scfoundation_ft,aida,B,naive B cell,335,230,0.9940298507462687,0.9847094801223242,1.0,2000
scfoundation_ft,aida,B,"naive thymus-derived CD4-positive, alpha-beta T cell",1525,495,0.8944262295081967,0.8786192158330604,0.909959402977178,2000
scfoundation_ft,aida,B,"naive thymus-derived CD8-positive, alpha-beta T cell",851,376,0.972972972972973,0.9619657058618147,0.9829925155163624,2000
scfoundation_ft,aida,B,natural killer cell,235,136,0.6680851063829787,0.5971528612859871,0.7293670964542524,2000
scfoundation_ft,aida,B,plasma cell,18,17,1.0,1.0,1.0,2000
scfoundation_ft,aida,B,plasmacytoid dendritic cell,30,29,1.0,1.0,1.0,2000
scfoundation_ft,aida,B,platelet,178,120,1.0,1.0,1.0,2000
scfoundation_ft,aida,B,pre-conventional dendritic cell,7,6,0.14285714285714285,0.0,0.5,1994
scfoundation_ft,aida,B,regulatory T cell,157,138,0.9235668789808917,0.879741116364191,0.9605289059262329,2000
scfoundation_ft,aida,P,B cell,107,84,0.5420560747663551,0.44761278195488724,0.6396486486486486,2000
scfoundation_ft,aida,P,"CD14-low, CD16-positive monocyte",423,286,0.966903073286052,0.949538384477486,0.9830188173689368,2000
scfoundation_ft,aida,P,CD14-positive monocyte,1932,529,0.9730848861283644,0.9653232928168684,0.9797508365062882,2000
scfoundation_ft,aida,P,CD141-positive myeloid dendritic cell,5,5,1.0,1.0,1.0,1992
scfoundation_ft,aida,P,"CD16-negative, CD56-bright natural killer cell, human",63,62,0.9047619047619048,0.825375939849624,0.967741935483871,2000
scfoundation_ft,aida,P,"CD16-positive, CD56-dim natural killer cell, human",1576,493,0.9739847715736041,0.9657608163322419,0.9820865693838898,2000
scfoundation_ft,aida,P,CD1c-positive myeloid dendritic cell,131,116,0.7404580152671756,0.6666666666666666,0.8150699320824221,2000
scfoundation_ft,aida,P,"CD4-positive, alpha-beta T cell",361,266,0.3074792243767313,0.2613577353655247,0.3556732292216634,2000
scfoundation_ft,aida,P,"CD4-positive, alpha-beta cytotoxic T cell",102,84,0.7352941176470589,0.6504834635724999,0.8160022988505746,2000
scfoundation_ft,aida,P,"CD8-positive, alpha-beta T cell",579,323,0.4991364421416235,0.4579589963280294,0.5420746934445565,2000
scfoundation_ft,aida,P,"CD8-positive, alpha-beta cytotoxic T cell",493,285,0.9249492900608519,0.8999903474903476,0.9471458773784355,2000
scfoundation_ft,aida,P,"CD8-positive, alpha-beta memory T cell",263,194,0.8821292775665399,0.8441004565564617,0.9170371343205175,2000
scfoundation_ft,aida,P,T cell,564,236,0.74822695035461,0.7066902612098637,0.7862968072061874,2000
scfoundation_ft,aida,P,"central memory CD4-positive, alpha-beta T cell",1130,470,0.9283185840707965,0.9132330162381926,0.9432435575109994,2000
scfoundation_ft,aida,P,double negative T regulatory cell,3,3,0.3333333333333333,0.0,1.0,1893
scfoundation_ft,aida,P,"effector memory CD4-positive, alpha-beta T cell",233,189,0.6609442060085837,0.5967671194114318,0.7236955535390199,2000
scfoundation_ft,aida,P,gamma-delta T cell,320,189,0.675,0.6212046939988116,0.7306531316980234,2000
scfoundation_ft,aida,P,hematopoietic stem cell,2,2,0.0,0.0,0.0,1737
scfoundation_ft,aida,P,innate lymphoid cell,6,6,0.6666666666666666,0.24583333333333338,1.0,1995
scfoundation_ft,aida,P,mature B cell,51,49,0.5882352941176471,0.45454545454545453,0.7179824561403507,2000
scfoundation_ft,aida,P,memory B cell,338,235,0.9467455621301775,0.9232981620149762,0.9681743780008729,2000
scfoundation_ft,aida,P,mucosal invariant T cell,219,166,0.7899543378995434,0.7285067873303167,0.8468953892996954,2000
scfoundation_ft,aida,P,myeloid cell,263,188,0.7414448669201521,0.6887141716908254,0.7914897724472193,2000
scfoundation_ft,aida,P,naive B cell,335,230,1.0,1.0,1.0,2000
scfoundation_ft,aida,P,"naive thymus-derived CD4-positive, alpha-beta T cell",1525,495,0.8596721311475409,0.840633451947494,0.8768708036960713,2000
scfoundation_ft,aida,P,"naive thymus-derived CD8-positive, alpha-beta T cell",851,376,0.982373678025852,0.9731934731934732,0.9904540288669167,2000
scfoundation_ft,aida,P,natural killer cell,235,136,0.5191489361702127,0.45691866145578897,0.5850091463414633,2000
scfoundation_ft,aida,P,plasma cell,18,17,0.2777777777777778,0.055482456140350876,0.5263157894736842,2000
scfoundation_ft,aida,P,plasmacytoid dendritic cell,30,29,0.9666666666666667,0.8857142857142857,1.0,2000
scfoundation_ft,aida,P,platelet,178,120,1.0,1.0,1.0,2000
scfoundation_ft,aida,P,pre-conventional dendritic cell,7,6,0.0,0.0,0.0,1994
scfoundation_ft,aida,P,regulatory T cell,157,138,0.8662420382165605,0.8082123741268258,0.9150356506238859,2000
scfoundation_ft,aida,P2BA,B cell,107,84,0.6542056074766355,0.5655547965998785,0.7446912807676261,2000
scfoundation_ft,aida,P2BA,"CD14-low, CD16-positive monocyte",423,286,0.9739952718676123,0.957332584269663,0.9877750611246944,2000
scfoundation_ft,aida,P2BA,CD14-positive monocyte,1932,529,0.9658385093167702,0.9563022776251101,0.9739857418746046,2000
scfoundation_ft,aida,P2BA,CD141-positive myeloid dendritic cell,5,5,1.0,1.0,1.0,1992
scfoundation_ft,aida,P2BA,"CD16-negative, CD56-bright natural killer cell, human",63,62,0.9365079365079365,0.8676225490196079,0.9855072463768116,2000
scfoundation_ft,aida,P2BA,"CD16-positive, CD56-dim natural killer cell, human",1576,493,0.9638324873096447,0.9539050210353027,0.9730413328689191,2000
scfoundation_ft,aida,P2BA,CD1c-positive myeloid dendritic cell,131,116,0.8702290076335878,0.8099159003608427,0.9243697478991597,2000
scfoundation_ft,aida,P2BA,"CD4-positive, alpha-beta T cell",361,266,0.3379501385041551,0.28899674494303645,0.3883798696981784,2000
scfoundation_ft,aida,P2BA,"CD4-positive, alpha-beta cytotoxic T cell",102,84,0.7156862745098039,0.6236305538648813,0.8022009966777409,2000
scfoundation_ft,aida,P2BA,"CD8-positive, alpha-beta T cell",579,323,0.6476683937823834,0.607822335576297,0.6884505435339965,2000
scfoundation_ft,aida,P2BA,"CD8-positive, alpha-beta cytotoxic T cell",493,285,0.8620689655172413,0.8292670380407507,0.8938775510204081,2000
scfoundation_ft,aida,P2BA,"CD8-positive, alpha-beta memory T cell",263,194,0.6197718631178707,0.5584893408478314,0.676243922583058,2000
scfoundation_ft,aida,P2BA,T cell,564,236,0.8475177304964538,0.8122674799527126,0.8784253670627412,2000
scfoundation_ft,aida,P2BA,"central memory CD4-positive, alpha-beta T cell",1130,470,0.7823008849557522,0.756417837219724,0.8060610122674465,2000
scfoundation_ft,aida,P2BA,double negative T regulatory cell,3,3,0.3333333333333333,0.0,1.0,1893
scfoundation_ft,aida,P2BA,"effector memory CD4-positive, alpha-beta T cell",233,189,0.8369098712446352,0.7889858826320785,0.8849684222837316,2000
scfoundation_ft,aida,P2BA,gamma-delta T cell,320,189,0.775,0.7308905779836012,0.8196745139153641,2000
scfoundation_ft,aida,P2BA,hematopoietic stem cell,2,2,0.5,0.0,1.0,1737
scfoundation_ft,aida,P2BA,innate lymphoid cell,6,6,0.8333333333333334,0.5,1.0,1995
scfoundation_ft,aida,P2BA,mature B cell,51,49,0.7058823529411765,0.5833022388059702,0.8269396551724136,2000
scfoundation_ft,aida,P2BA,memory B cell,338,235,0.9674556213017751,0.9478520938917044,0.9845201238390093,2000
scfoundation_ft,aida,P2BA,mucosal invariant T cell,219,166,0.9771689497716894,0.9557949662369551,0.9951708074534161,2000
scfoundation_ft,aida,P2BA,myeloid cell,263,188,0.7832699619771863,0.729081764544874,0.8320773858509037,2000
scfoundation_ft,aida,P2BA,naive B cell,335,230,0.9970149253731343,0.9903210096355258,1.0,2000
scfoundation_ft,aida,P2BA,"naive thymus-derived CD4-positive, alpha-beta T cell",1525,495,0.9645901639344262,0.9548565492317709,0.9741626928594405,2000
scfoundation_ft,aida,P2BA,"naive thymus-derived CD8-positive, alpha-beta T cell",851,376,0.9905992949471211,0.9839066181195117,0.9965035982643665,2000
scfoundation_ft,aida,P2BA,natural killer cell,235,136,0.8553191489361702,0.8047619047619048,0.8977330705009275,2000
scfoundation_ft,aida,P2BA,plasma cell,18,17,1.0,1.0,1.0,2000
scfoundation_ft,aida,P2BA,plasmacytoid dendritic cell,30,29,1.0,1.0,1.0,2000
scfoundation_ft,aida,P2BA,platelet,178,120,1.0,1.0,1.0,2000
scfoundation_ft,aida,P2BA,pre-conventional dendritic cell,7,6,0.14285714285714285,0.0,0.5,1994
scfoundation_ft,aida,P2BA,regulatory T cell,157,138,0.9044585987261147,0.8543011865342164,0.9466742424242424,2000
scfoundation_ft,aida,P2BJ,B cell,107,84,0.7102803738317757,0.6199761904761905,0.7982474568774879,2000
scfoundation_ft,aida,P2BJ,"CD14-low, CD16-positive monocyte",423,286,0.9881796690307328,0.9762456170116502,0.9975788387081681,2000
scfoundation_ft,aida,P2BJ,CD14-positive monocyte,1932,529,0.9353002070393375,0.9221294882856573,0.9473412811129313,2000
scfoundation_ft,aida,P2BJ,CD141-positive myeloid dendritic cell,5,5,1.0,1.0,1.0,1992
scfoundation_ft,aida,P2BJ,"CD16-negative, CD56-bright natural killer cell, human",63,62,1.0,1.0,1.0,2000
scfoundation_ft,aida,P2BJ,"CD16-positive, CD56-dim natural killer cell, human",1576,493,0.8274111675126904,0.8068785433298061,0.8481029226588905,2000
scfoundation_ft,aida,P2BJ,CD1c-positive myeloid dendritic cell,131,116,0.6641221374045801,0.578125,0.7463862224731789,2000
scfoundation_ft,aida,P2BJ,"CD4-positive, alpha-beta T cell",361,266,0.6232686980609419,0.5786662921348315,0.6712328767123288,2000
scfoundation_ft,aida,P2BJ,"CD4-positive, alpha-beta cytotoxic T cell",102,84,0.8529411764705882,0.7837837837837838,0.9166666666666666,2000
scfoundation_ft,aida,P2BJ,"CD8-positive, alpha-beta T cell",579,323,0.8307426597582038,0.8003689760461288,0.8621320386793461,2000
scfoundation_ft,aida,P2BJ,"CD8-positive, alpha-beta cytotoxic T cell",493,285,0.7809330628803245,0.7419336084021005,0.818000097847358,2000
scfoundation_ft,aida,P2BJ,"CD8-positive, alpha-beta memory T cell",263,194,0.44106463878326996,0.3765182186234818,0.503522384305835,2000
scfoundation_ft,aida,P2BJ,T cell,564,236,0.6702127659574468,0.6278659611992945,0.7125604904088403,2000
scfoundation_ft,aida,P2BJ,"central memory CD4-positive, alpha-beta T cell",1130,470,0.4964601769911504,0.46478425909358145,0.5289775905587011,2000
scfoundation_ft,aida,P2BJ,double negative T regulatory cell,3,3,1.0,1.0,1.0,1893
scfoundation_ft,aida,P2BJ,"effector memory CD4-positive, alpha-beta T cell",233,189,0.8497854077253219,0.8025210084033614,0.8942740231367071,2000
scfoundation_ft,aida,P2BJ,gamma-delta T cell,320,189,0.8125,0.7714263937282231,0.8532655547226387,2000
scfoundation_ft,aida,P2BJ,hematopoietic stem cell,2,2,0.5,0.0,1.0,1737
scfoundation_ft,aida,P2BJ,innate lymphoid cell,6,6,0.8333333333333334,0.5,1.0,1995
scfoundation_ft,aida,P2BJ,mature B cell,51,49,0.803921568627451,0.6943910256410256,0.9069767441860465,2000
scfoundation_ft,aida,P2BJ,memory B cell,338,235,0.9349112426035503,0.9098809888092323,0.9587020648967551,2000
scfoundation_ft,aida,P2BJ,mucosal invariant T cell,219,166,0.958904109589041,0.930547480620155,0.9825346497057148,2000
scfoundation_ft,aida,P2BJ,myeloid cell,263,188,0.7414448669201521,0.6858210180623974,0.792,2000
scfoundation_ft,aida,P2BJ,naive B cell,335,230,0.9283582089552239,0.9005782140238054,0.9542922077922078,2000
scfoundation_ft,aida,P2BJ,"naive thymus-derived CD4-positive, alpha-beta T cell",1525,495,0.64,0.6124714339205158,0.6657972959729928,2000
scfoundation_ft,aida,P2BJ,"naive thymus-derived CD8-positive, alpha-beta T cell",851,376,0.9917743830787309,0.9847234049906685,0.9974686732774288,2000
scfoundation_ft,aida,P2BJ,natural killer cell,235,136,0.8553191489361702,0.8034859007711604,0.9009092425759092,2000
scfoundation_ft,aida,P2BJ,plasma cell,18,17,0.9444444444444444,0.8076923076923077,1.0,2000
scfoundation_ft,aida,P2BJ,plasmacytoid dendritic cell,30,29,1.0,1.0,1.0,2000
scfoundation_ft,aida,P2BJ,platelet,178,120,1.0,1.0,1.0,2000
scfoundation_ft,aida,P2BJ,pre-conventional dendritic cell,7,6,0.7142857142857143,0.2,1.0,1994
scfoundation_ft,aida,P2BJ,regulatory T cell,157,138,0.9554140127388535,0.920239263803681,0.982155759702725,2000
scfoundation_ft,aida,P2BU,B cell,107,84,0.5700934579439252,0.473672462406015,0.6638655462184874,2000
scfoundation_ft,aida,P2BU,"CD14-low, CD16-positive monocyte",423,286,0.9479905437352246,0.9251473277789067,0.9675336820286945,2000
scfoundation_ft,aida,P2BU,CD14-positive monocyte,1932,529,0.9886128364389234,0.9832340930674264,0.9930555555555556,2000
scfoundation_ft,aida,P2BU,CD141-positive myeloid dendritic cell,5,5,0.0,0.0,0.0,1992
scfoundation_ft,aida,P2BU,"CD16-negative, CD56-bright natural killer cell, human",63,62,0.7777777777777778,0.6666666666666666,0.8813559322033898,2000
scfoundation_ft,aida,P2BU,"CD16-positive, CD56-dim natural killer cell, human",1576,493,0.975253807106599,0.9667080509978273,0.9826600171525927,2000
scfoundation_ft,aida,P2BU,CD1c-positive myeloid dendritic cell,131,116,0.8549618320610687,0.7969863683599242,0.9148970935892087,2000
scfoundation_ft,aida,P2BU,"CD4-positive, alpha-beta T cell",361,266,0.4155124653739612,0.36239360221358013,0.4698183971575206,2000
scfoundation_ft,aida,P2BU,"CD4-positive, alpha-beta cytotoxic T cell",102,84,0.7254901960784313,0.6346102150537634,0.808522591441549,2000
scfoundation_ft,aida,P2BU,"CD8-positive, alpha-beta T cell",579,323,0.5975820379965457,0.5559690591283981,0.6410289115646259,2000
scfoundation_ft,aida,P2BU,"CD8-positive, alpha-beta cytotoxic T cell",493,285,0.8985801217038539,0.8691512180174659,0.9250546418883057,2000
scfoundation_ft,aida,P2BU,"CD8-positive, alpha-beta memory T cell",263,194,0.7984790874524715,0.7480579441078757,0.8450213075139601,2000
scfoundation_ft,aida,P2BU,T cell,564,236,0.7960992907801419,0.7510337942988137,0.8341745710802533,2000
scfoundation_ft,aida,P2BU,"central memory CD4-positive, alpha-beta T cell",1130,470,0.7610619469026548,0.7352122581119598,0.78649170067318,2000
scfoundation_ft,aida,P2BU,double negative T regulatory cell,3,3,0.0,0.0,0.0,1893
scfoundation_ft,aida,P2BU,"effector memory CD4-positive, alpha-beta T cell",233,189,0.7725321888412017,0.7188904089861751,0.8259282666379802,2000
scfoundation_ft,aida,P2BU,gamma-delta T cell,320,189,0.765625,0.7167198992535271,0.8149256154293467,2000
scfoundation_ft,aida,P2BU,hematopoietic stem cell,2,2,0.0,0.0,0.0,1737
scfoundation_ft,aida,P2BU,innate lymphoid cell,6,6,0.8333333333333334,0.5,1.0,1995
scfoundation_ft,aida,P2BU,mature B cell,51,49,0.5294117647058824,0.4,0.660377358490566,2000
scfoundation_ft,aida,P2BU,memory B cell,338,235,0.9497041420118343,0.926829268292683,0.969905905256327,2000
scfoundation_ft,aida,P2BU,mucosal invariant T cell,219,166,0.9315068493150684,0.8932525476874836,0.9637119581083053,2000
scfoundation_ft,aida,P2BU,myeloid cell,263,188,0.6425855513307985,0.5800635584419181,0.7032633242999096,2000
scfoundation_ft,aida,P2BU,naive B cell,335,230,1.0,1.0,1.0,2000
scfoundation_ft,aida,P2BU,"naive thymus-derived CD4-positive, alpha-beta T cell",1525,495,0.9659016393442623,0.955637195207929,0.9748401978377905,2000
scfoundation_ft,aida,P2BU,"naive thymus-derived CD8-positive, alpha-beta T cell",851,376,0.9917743830787309,0.9853287233563832,0.9975376208276582,2000
scfoundation_ft,aida,P2BU,natural killer cell,235,136,0.7489361702127659,0.6925512430197157,0.8040907029478458,2000
scfoundation_ft,aida,P2BU,plasma cell,18,17,0.2222222222222222,0.0,0.4583333333333333,2000
scfoundation_ft,aida,P2BU,plasmacytoid dendritic cell,30,29,1.0,1.0,1.0,2000
scfoundation_ft,aida,P2BU,platelet,178,120,1.0,1.0,1.0,2000
scfoundation_ft,aida,P2BU,pre-conventional dendritic cell,7,6,0.14285714285714285,0.0,0.5,1994
scfoundation_ft,aida,P2BU,regulatory T cell,157,138,0.8853503184713376,0.8289473684210527,0.9354896313364054,2000
scfoundation_ft,aida,P2DS,B cell,107,84,0.5327102803738317,0.4336049183117767,0.6288850706376479,2000
scfoundation_ft,aida,P2DS,"CD14-low, CD16-positive monocyte",423,286,0.9267139479905437,0.8990598765003815,0.9498749721684622,2000
scfoundation_ft,aida,P2DS,CD14-positive monocyte,1932,529,0.9798136645962733,0.9729050681103308,0.9858624854924962,2000
scfoundation_ft,aida,P2DS,CD141-positive myeloid dendritic cell,5,5,0.0,0.0,0.0,1992
scfoundation_ft,aida,P2DS,"CD16-negative, CD56-bright natural killer cell, human",63,62,0.9365079365079365,0.8703703703703703,0.9859154929577465,2000
scfoundation_ft,aida,P2DS,"CD16-positive, CD56-dim natural killer cell, human",1576,493,0.9708121827411168,0.9619413198350206,0.9787503939946914,2000
scfoundation_ft,aida,P2DS,CD1c-positive myeloid dendritic cell,131,116,0.8931297709923665,0.8375925925925927,0.9440013986013985,2000
scfoundation_ft,aida,P2DS,"CD4-positive, alpha-beta T cell",361,266,0.23822714681440443,0.19696969696969696,0.2821940433584269,2000
scfoundation_ft,aida,P2DS,"CD4-positive, alpha-beta cytotoxic T cell",102,84,0.7647058823529411,0.6846728307254623,0.8404325927320655,2000
scfoundation_ft,aida,P2DS,"CD8-positive, alpha-beta T cell",579,323,0.7651122625215889,0.7304474056322512,0.7990425874195264,2000
scfoundation_ft,aida,P2DS,"CD8-positive, alpha-beta cytotoxic T cell",493,285,0.7281947261663286,0.6858711394722926,0.7682292179045744,2000
scfoundation_ft,aida,P2DS,"CD8-positive, alpha-beta memory T cell",263,194,0.6577946768060836,0.5970489604292422,0.7148395308371464,2000
scfoundation_ft,aida,P2DS,T cell,564,236,0.8085106382978723,0.7578716097987751,0.848486152401815,2000
scfoundation_ft,aida,P2DS,"central memory CD4-positive, alpha-beta T cell",1130,470,0.9061946902654867,0.8896545162242856,0.9225994649120561,2000
scfoundation_ft,aida,P2DS,double negative T regulatory cell,3,3,0.0,0.0,0.0,1893
scfoundation_ft,aida,P2DS,"effector memory CD4-positive, alpha-beta T cell",233,189,0.7167381974248928,0.6577716894977169,0.7699750586854459,2000
scfoundation_ft,aida,P2DS,gamma-delta T cell,320,189,0.665625,0.6133295128939827,0.7188544250649113,2000
scfoundation_ft,aida,P2DS,hematopoietic stem cell,2,2,0.0,0.0,0.0,1737
scfoundation_ft,aida,P2DS,innate lymphoid cell,6,6,0.6666666666666666,0.24583333333333338,1.0,1995
scfoundation_ft,aida,P2DS,mature B cell,51,49,0.8431372549019608,0.74,0.9411764705882353,2000
scfoundation_ft,aida,P2DS,memory B cell,338,235,0.878698224852071,0.8406200132978723,0.9121852120966851,2000
scfoundation_ft,aida,P2DS,mucosal invariant T cell,219,166,0.9726027397260274,0.9488312323407955,0.9916335353044323,2000
scfoundation_ft,aida,P2DS,myeloid cell,263,188,0.7110266159695817,0.6540043816942551,0.7649414329451643,2000
scfoundation_ft,aida,P2DS,naive B cell,335,230,1.0,1.0,1.0,2000
scfoundation_ft,aida,P2DS,"naive thymus-derived CD4-positive, alpha-beta T cell",1525,495,0.9514754098360656,0.9395061728395062,0.9621678260157119,2000
scfoundation_ft,aida,P2DS,"naive thymus-derived CD8-positive, alpha-beta T cell",851,376,0.9917743830787309,0.9849529766890006,0.9975373974731111,2000
scfoundation_ft,aida,P2DS,natural killer cell,235,136,0.7531914893617021,0.6944444444444444,0.8056927030215769,2000
scfoundation_ft,aida,P2DS,plasma cell,18,17,0.0,0.0,0.0,2000
scfoundation_ft,aida,P2DS,plasmacytoid dendritic cell,30,29,1.0,1.0,1.0,2000
scfoundation_ft,aida,P2DS,platelet,178,120,1.0,1.0,1.0,2000
scfoundation_ft,aida,P2DS,pre-conventional dendritic cell,7,6,0.0,0.0,0.0,1994
scfoundation_ft,aida,P2DS,regulatory T cell,157,138,0.8853503184713376,0.8323690768751515,0.932101381042059,2000
scfoundation_ft,crc,B,BEST4+ colonocyte,262,11,0.9770992366412213,0.9233382471187349,1.0,2000
scfoundation_ft,crc,B,colon goblet cell,316,18,0.9493670886075949,0.9230691056910569,0.9659115052794232,2000
scfoundation_ft,crc,B,colonocyte,383,17,0.9556135770234987,0.9045172032410859,0.9770142015129717,2000
scfoundation_ft,crc,B,early colonocyte,1285,21,0.8856031128404669,0.8639777738482747,0.9174862779251818,2000
scfoundation_ft,crc,B,enteroendocrine cell of colon,33,12,0.9393939393939394,0.8604651162790697,1.0,2000
scfoundation_ft,crc,B,intestinal crypt stem cell of colon,414,20,0.855072463768116,0.36725417439703156,0.8896115091804747,2000
scfoundation_ft,crc,B,malignant cell,4696,25,0.9921209540034072,0.9878814957819327,0.9954006968064517,2000
scfoundation_ft,crc,B,secretory cell,1034,18,0.9835589941972921,0.9656327763953075,0.9922929945758235,2000
scfoundation_ft,crc,B,tuft cell of colon,149,16,0.9798657718120806,0.9444444444444444,1.0,2000
scfoundation_ft,crc,P,BEST4+ colonocyte,262,11,0.9770992366412213,0.9174292971415574,1.0,2000
scfoundation_ft,crc,P,colon goblet cell,316,18,0.9778481012658228,0.9563270895579561,0.9918715578284815,2000
scfoundation_ft,crc,P,colonocyte,383,17,0.9190600522193212,0.8431114551083592,0.9570181963836119,2000
scfoundation_ft,crc,P,early colonocyte,1285,21,0.9400778210116731,0.8673370850486117,0.9643264059794002,2000
scfoundation_ft,crc,P,enteroendocrine cell of colon,33,12,0.7878787878787878,0.6818181818181818,0.8947368421052632,2000
scfoundation_ft,crc,P,intestinal crypt stem cell of colon,414,20,0.6183574879227053,0.21736192714453584,0.7197991354665118,2000
scfoundation_ft,crc,P,malignant cell,4696,25,0.99190800681431,0.98692277486911,0.9952754139475822,2000
scfoundation_ft,crc,P,secretory cell,1034,18,0.9671179883945842,0.9380374554577924,0.9801692652781548,2000
scfoundation_ft,crc,P,tuft cell of colon,149,16,0.9731543624161074,0.9327731092436975,1.0,2000
scfoundation_ft,crc,P2BA,BEST4+ colonocyte,262,11,0.9809160305343512,0.9504495197677015,1.0,2000
scfoundation_ft,crc,P2BA,colon goblet cell,316,18,0.9746835443037974,0.9506695658601488,0.988097581552306,2000
scfoundation_ft,crc,P2BA,colonocyte,383,17,0.9686684073107049,0.9142821067821068,0.9911281786802578,2000
scfoundation_ft,crc,P2BA,early colonocyte,1285,21,0.8591439688715953,0.8180593534121834,0.9267110030616065,2000
scfoundation_ft,crc,P2BA,enteroendocrine cell of colon,33,12,0.8787878787878788,0.7368034055727554,1.0,2000
scfoundation_ft,crc,P2BA,intestinal crypt stem cell of colon,414,20,0.8502415458937198,0.3845744680851064,0.8959964368598647,2000
scfoundation_ft,crc,P2BA,malignant cell,4696,25,0.9874361158432708,0.9816725527738448,0.9918118502200236,2000
scfoundation_ft,crc,P2BA,secretory cell,1034,18,0.9835589941972921,0.9638506633167742,0.9924267592872243,2000
scfoundation_ft,crc,P2BA,tuft cell of colon,149,16,1.0,1.0,1.0,2000
scfoundation_ft,crc,P2BJ,BEST4+ colonocyte,262,11,0.9732824427480916,0.9090909090909091,1.0,2000
scfoundation_ft,crc,P2BJ,colon goblet cell,316,18,0.9746835443037974,0.9506695658601488,0.988097581552306,2000
scfoundation_ft,crc,P2BJ,colonocyte,383,17,0.9556135770234987,0.8977653575025176,0.9850210499902416,2000
scfoundation_ft,crc,P2BJ,early colonocyte,1285,21,0.8824902723735408,0.8424534923050905,0.9210931630007219,2000
scfoundation_ft,crc,P2BJ,enteroendocrine cell of colon,33,12,0.8484848484848485,0.7096774193548387,0.9629629629629629,2000
scfoundation_ft,crc,P2BJ,intestinal crypt stem cell of colon,414,20,0.8164251207729468,0.31695884146341463,0.8684849404445794,2000
scfoundation_ft,crc,P2BJ,malignant cell,4696,25,0.9748722316865417,0.9647245588397506,0.9836203704306774,2000
scfoundation_ft,crc,P2BJ,secretory cell,1034,18,0.9796905222437138,0.9592389675216348,0.9894842702137319,2000
scfoundation_ft,crc,P2BJ,tuft cell of colon,149,16,0.9932885906040269,0.9767441860465116,1.0,2000
scfoundation_ft,crc,P2BU,BEST4+ colonocyte,262,11,0.9809160305343512,0.9377108564013841,1.0,2000
scfoundation_ft,crc,P2BU,colon goblet cell,316,18,0.9810126582278481,0.9668853562694073,0.9911127450980393,2000
scfoundation_ft,crc,P2BU,colonocyte,383,17,0.9268929503916449,0.8562779340454537,0.9570968882602546,2000
scfoundation_ft,crc,P2BU,early colonocyte,1285,21,0.9089494163424124,0.8655862282878412,0.9271404427919554,2000
scfoundation_ft,crc,P2BU,enteroendocrine cell of colon,33,12,0.7878787878787878,0.6818181818181818,0.8947368421052632,2000
scfoundation_ft,crc,P2BU,intestinal crypt stem cell of colon,414,20,0.6908212560386473,0.37777777777777777,0.7148237897065796,2000
scfoundation_ft,crc,P2BU,malignant cell,4696,25,0.9770017035775128,0.9672558271406001,0.985261360607676,2000
scfoundation_ft,crc,P2BU,secretory cell,1034,18,0.9825918762088974,0.9614851154045152,0.9918641193636083,2000
scfoundation_ft,crc,P2BU,tuft cell of colon,149,16,0.959731543624161,0.8703703703703703,0.9895123106060606,2000
scfoundation_ft,crc,P2DS,BEST4+ colonocyte,262,11,0.9847328244274809,0.9536294495033113,1.0,2000
scfoundation_ft,crc,P2DS,colon goblet cell,316,18,0.9746835443037974,0.9585968916023364,0.9866972598469654,2000
scfoundation_ft,crc,P2DS,colonocyte,383,17,0.835509138381201,0.7926468102488977,0.9053627760252366,2000
scfoundation_ft,crc,P2DS,early colonocyte,1285,21,0.8015564202334631,0.7601493976521395,0.84344153572966,2000
scfoundation_ft,crc,P2DS,enteroendocrine cell of colon,33,12,0.8484848484848485,0.7619047619047619,0.9375,2000
scfoundation_ft,crc,P2DS,intestinal crypt stem cell of colon,414,20,0.8671497584541062,0.3845744680851064,0.9070231007382711,2000
scfoundation_ft,crc,P2DS,malignant cell,4696,25,0.9948892674616695,0.9910094464885322,0.9974031886590488,2000
scfoundation_ft,crc,P2DS,secretory cell,1034,18,0.971953578336557,0.9521025990396786,0.9810965772720515,2000
scfoundation_ft,crc,P2DS,tuft cell of colon,149,16,0.9865771812080537,0.9552196880764715,1.0,2000
scfoundation_ft,ild,B,B cell,25,15,0.92,0.8095238095238095,1.0,2000
scfoundation_ft,ild,B,"CD8-positive, alpha-beta cytotoxic T cell",293,35,0.9215017064846417,0.8401559298155737,0.9682557638439991,2000
scfoundation_ft,ild,B,adventitial fibroblast,307,33,0.8338762214983714,0.7249887724550897,0.8766320824286123,2000
scfoundation_ft,ild,B,alveolar macrophage,176,41,0.7329545454545454,0.5882253577106519,0.8759724223091171,2000
scfoundation_ft,ild,B,alveolar type 1 fibroblast cell,74,20,0.9054054054054054,0.7872198581560284,0.9887671660424469,2000
scfoundation_ft,ild,B,basal cell,366,32,0.8743169398907104,0.7862041305550433,0.924530173704702,2000
scfoundation_ft,ild,B,ciliated cell,2304,64,0.9887152777777778,0.9832283356548901,0.9937152208326391,2000
scfoundation_ft,ild,B,classical monocyte,680,60,0.5764705882352941,0.4070894069572118,0.6677674923843483,2000
scfoundation_ft,ild,B,conventional dendritic cell,163,41,0.8159509202453987,0.7024705468612625,0.9078947368421053,2000
scfoundation_ft,ild,B,endothelial cell of arteriole,200,38,0.86,0.7499474789915966,0.9136271728445755,2000
scfoundation_ft,ild,B,endothelial cell of respiratory system lymphatic vessel,117,24,0.9829059829059829,0.9534792877906977,1.0,2000
scfoundation_ft,ild,B,epithelial cell of lung,86,24,0.872093023255814,0.8030249679897566,0.9204545454545454,2000
scfoundation_ft,ild,B,granzyme K-associated CD8 T cell,8,4,0.25,0.0,1.0,1971
scfoundation_ft,ild,B,helper T cell,91,28,0.7802197802197802,0.6989214924212982,0.8690806878306877,2000
scfoundation_ft,ild,B,hematopoietic cell,107,40,0.9532710280373832,0.9183673469387755,0.9861111111111112,2000
scfoundation_ft,ild,B,lung interstitial macrophage,140,30,0.8357142857142857,0.6984052111410601,0.9013468704604308,2000
scfoundation_ft,ild,B,lung secretory cell,1724,61,0.968677494199536,0.9236285216381063,0.9812401491862293,2000
scfoundation_ft,ild,B,macrophage,1992,80,0.8905622489959839,0.8314966049347013,0.9270404247504289,2000
scfoundation_ft,ild,B,mast cell,26,14,0.9615384615384616,0.84609375,1.0,2000
scfoundation_ft,ild,B,mesothelial cell of pleura,33,12,1.0,1.0,1.0,2000
scfoundation_ft,ild,B,monocyte,384,43,0.90625,0.863744193762442,0.9652211556559382,2000
scfoundation_ft,ild,B,"myeloid dendritic cell, human",249,36,0.6385542168674698,0.5198210253738178,0.717551902323029,2000
scfoundation_ft,ild,B,myofibroblast cell,53,18,0.5094339622641509,0.2962418300653595,0.6964597176079732,2000
scfoundation_ft,ild,B,natural killer cell,163,31,0.901840490797546,0.8252009734222903,0.9920091603053435,2000
scfoundation_ft,ild,B,pericyte,56,17,0.8035714285714286,0.7105167810831426,0.9375318877551019,2000
scfoundation_ft,ild,B,plasma cell,26,8,0.5769230769230769,0.4406779661016949,1.0,2000
scfoundation_ft,ild,B,plasmacytoid dendritic cell,14,11,1.0,1.0,1.0,2000
scfoundation_ft,ild,B,pulmonary alveolar type 1 cell,196,23,0.9642857142857143,0.9090909090909091,0.9864268680445152,2000
scfoundation_ft,ild,B,pulmonary alveolar type 2 cell,1521,60,0.9631821170282708,0.8645814156848307,0.9874241283583494,2000
scfoundation_ft,ild,B,pulmonary capillary endothelial cell,206,36,0.8640776699029126,0.7837837837837838,0.9238428591995393,2000
scfoundation_ft,ild,B,smooth muscle cell,55,20,0.9818181818181818,0.9166666666666666,1.0,2000
scfoundation_ft,ild,B,vein endothelial cell of respiratory system,663,56,0.8446455505279035,0.6825122015565229,0.962026174059209,2000
scfoundation_ft,ild,P,B cell,25,15,0.88,0.7586206896551724,1.0,2000
scfoundation_ft,ild,P,"CD8-positive, alpha-beta cytotoxic T cell",293,35,0.9351535836177475,0.8757388092133855,0.9649122807017544,2000
scfoundation_ft,ild,P,adventitial fibroblast,307,33,0.9837133550488599,0.9381846910112359,1.0,2000
scfoundation_ft,ild,P,alveolar macrophage,176,41,0.625,0.48093837535014006,0.778629331892184,2000
scfoundation_ft,ild,P,alveolar type 1 fibroblast cell,74,20,0.5945945945945946,0.4327907874420998,0.7333333333333333,2000
scfoundation_ft,ild,P,basal cell,366,32,0.8469945355191257,0.786786234764176,0.8994230769230769,2000
scfoundation_ft,ild,P,ciliated cell,2304,64,0.9947916666666666,0.9913287787397722,0.9983223577326864,2000
scfoundation_ft,ild,P,classical monocyte,680,60,0.6617647058823529,0.5323001422475107,0.7299063926027882,2000
scfoundation_ft,ild,P,conventional dendritic cell,163,41,0.6503067484662577,0.5597472542945648,0.7289734700030147,2000
scfoundation_ft,ild,P,endothelial cell of arteriole,200,38,0.865,0.7375,0.9222818700733894,2000
scfoundation_ft,ild,P,endothelial cell of respiratory system lymphatic vessel,117,24,1.0,1.0,1.0,2000
scfoundation_ft,ild,P,epithelial cell of lung,86,24,0.7558139534883721,0.6619547932757838,0.8241795366795366,2000
scfoundation_ft,ild,P,granzyme K-associated CD8 T cell,8,4,0.0,0.0,0.0,1971
scfoundation_ft,ild,P,helper T cell,91,28,0.5714285714285714,0.48245356037151704,0.6831777165058278,2000
scfoundation_ft,ild,P,hematopoietic cell,107,40,0.9065420560747663,0.8452339034205232,0.9516177613680529,2000
scfoundation_ft,ild,P,lung interstitial macrophage,140,30,0.8642857142857143,0.7190723134543359,0.9255341128890451,2000
scfoundation_ft,ild,P,lung secretory cell,1724,61,0.9501160092807425,0.8665115950226244,0.9704490905316692,2000
scfoundation_ft,ild,P,macrophage,1992,80,0.8729919678714859,0.8133386084835648,0.9152579455332951,2000
scfoundation_ft,ild,P,mast cell,26,14,1.0,1.0,1.0,2000
scfoundation_ft,ild,P,mesothelial cell of pleura,33,12,1.0,1.0,1.0,2000
scfoundation_ft,ild,P,monocyte,384,43,0.875,0.7753330995792427,0.9249168088737201,2000
scfoundation_ft,ild,P,"myeloid dendritic cell, human",249,36,0.7108433734939759,0.559322033898305,0.8281765919811318,2000
scfoundation_ft,ild,P,myofibroblast cell,53,18,0.6037735849056604,0.3333333333333333,0.854241071428571,2000
scfoundation_ft,ild,P,natural killer cell,163,31,0.9570552147239264,0.9154779742283489,0.9814857288481141,2000
scfoundation_ft,ild,P,pericyte,56,17,0.875,0.8043371696504689,0.9642857142857143,2000
scfoundation_ft,ild,P,plasma cell,26,8,0.5384615384615384,0.3898305084745763,1.0,2000
scfoundation_ft,ild,P,plasmacytoid dendritic cell,14,11,1.0,1.0,1.0,2000
scfoundation_ft,ild,P,pulmonary alveolar type 1 cell,196,23,0.9591836734693877,0.8974264705882353,0.9842952388743456,2000
scfoundation_ft,ild,P,pulmonary alveolar type 2 cell,1521,60,0.9671268902038133,0.8846829521829521,0.9874579363796215,2000
scfoundation_ft,ild,P,pulmonary capillary endothelial cell,206,36,0.9223300970873787,0.8787824675324676,0.9520095238095237,2000
scfoundation_ft,ild,P,smooth muscle cell,55,20,0.9090909090909091,0.7691666666666667,0.9722409909909909,2000
scfoundation_ft,ild,P,vein endothelial cell of respiratory system,663,56,0.8431372549019608,0.6800234238862729,0.9613542103546298,2000
scfoundation_ft,ild,P2BA,B cell,25,15,0.88,0.7586206896551724,1.0,2000
scfoundation_ft,ild,P2BA,"CD8-positive, alpha-beta cytotoxic T cell",293,35,0.8430034129692833,0.7115360696517413,0.9176482691842168,2000
scfoundation_ft,ild,P2BA,adventitial fibroblast,307,33,0.8827361563517915,0.7734698875435916,0.9207088074034165,2000
scfoundation_ft,ild,P2BA,alveolar macrophage,176,41,0.6363636363636364,0.47233747044917257,0.7986133658008658,2000
scfoundation_ft,ild,P2BA,alveolar type 1 fibroblast cell,74,20,0.8783783783783784,0.75,0.9729907539118064,2000
scfoundation_ft,ild,P2BA,basal cell,366,32,0.8770491803278688,0.8014160913061857,0.9291872635321405,2000
scfoundation_ft,ild,P2BA,ciliated cell,2304,64,0.9817708333333334,0.9770745596798048,0.9883403657584172,2000
scfoundation_ft,ild,P2BA,classical monocyte,680,60,0.7058823529411765,0.5794345317651253,0.7722321506111726,2000
scfoundation_ft,ild,P2BA,conventional dendritic cell,163,41,0.7607361963190185,0.6647652511961722,0.8397022900763358,2000
scfoundation_ft,ild,P2BA,endothelial cell of arteriole,200,38,0.87,0.7522027000839738,0.9222014366956001,2000
scfoundation_ft,ild,P2BA,endothelial cell of respiratory system lymphatic vessel,117,24,1.0,1.0,1.0,2000
scfoundation_ft,ild,P2BA,epithelial cell of lung,86,24,0.8953488372093024,0.8510372340425532,0.9534883720930233,2000
scfoundation_ft,ild,P2BA,granzyme K-associated CD8 T cell,8,4,0.125,0.0,0.5,1971
scfoundation_ft,ild,P2BA,helper T cell,91,28,0.9010989010989011,0.8292573060865743,0.9589110986860496,2000
scfoundation_ft,ild,P2BA,hematopoietic cell,107,40,0.897196261682243,0.8292397103658536,0.9435551830373323,2000
scfoundation_ft,ild,P2BA,lung interstitial macrophage,140,30,0.8214285714285714,0.6860301802978834,0.884922619047619,2000
scfoundation_ft,ild,P2BA,lung secretory cell,1724,61,0.974477958236659,0.939634930050917,0.9849351333734588,2000
scfoundation_ft,ild,P2BA,macrophage,1992,80,0.9021084337349398,0.8460243517998094,0.9361156361191082,2000
scfoundation_ft,ild,P2BA,mast cell,26,14,1.0,1.0,1.0,2000
scfoundation_ft,ild,P2BA,mesothelial cell of pleura,33,12,1.0,1.0,1.0,2000
scfoundation_ft,ild,P2BA,monocyte,384,43,0.7682291666666666,0.6718363667582418,0.8260869565217391,2000
scfoundation_ft,ild,P2BA,"myeloid dendritic cell, human",249,36,0.7228915662650602,0.566979788388497,0.8301928908355796,2000
scfoundation_ft,ild,P2BA,myofibroblast cell,53,18,0.6792452830188679,0.45161290322580644,0.8064657611771363,2000
scfoundation_ft,ild,P2BA,natural killer cell,163,31,0.9570552147239264,0.9197431302270012,1.0,2000
scfoundation_ft,ild,P2BA,pericyte,56,17,0.6428571428571429,0.46151315789473685,0.8200882352941171,2000
scfoundation_ft,ild,P2BA,plasma cell,26,8,0.5769230769230769,0.4406779661016949,1.0,2000
scfoundation_ft,ild,P2BA,plasmacytoid dendritic cell,14,11,1.0,1.0,1.0,2000
scfoundation_ft,ild,P2BA,pulmonary alveolar type 1 cell,196,23,0.9744897959183674,0.9375,1.0,2000
scfoundation_ft,ild,P2BA,pulmonary alveolar type 2 cell,1521,60,0.957922419460881,0.8571377478029838,0.9830953074905275,2000
scfoundation_ft,ild,P2BA,pulmonary capillary endothelial cell,206,36,0.8786407766990292,0.8042300769104892,0.9350086206896552,2000
scfoundation_ft,ild,P2BA,smooth muscle cell,55,20,1.0,1.0,1.0,2000
scfoundation_ft,ild,P2BA,vein endothelial cell of respiratory system,663,56,0.8355957767722474,0.6767926624742324,0.9507529328580794,2000
scfoundation_ft,ild,P2BJ,B cell,25,15,0.84,0.7391304347826086,0.9523809523809523,2000
scfoundation_ft,ild,P2BJ,"CD8-positive, alpha-beta cytotoxic T cell",293,35,0.9419795221843004,0.8636363636363636,0.9801711180630566,2000
scfoundation_ft,ild,P2BJ,adventitial fibroblast,307,33,0.9315960912052117,0.8167280281024117,0.969310597310453,2000
scfoundation_ft,ild,P2BJ,alveolar macrophage,176,41,0.7443181818181818,0.5562085543766577,0.932897091722595,2000
scfoundation_ft,ild,P2BJ,alveolar type 1 fibroblast cell,74,20,0.8243243243243243,0.6749854651162791,0.9387817322050772,2000
scfoundation_ft,ild,P2BJ,basal cell,366,32,0.9480874316939891,0.8735524961399898,0.9723775931083816,2000
scfoundation_ft,ild,P2BJ,ciliated cell,2304,64,0.9596354166666666,0.9465886878039655,0.9731619639359258,2000
scfoundation_ft,ild,P2BJ,classical monocyte,680,60,0.7470588235294118,0.6026028284136201,0.8207476221603289,2000
scfoundation_ft,ild,P2BJ,conventional dendritic cell,163,41,0.7852760736196319,0.6993855006215165,0.8461538461538461,2000
scfoundation_ft,ild,P2BJ,endothelial cell of arteriole,200,38,0.9,0.7933650397629814,0.9460803167420814,2000
scfoundation_ft,ild,P2BJ,endothelial cell of respiratory system lymphatic vessel,117,24,0.9914529914529915,0.9577464788732394,1.0,2000
scfoundation_ft,ild,P2BJ,epithelial cell of lung,86,24,0.8837209302325582,0.7962752525252526,0.9375161082474226,2000
scfoundation_ft,ild,P2BJ,granzyme K-associated CD8 T cell,8,4,0.25,0.0,1.0,1971
scfoundation_ft,ild,P2BJ,helper T cell,91,28,0.6153846153846154,0.5037516204303863,0.7466813186813186,2000
scfoundation_ft,ild,P2BJ,hematopoietic cell,107,40,0.9252336448598131,0.8636244019138756,0.9714285714285714,2000
scfoundation_ft,ild,P2BJ,lung interstitial macrophage,140,30,0.8785714285714286,0.7618938401048493,0.930819527534898,2000
scfoundation_ft,ild,P2BJ,lung secretory cell,1724,61,0.9303944315545244,0.8804316350512003,0.9568409078707184,2000
scfoundation_ft,ild,P2BJ,macrophage,1992,80,0.8343373493975904,0.7582782219662908,0.8715824677276435,2000
scfoundation_ft,ild,P2BJ,mast cell,26,14,1.0,1.0,1.0,2000
scfoundation_ft,ild,P2BJ,mesothelial cell of pleura,33,12,1.0,1.0,1.0,2000
scfoundation_ft,ild,P2BJ,monocyte,384,43,0.8411458333333334,0.7859472049689441,0.9090909090909091,2000
scfoundation_ft,ild,P2BJ,"myeloid dendritic cell, human",249,36,0.678714859437751,0.5392871410736579,0.8023903779644268,2000
scfoundation_ft,ild,P2BJ,myofibroblast cell,53,18,0.7358490566037735,0.5,0.864406779661017,2000
scfoundation_ft,ild,P2BJ,natural killer cell,163,31,0.9202453987730062,0.8681266846361186,0.9723844801607232,2000
scfoundation_ft,ild,P2BJ,pericyte,56,17,0.8571428571428571,0.7878693181818182,0.9642857142857143,2000
scfoundation_ft,ild,P2BJ,plasma cell,26,8,0.8461538461538461,0.7966101694915254,1.0,2000
scfoundation_ft,ild,P2BJ,plasmacytoid dendritic cell,14,11,1.0,1.0,1.0,2000
scfoundation_ft,ild,P2BJ,pulmonary alveolar type 1 cell,196,23,0.9744897959183674,0.9415488922841865,1.0,2000
scfoundation_ft,ild,P2BJ,pulmonary alveolar type 2 cell,1521,60,0.9585798816568047,0.850616688992714,0.984912740850071,2000
scfoundation_ft,ild,P2BJ,pulmonary capillary endothelial cell,206,36,0.8349514563106796,0.7307539682539682,0.9111193111931118,2000
scfoundation_ft,ild,P2BJ,smooth muscle cell,55,20,0.9818181818181818,0.9090909090909091,1.0,2000
scfoundation_ft,ild,P2BJ,vein endothelial cell of respiratory system,663,56,0.8069381598793364,0.6502380952380952,0.921573140188181,2000
scfoundation_ft,ild,P2BU,B cell,25,15,0.84,0.7142857142857143,0.9565217391304348,2000
scfoundation_ft,ild,P2BU,"CD8-positive, alpha-beta cytotoxic T cell",293,35,0.8703071672354948,0.7596850161907566,0.9310470024323937,2000
scfoundation_ft,ild,P2BU,adventitial fibroblast,307,33,0.990228013029316,0.9612384285391736,1.0,2000
scfoundation_ft,ild,P2BU,alveolar macrophage,176,41,0.6988636363636364,0.5299099099099099,0.8686868686868687,2000
scfoundation_ft,ild,P2BU,alveolar type 1 fibroblast cell,74,20,0.7837837837837838,0.6499780701754386,0.8813674884437596,2000
scfoundation_ft,ild,P2BU,basal cell,366,32,0.8633879781420765,0.7880298913043478,0.9139127882445744,2000
scfoundation_ft,ild,P2BU,ciliated cell,2304,64,0.9926215277777778,0.9900924702774109,0.9961412944688036,2000
scfoundation_ft,ild,P2BU,classical monocyte,680,60,0.5852941176470589,0.4431782220943613,0.6641648522915949,2000
scfoundation_ft,ild,P2BU,conventional dendritic cell,163,41,0.3987730061349693,0.2692307692307692,0.5251489282863983,2000
scfoundation_ft,ild,P2BU,endothelial cell of arteriole,200,38,0.845,0.7262951496388029,0.9069816504759101,2000
scfoundation_ft,ild,P2BU,endothelial cell of respiratory system lymphatic vessel,117,24,1.0,1.0,1.0,2000
scfoundation_ft,ild,P2BU,epithelial cell of lung,86,24,0.6627906976744186,0.5651714635639926,0.7777777777777778,2000
scfoundation_ft,ild,P2BU,granzyme K-associated CD8 T cell,8,4,0.0,0.0,0.0,1971
scfoundation_ft,ild,P2BU,helper T cell,91,28,0.8791208791208791,0.7910413839891451,0.9473684210526315,2000
scfoundation_ft,ild,P2BU,hematopoietic cell,107,40,0.8504672897196262,0.7856975967957276,0.9074195906432748,2000
scfoundation_ft,ild,P2BU,lung interstitial macrophage,140,30,0.7071428571428572,0.5318982712765957,0.7928633004926108,2000
scfoundation_ft,ild,P2BU,lung secretory cell,1724,61,0.9559164733178654,0.8874289236576159,0.9721153886511135,2000
scfoundation_ft,ild,P2BU,macrophage,1992,80,0.9031124497991968,0.843744036259542,0.932941482124194,2000
scfoundation_ft,ild,P2BU,mast cell,26,14,1.0,1.0,1.0,2000
scfoundation_ft,ild,P2BU,mesothelial cell of pleura,33,12,1.0,1.0,1.0,2000
scfoundation_ft,ild,P2BU,monocyte,384,43,0.8984375,0.852493687991181,0.9670357876210032,2000
scfoundation_ft,ild,P2BU,"myeloid dendritic cell, human",249,36,0.5502008032128514,0.38937655662127074,0.663906678149221,2000
scfoundation_ft,ild,P2BU,myofibroblast cell,53,18,0.3584905660377358,0.1790911513859275,0.5589154411764701,2000
scfoundation_ft,ild,P2BU,natural killer cell,163,31,0.9141104294478528,0.8438807005375412,0.993008207070707,2000
scfoundation_ft,ild,P2BU,pericyte,56,17,0.5892857142857143,0.4321877787689563,0.8333333333333334,2000
scfoundation_ft,ild,P2BU,plasma cell,26,8,0.5384615384615384,0.3898305084745763,1.0,2000
scfoundation_ft,ild,P2BU,plasmacytoid dendritic cell,14,11,1.0,1.0,1.0,2000
scfoundation_ft,ild,P2BU,pulmonary alveolar type 1 cell,196,23,0.9897959183673469,0.9827573785153533,1.0,2000
scfoundation_ft,ild,P2BU,pulmonary alveolar type 2 cell,1521,60,0.9598948060486522,0.864481871976706,0.9833494762356726,2000
scfoundation_ft,ild,P2BU,pulmonary capillary endothelial cell,206,36,0.941747572815534,0.9067737208933946,0.9685051750606646,2000
scfoundation_ft,ild,P2BU,smooth muscle cell,55,20,0.9818181818181818,0.9090909090909091,1.0,2000
scfoundation_ft,ild,P2BU,vein endothelial cell of respiratory system,663,56,0.8491704374057315,0.6822257739476911,0.9661604815475373,2000
scfoundation_ft,ild,P2DS,B cell,25,15,0.6,0.36363636363636365,0.8888888888888888,2000
scfoundation_ft,ild,P2DS,"CD8-positive, alpha-beta cytotoxic T cell",293,35,0.962457337883959,0.9141104294478528,0.9863639459995045,2000
scfoundation_ft,ild,P2DS,adventitial fibroblast,307,33,0.993485342019544,0.9727260307998014,1.0,2000
scfoundation_ft,ild,P2DS,alveolar macrophage,176,41,0.07954545454545454,0.040224137931034486,0.12879398826979468,2000
scfoundation_ft,ild,P2DS,alveolar type 1 fibroblast cell,74,20,0.5945945945945946,0.4399848484848485,0.7246724240619414,2000
scfoundation_ft,ild,P2DS,basal cell,366,32,0.8278688524590164,0.7786862561248563,0.8865605676232756,2000
scfoundation_ft,ild,P2DS,ciliated cell,2304,64,0.9583333333333334,0.9494343175969415,0.9722038606403013,2000
scfoundation_ft,ild,P2DS,classical monocyte,680,60,0.5647058823529412,0.43171745985893456,0.638731692140783,2000
scfoundation_ft,ild,P2DS,conventional dendritic cell,163,41,0.2392638036809816,0.16767598343685303,0.30303030303030304,2000
scfoundation_ft,ild,P2DS,endothelial cell of arteriole,200,38,0.905,0.8038354700854701,0.9490494358045847,2000
scfoundation_ft,ild,P2DS,endothelial cell of respiratory system lymphatic vessel,117,24,1.0,1.0,1.0,2000
scfoundation_ft,ild,P2DS,epithelial cell of lung,86,24,0.4883720930232558,0.37495833333333334,0.5700989339953271,2000
scfoundation_ft,ild,P2DS,granzyme K-associated CD8 T cell,8,4,0.0,0.0,0.0,1971
scfoundation_ft,ild,P2DS,helper T cell,91,28,0.4835164835164835,0.375,0.6176604278074865,2000
scfoundation_ft,ild,P2DS,hematopoietic cell,107,40,0.8878504672897196,0.826519520851819,0.9375,2000
scfoundation_ft,ild,P2DS,lung interstitial macrophage,140,30,0.4142857142857143,0.2469001610305958,0.48131273797161644,2000
scfoundation_ft,ild,P2DS,lung secretory cell,1724,61,0.9866589327146171,0.9565203473807271,0.9943505275929263,2000
scfoundation_ft,ild,P2DS,macrophage,1992,80,0.9774096385542169,0.9537603041913386,0.9887052920806753,2000
scfoundation_ft,ild,P2DS,mast cell,26,14,1.0,1.0,1.0,2000
scfoundation_ft,ild,P2DS,mesothelial cell of pleura,33,12,0.9696969696969697,0.875,1.0,2000
scfoundation_ft,ild,P2DS,monocyte,384,43,0.8046875,0.6836634831868691,0.8532746425884123,2000
scfoundation_ft,ild,P2DS,"myeloid dendritic cell, human",249,36,0.6867469879518072,0.5151136363636364,0.8045351574958257,2000
scfoundation_ft,ild,P2DS,myofibroblast cell,53,18,0.33962264150943394,0.10445187853834277,0.5675829238329237,2000
scfoundation_ft,ild,P2DS,natural killer cell,163,31,0.8343558282208589,0.7834061655808041,0.9304347826086956,2000
scfoundation_ft,ild,P2DS,pericyte,56,17,0.6428571428571429,0.5,0.8929041353383457,2000
scfoundation_ft,ild,P2DS,plasma cell,26,8,0.4230769230769231,0.23728813559322035,1.0,2000
scfoundation_ft,ild,P2DS,plasmacytoid dendritic cell,14,11,1.0,1.0,1.0,2000
scfoundation_ft,ild,P2DS,pulmonary alveolar type 1 cell,196,23,0.9540816326530612,0.873866107486797,0.981137106918239,2000
scfoundation_ft,ild,P2DS,pulmonary alveolar type 2 cell,1521,60,0.9506903353057199,0.8300461002020345,0.9802529013499033,2000
scfoundation_ft,ild,P2DS,pulmonary capillary endothelial cell,206,36,0.883495145631068,0.8288170633319887,0.9230769230769231,2000
scfoundation_ft,ild,P2DS,smooth muscle cell,55,20,0.9636363636363636,0.8620689655172413,1.0,2000
scfoundation_ft,ild,P2DS,vein endothelial cell of respiratory system,663,56,0.8416289592760181,0.6790524745198395,0.9590911726281124,2000
scgpt,aida,B,B cell,107,84,0.4766355140186916,0.37623762376237624,0.5798361344537816,2000
scgpt,aida,B,"CD14-low, CD16-positive monocyte",423,286,0.9621749408983451,0.9425837320574163,0.9782608695652174,2000
scgpt,aida,B,CD14-positive monocyte,1932,529,0.8907867494824017,0.8762336706683148,0.9050681352235551,2000
scgpt,aida,B,CD141-positive myeloid dendritic cell,5,5,0.4,0.0,1.0,1992
scgpt,aida,B,"CD16-negative, CD56-bright natural killer cell, human",63,62,0.8095238095238095,0.7083173076923077,0.9056751179245283,2000
scgpt,aida,B,"CD16-positive, CD56-dim natural killer cell, human",1576,493,0.7398477157360406,0.7153571745918256,0.7641632454454447,2000
scgpt,aida,B,CD1c-positive myeloid dendritic cell,131,116,0.8015267175572519,0.7338009592326139,0.8653886554621849,2000
scgpt,aida,B,"CD4-positive, alpha-beta T cell",361,266,0.28254847645429365,0.23782141623811168,0.3284030920060332,2000
scgpt,aida,B,"CD4-positive, alpha-beta cytotoxic T cell",102,84,0.30392156862745096,0.2129580378250591,0.3979591836734694,2000
scgpt,aida,B,"CD8-positive, alpha-beta T cell",579,323,0.38687392055267705,0.35203979591836737,0.4240782828282828,2000
scgpt,aida,B,"CD8-positive, alpha-beta cytotoxic T cell",493,285,0.8052738336713996,0.7692307692307693,0.8406756990522791,2000
scgpt,aida,B,"CD8-positive, alpha-beta memory T cell",263,194,0.6425855513307985,0.5827500947328534,0.6996343247196489,2000
scgpt,aida,B,T cell,564,236,0.6578014184397163,0.6048850345399474,0.7039267959550712,2000
scgpt,aida,B,"central memory CD4-positive, alpha-beta T cell",1130,470,0.6398230088495576,0.6111560608115606,0.6690255618168239,2000
scgpt,aida,B,double negative T regulatory cell,3,3,0.0,0.0,0.0,1893
scgpt,aida,B,"effector memory CD4-positive, alpha-beta T cell",233,189,0.351931330472103,0.29385964912280704,0.41263640375511507,2000
scgpt,aida,B,gamma-delta T cell,320,189,0.634375,0.5786158263393703,0.6908587291021523,2000
scgpt,aida,B,hematopoietic stem cell,2,2,0.5,0.0,1.0,1737
scgpt,aida,B,innate lymphoid cell,6,6,0.5,0.0,1.0,1995
scgpt,aida,B,mature B cell,51,49,0.29411764705882354,0.17647058823529413,0.4200263157894735,2000
scgpt,aida,B,memory B cell,338,235,0.8461538461538461,0.8101779468817758,0.883008356545961,2000
scgpt,aida,B,mucosal invariant T cell,219,166,0.8721461187214612,0.8284276589423649,0.9120905923344947,2000
scgpt,aida,B,myeloid cell,263,188,0.6425855513307985,0.5891458773784356,0.6942206152433426,2000
scgpt,aida,B,naive B cell,335,230,0.9611940298507463,0.9397974985110185,0.9798935807519968,2000
scgpt,aida,B,"naive thymus-derived CD4-positive, alpha-beta T cell",1525,495,0.7370491803278688,0.7158669853611354,0.7590371386536244,2000
scgpt,aida,B,"naive thymus-derived CD8-positive, alpha-beta T cell",851,376,0.827262044653349,0.802066732527086,0.8513525858379695,2000
scgpt,aida,B,natural killer cell,235,136,0.49361702127659574,0.4330261479591837,0.5541283533984263,2000
scgpt,aida,B,plasma cell,18,17,0.3888888888888889,0.16666666666666666,0.6087560386473427,2000
scgpt,aida,B,plasmacytoid dendritic cell,30,29,1.0,1.0,1.0,2000
scgpt,aida,B,platelet,178,120,1.0,1.0,1.0,2000
scgpt,aida,B,pre-conventional dendritic cell,7,6,0.0,0.0,0.0,1994
scgpt,aida,B,regulatory T cell,157,138,0.5732484076433121,0.4965034965034965,0.6521739130434783,2000
scgpt,aida,P,B cell,107,84,0.27102803738317754,0.18517740429505133,0.3671914859693877,2000
scgpt,aida,P,"CD14-low, CD16-positive monocyte",423,286,0.9030732860520094,0.8725263662511985,0.9307177266889712,2000
scgpt,aida,P,CD14-positive monocyte,1932,529,0.9798136645962733,0.9731146288826307,0.9860579912935323,2000
scgpt,aida,P,CD141-positive myeloid dendritic cell,5,5,1.0,1.0,1.0,1992
scgpt,aida,P,"CD16-negative, CD56-bright natural killer cell, human",63,62,0.5873015873015873,0.45711779448621553,0.7115384615384616,2000
scgpt,aida,P,"CD16-positive, CD56-dim natural killer cell, human",1576,493,0.950507614213198,0.9403551598372368,0.9606040709126723,2000
scgpt,aida,P,CD1c-positive myeloid dendritic cell,131,116,0.6564885496183206,0.5819479473167998,0.7372278238277867,2000
scgpt,aida,P,"CD4-positive, alpha-beta T cell",361,266,0.16620498614958448,0.12957021814262887,0.20613252348532612,2000
scgpt,aida,P,"CD4-positive, alpha-beta cytotoxic T cell",102,84,0.5588235294117647,0.46936477293620155,0.6494845360824743,2000
scgpt,aida,P,"CD8-positive, alpha-beta T cell",579,323,0.40414507772020725,0.3653776978417266,0.4447870060407077,2000
scgpt,aida,P,"CD8-positive, alpha-beta cytotoxic T cell",493,285,0.5720081135902637,0.5219482905527746,0.6175914541398367,2000
scgpt,aida,P,"CD8-positive, alpha-beta memory T cell",263,194,0.752851711026616,0.6996038948921949,0.803030303030303,2000
scgpt,aida,P,T cell,564,236,0.4237588652482269,0.37887178547045286,0.47228112602223365,2000
scgpt,aida,P,"central memory CD4-positive, alpha-beta T cell",1130,470,0.7575221238938054,0.7319203027498992,0.7822621002835565,2000
scgpt,aida,P,double negative T regulatory cell,3,3,0.0,0.0,0.0,1893
scgpt,aida,P,"effector memory CD4-positive, alpha-beta T cell",233,189,0.38626609442060084,0.3248802600068423,0.4453141412815126,2000
scgpt,aida,P,gamma-delta T cell,320,189,0.85625,0.8179099709122121,0.8938918932086134,2000
scgpt,aida,P,hematopoietic stem cell,2,2,0.0,0.0,0.0,1737
scgpt,aida,P,innate lymphoid cell,6,6,0.3333333333333333,0.0,0.8,1995
scgpt,aida,P,mature B cell,51,49,0.3137254901960784,0.18602497846683894,0.45617752007136464,2000
scgpt,aida,P,memory B cell,338,235,0.8757396449704142,0.8390786804740045,0.910367387695819,2000
scgpt,aida,P,mucosal invariant T cell,219,166,0.8127853881278538,0.7621301433194637,0.8620689655172413,2000
scgpt,aida,P,myeloid cell,263,188,0.46387832699619774,0.4034754004576659,0.5303669119034145,2000
scgpt,aida,P,naive B cell,335,230,0.9731343283582089,0.9554079727652097,0.988271504663868,2000
scgpt,aida,P,"naive thymus-derived CD4-positive, alpha-beta T cell",1525,495,0.8918032786885246,0.8757472696557452,0.9072121720999523,2000
scgpt,aida,P,"naive thymus-derived CD8-positive, alpha-beta T cell",851,376,0.8965922444183314,0.8747044211987339,0.9164461772693605,2000
scgpt,aida,P,natural killer cell,235,136,0.37446808510638296,0.309758631713555,0.4449552752293578,2000
scgpt,aida,P,plasma cell,18,17,0.5555555555555556,0.3,0.8,2000
scgpt,aida,P,plasmacytoid dendritic cell,30,29,1.0,1.0,1.0,2000
scgpt,aida,P,platelet,178,120,1.0,1.0,1.0,2000
scgpt,aida,P,pre-conventional dendritic cell,7,6,0.0,0.0,0.0,1994
scgpt,aida,P,regulatory T cell,157,138,0.2484076433121019,0.18238901220865703,0.3137394957983192,2000
scgpt,aida,P2BA,B cell,107,84,0.34579439252336447,0.26371065375302666,0.4312082985821517,2000
scgpt,aida,P2BA,"CD14-low, CD16-positive monocyte",423,286,0.9574468085106383,0.9354819416576632,0.9754564031228433,2000
scgpt,aida,P2BA,CD14-positive monocyte,1932,529,0.9565217391304348,0.9462524040446946,0.9656586899324822,2000
scgpt,aida,P2BA,CD141-positive myeloid dendritic cell,5,5,0.8,0.375,1.0,1992
scgpt,aida,P2BA,"CD16-negative, CD56-bright natural killer cell, human",63,62,0.47619047619047616,0.3469387755102041,0.6,2000
scgpt,aida,P2BA,"CD16-positive, CD56-dim natural killer cell, human",1576,493,0.9644670050761421,0.9551391678106622,0.9734861015638426,2000
scgpt,aida,P2BA,CD1c-positive myeloid dendritic cell,131,116,0.8091603053435115,0.7443518796992481,0.8730214621059691,2000
scgpt,aida,P2BA,"CD4-positive, alpha-beta T cell",361,266,0.14958448753462603,0.11506292928130156,0.1858508507239394,2000
scgpt,aida,P2BA,"CD4-positive, alpha-beta cytotoxic T cell",102,84,0.6078431372549019,0.5096108490566037,0.7083575581395348,2000
scgpt,aida,P2BA,"CD8-positive, alpha-beta T cell",579,323,0.3799654576856649,0.3409349229417331,0.4235733673872853,2000
scgpt,aida,P2BA,"CD8-positive, alpha-beta cytotoxic T cell",493,285,0.5496957403651116,0.5019666398234311,0.5946546402724564,2000
scgpt,aida,P2BA,"CD8-positive, alpha-beta memory T cell",263,194,0.7224334600760456,0.6641214005717823,0.7752883153483887,2000
scgpt,aida,P2BA,T cell,564,236,0.43617021276595747,0.3965496485304699,0.4755563592525618,2000
scgpt,aida,P2BA,"central memory CD4-positive, alpha-beta T cell",1130,470,0.7389380530973452,0.7130940702822822,0.7649197797544762,2000
scgpt,aida,P2BA,double negative T regulatory cell,3,3,0.0,0.0,0.0,1893
scgpt,aida,P2BA,"effector memory CD4-positive, alpha-beta T cell",233,189,0.6952789699570815,0.6392627749673165,0.7533054463562553,2000
scgpt,aida,P2BA,gamma-delta T cell,320,189,0.903125,0.8727797202797203,0.9331306990881459,2000
scgpt,aida,P2BA,hematopoietic stem cell,2,2,0.0,0.0,0.0,1737
scgpt,aida,P2BA,innate lymphoid cell,6,6,0.3333333333333333,0.0,0.75,1995
scgpt,aida,P2BA,mature B cell,51,49,0.5490196078431373,0.4166666666666667,0.6863051470588234,2000
scgpt,aida,P2BA,memory B cell,338,235,0.9467455621301775,0.921984218260814,0.9696050731330501,2000
scgpt,aida,P2BA,mucosal invariant T cell,219,166,0.726027397260274,0.6711111111111111,0.7792207792207793,2000
scgpt,aida,P2BA,myeloid cell,263,188,0.49429657794676807,0.4304628563201843,0.553197579990255,2000
scgpt,aida,P2BA,naive B cell,335,230,0.9522388059701492,0.9281437125748503,0.9726037806553691,2000
scgpt,aida,P2BA,"naive thymus-derived CD4-positive, alpha-beta T cell",1525,495,0.8518032786885246,0.8335374790619765,0.8697411443385386,2000
scgpt,aida,P2BA,"naive thymus-derived CD8-positive, alpha-beta T cell",851,376,0.9318448883666275,0.9144737450105531,0.9480539062867169,2000
scgpt,aida,P2BA,natural killer cell,235,136,0.32340425531914896,0.26086492010405055,0.38536712398373985,2000
scgpt,aida,P2BA,plasma cell,18,17,1.0,1.0,1.0,2000
scgpt,aida,P2BA,plasmacytoid dendritic cell,30,29,1.0,1.0,1.0,2000
scgpt,aida,P2BA,platelet,178,120,0.9831460674157303,0.9615384615384616,1.0,2000
scgpt,aida,P2BA,pre-conventional dendritic cell,7,6,0.14285714285714285,0.0,0.5,1994
scgpt,aida,P2BA,regulatory T cell,157,138,0.37579617834394907,0.3005831894493222,0.4591194968553459,2000
scgpt,aida,P2BJ,B cell,107,84,0.3177570093457944,0.22935301987767584,0.4148986350863107,2000
scgpt,aida,P2BJ,"CD14-low, CD16-positive monocyte",423,286,0.9574468085106383,0.9346733668341709,0.9756638513877226,2000
scgpt,aida,P2BJ,CD14-positive monocyte,1932,529,0.9032091097308489,0.8899643402954661,0.9158615082720647,2000
scgpt,aida,P2BJ,CD141-positive myeloid dendritic cell,5,5,0.8,0.375,1.0,1992
scgpt,aida,P2BJ,"CD16-negative, CD56-bright natural killer cell, human",63,62,0.9206349206349206,0.85,0.9818181818181818,2000
scgpt,aida,P2BJ,"CD16-positive, CD56-dim natural killer cell, human",1576,493,0.7341370558375635,0.7112031738379516,0.7579424795209386,2000
scgpt,aida,P2BJ,CD1c-positive myeloid dendritic cell,131,116,0.6641221374045801,0.5848984034833091,0.7459016393442623,2000
scgpt,aida,P2BJ,"CD4-positive, alpha-beta T cell",361,266,0.5041551246537396,0.45012484394506863,0.5565560842600513,2000
scgpt,aida,P2BJ,"CD4-positive, alpha-beta cytotoxic T cell",102,84,0.4411764705882353,0.34407762096774197,0.540008064516129,2000
scgpt,aida,P2BJ,"CD8-positive, alpha-beta T cell",579,323,0.3316062176165803,0.2924147803423044,0.36776299037160814,2000
scgpt,aida,P2BJ,"CD8-positive, alpha-beta cytotoxic T cell",493,285,0.7647058823529411,0.7276153846153846,0.8028183474564017,2000
scgpt,aida,P2BJ,"CD8-positive, alpha-beta memory T cell",263,194,0.5741444866920152,0.510631676525117,0.6356368421052631,2000
scgpt,aida,P2BJ,T cell,564,236,0.2783687943262411,0.2393279968360434,0.32174327122153207,2000
scgpt,aida,P2BJ,"central memory CD4-positive, alpha-beta T cell",1130,470,0.5964601769911504,0.5700226681167744,0.6236266614776673,2000
scgpt,aida,P2BJ,double negative T regulatory cell,3,3,0.0,0.0,0.0,1893
scgpt,aida,P2BJ,"effector memory CD4-positive, alpha-beta T cell",233,189,0.6266094420600858,0.5694931962269986,0.6865200348432056,2000
scgpt,aida,P2BJ,gamma-delta T cell,320,189,0.78125,0.73622999575131,0.8240538559086946,2000
scgpt,aida,P2BJ,hematopoietic stem cell,2,2,0.5,0.0,1.0,1737
scgpt,aida,P2BJ,innate lymphoid cell,6,6,0.6666666666666666,0.25,1.0,1995
scgpt,aida,P2BJ,mature B cell,51,49,0.35294117647058826,0.21736192714453584,0.49125506072874475,2000
scgpt,aida,P2BJ,memory B cell,338,235,0.9556213017751479,0.9296036077622098,0.9772763929618768,2000
scgpt,aida,P2BJ,mucosal invariant T cell,219,166,0.8721461187214612,0.8284513700877841,0.912089061566049,2000
scgpt,aida,P2BJ,myeloid cell,263,188,0.5171102661596958,0.4542350677225964,0.5798342757177221,2000
scgpt,aida,P2BJ,naive B cell,335,230,0.9582089552238806,0.9335211946050096,0.9802828446086355,2000
scgpt,aida,P2BJ,"naive thymus-derived CD4-positive, alpha-beta T cell",1525,495,0.5081967213114754,0.48255360568704847,0.5340327129843625,2000
scgpt,aida,P2BJ,"naive thymus-derived CD8-positive, alpha-beta T cell",851,376,0.9200940070505288,0.9012650414127208,0.938610496104422,2000
scgpt,aida,P2BJ,natural killer cell,235,136,0.7191489361702128,0.6612903225806451,0.7703713151927437,2000
scgpt,aida,P2BJ,plasma cell,18,17,0.9444444444444444,0.8076923076923077,1.0,2000
scgpt,aida,P2BJ,plasmacytoid dendritic cell,30,29,1.0,1.0,1.0,2000
scgpt,aida,P2BJ,platelet,178,120,1.0,1.0,1.0,2000
scgpt,aida,P2BJ,pre-conventional dendritic cell,7,6,0.7142857142857143,0.2,1.0,1994
scgpt,aida,P2BJ,regulatory T cell,157,138,0.4140127388535032,0.33536082819619406,0.5,2000
scgpt,aida,P2BU,B cell,107,84,0.4485981308411215,0.36274240465416935,0.536591784338896,2000
scgpt,aida,P2BU,"CD14-low, CD16-positive monocyte",423,286,0.900709219858156,0.8708884257928524,0.9296116504854369,2000
scgpt,aida,P2BU,CD14-positive monocyte,1932,529,0.9591097308488613,0.9497701945363347,0.9680093679940216,2000
scgpt,aida,P2BU,CD141-positive myeloid dendritic cell,5,5,0.6,0.0,1.0,1992
scgpt,aida,P2BU,"CD16-negative, CD56-bright natural killer cell, human",63,62,0.5873015873015873,0.4603174603174603,0.7077083333333333,2000
scgpt,aida,P2BU,"CD16-positive, CD56-dim natural killer cell, human",1576,493,0.9511421319796954,0.9401155291511608,0.9612261297031576,2000
scgpt,aida,P2BU,CD1c-positive myeloid dendritic cell,131,116,0.9083969465648855,0.8571428571428571,0.9523903262092237,2000
scgpt,aida,P2BU,"CD4-positive, alpha-beta T cell",361,266,0.0664819944598338,0.04203811140983916,0.09367688468670582,2000
scgpt,aida,P2BU,"CD4-positive, alpha-beta cytotoxic T cell",102,84,0.27450980392156865,0.18477469396369775,0.37038077403245934,2000
scgpt,aida,P2BU,"CD8-positive, alpha-beta T cell",579,323,0.26770293609671847,0.22508591065292097,0.3121092804126967,2000
scgpt,aida,P2BU,"CD8-positive, alpha-beta cytotoxic T cell",493,285,0.6876267748478702,0.6422755466778807,0.7289292440302291,2000
scgpt,aida,P2BU,"CD8-positive, alpha-beta memory T cell",263,194,0.7984790874524715,0.7490339799104739,0.8452055308108756,2000
scgpt,aida,P2BU,T cell,564,236,0.35638297872340424,0.3088172268907563,0.4052611162294525,2000
scgpt,aida,P2BU,"central memory CD4-positive, alpha-beta T cell",1130,470,0.6486725663716815,0.6190053085040547,0.6762412549374038,2000
scgpt,aida,P2BU,double negative T regulatory cell,3,3,0.0,0.0,0.0,1893
scgpt,aida,P2BU,"effector memory CD4-positive, alpha-beta T cell",233,189,0.26180257510729615,0.20760561361029692,0.3189831825890333,2000
scgpt,aida,P2BU,gamma-delta T cell,320,189,0.95625,0.931738465882584,0.9781283967391304,2000
scgpt,aida,P2BU,hematopoietic stem cell,2,2,0.0,0.0,0.0,1737
scgpt,aida,P2BU,innate lymphoid cell,6,6,0.16666666666666666,0.0,0.5714285714285714,1995
scgpt,aida,P2BU,mature B cell,51,49,0.8235294117647058,0.7115277777777778,0.9245283018867925,2000
scgpt,aida,P2BU,memory B cell,338,235,0.6834319526627219,0.6302218044733845,0.7360291315779446,2000
scgpt,aida,P2BU,mucosal invariant T cell,219,166,0.8493150684931506,0.8058252427184466,0.8910054470202226,2000
scgpt,aida,P2BU,myeloid cell,263,188,0.4828897338403042,0.41923076923076924,0.5458015267175572,2000
scgpt,aida,P2BU,naive B cell,335,230,0.817910447761194,0.776311964504284,0.8566982842795369,2000
scgpt,aida,P2BU,"naive thymus-derived CD4-positive, alpha-beta T cell",1525,495,0.8216393442622951,0.8002692709842406,0.8417169684775319,2000
scgpt,aida,P2BU,"naive thymus-derived CD8-positive, alpha-beta T cell",851,376,0.9623971797884842,0.9490373725934315,0.9745489067894131,2000
scgpt,aida,P2BU,natural killer cell,235,136,0.4723404255319149,0.40685053902038903,0.5373884477549012,2000
scgpt,aida,P2BU,plasma cell,18,17,0.5,0.266578947368421,0.7333333333333333,2000
scgpt,aida,P2BU,plasmacytoid dendritic cell,30,29,1.0,1.0,1.0,2000
scgpt,aida,P2BU,platelet,178,120,1.0,1.0,1.0,2000
scgpt,aida,P2BU,pre-conventional dendritic cell,7,6,0.0,0.0,0.0,1994
scgpt,aida,P2BU,regulatory T cell,157,138,0.5159235668789809,0.4405594405594406,0.5919578039927405,2000
scgpt,aida,P2DS,B cell,107,84,0.27102803738317754,0.1875,0.36003361344537793,2000
scgpt,aida,P2DS,"CD14-low, CD16-positive monocyte",423,286,0.8581560283687943,0.8239368578621488,0.8913161114248069,2000
scgpt,aida,P2DS,CD14-positive monocyte,1932,529,0.9368530020703933,0.9243853809815251,0.9481790156351098,2000
scgpt,aida,P2DS,CD141-positive myeloid dendritic cell,5,5,0.0,0.0,0.0,1992
scgpt,aida,P2DS,"CD16-negative, CD56-bright natural killer cell, human",63,62,0.8412698412698413,0.7454545454545455,0.927536231884058,2000
scgpt,aida,P2DS,"CD16-positive, CD56-dim natural killer cell, human",1576,493,0.8946700507614214,0.8789910371048633,0.909761381707297,2000
scgpt,aida,P2DS,CD1c-positive myeloid dendritic cell,131,116,0.7862595419847328,0.7212786885245902,0.8500085034013605,2000
scgpt,aida,P2DS,"CD4-positive, alpha-beta T cell",361,266,0.18282548476454294,0.1432746443472578,0.22561018071879885,2000
scgpt,aida,P2DS,"CD4-positive, alpha-beta cytotoxic T cell",102,84,0.22549019607843138,0.13996534653465348,0.31521739130434784,2000
scgpt,aida,P2DS,"CD8-positive, alpha-beta T cell",579,323,0.4421416234887737,0.40150058935533595,0.48154691837380087,2000
scgpt,aida,P2DS,"CD8-positive, alpha-beta cytotoxic T cell",493,285,0.7505070993914807,0.7104708889459275,0.7901311904159284,2000
scgpt,aida,P2DS,"CD8-positive, alpha-beta memory T cell",263,194,0.4524714828897338,0.396885615465382,0.5084069525245996,2000
scgpt,aida,P2DS,T cell,564,236,0.34574468085106386,0.30066265842380174,0.38889127940332757,2000
scgpt,aida,P2DS,"central memory CD4-positive, alpha-beta T cell",1130,470,0.7823008849557522,0.7573236196319019,0.8058344789071226,2000
scgpt,aida,P2DS,double negative T regulatory cell,3,3,0.0,0.0,0.0,1893
scgpt,aida,P2DS,"effector memory CD4-positive, alpha-beta T cell",233,189,0.49356223175965663,0.42914832535885167,0.5592437143545667,2000
scgpt,aida,P2DS,gamma-delta T cell,320,189,0.76875,0.7203918614280457,0.814232799223687,2000
scgpt,aida,P2DS,hematopoietic stem cell,2,2,0.0,0.0,0.0,1737
scgpt,aida,P2DS,innate lymphoid cell,6,6,0.0,0.0,0.0,1995
scgpt,aida,P2DS,mature B cell,51,49,0.8431372549019608,0.7321428571428571,0.9361702127659575,2000
scgpt,aida,P2DS,memory B cell,338,235,0.8195266272189349,0.7755609997446373,0.8609298590685168,2000
scgpt,aida,P2DS,mucosal invariant T cell,219,166,0.8858447488584474,0.8442164953206399,0.9241755944083795,2000
scgpt,aida,P2DS,myeloid cell,263,188,0.5247148288973384,0.46183966635773865,0.5870684210526315,2000
scgpt,aida,P2DS,naive B cell,335,230,0.9402985074626866,0.9156484428279154,0.9642914746543778,2000
scgpt,aida,P2DS,"naive thymus-derived CD4-positive, alpha-beta T cell",1525,495,0.8242622950819672,0.8049573414760457,0.8427273117856163,2000
scgpt,aida,P2DS,"naive thymus-derived CD8-positive, alpha-beta T cell",851,376,0.8942420681551116,0.8723357123619715,0.9137955778138486,2000
scgpt,aida,P2DS,natural killer cell,235,136,0.502127659574468,0.43722893385684086,0.5687225531544849,2000
scgpt,aida,P2DS,plasma cell,18,17,0.1111111111111111,0.0,0.29411764705882354,2000
scgpt,aida,P2DS,plasmacytoid dendritic cell,30,29,1.0,1.0,1.0,2000
scgpt,aida,P2DS,platelet,178,120,1.0,1.0,1.0,2000
scgpt,aida,P2DS,pre-conventional dendritic cell,7,6,0.0,0.0,0.0,1994
scgpt,aida,P2DS,regulatory T cell,157,138,0.4585987261146497,0.3828560267857143,0.5419354838709678,2000
scgpt,crc,B,BEST4+ colonocyte,262,11,0.9770992366412213,0.932071457246086,1.0,2000
scgpt,crc,B,colon goblet cell,316,18,0.9367088607594937,0.9090909090909091,0.9556658040780696,2000
scgpt,crc,B,colonocyte,383,17,0.9817232375979112,0.957375549780088,0.9942208953740662,2000
scgpt,crc,B,early colonocyte,1285,21,0.7603112840466926,0.7331963278462069,0.8026059032366275,2000
scgpt,crc,B,enteroendocrine cell of colon,33,12,0.9090909090909091,0.71875,1.0,2000
scgpt,crc,B,intestinal crypt stem cell of colon,414,20,0.5410628019323671,0.22853896103896104,0.5622612620457448,2000
scgpt,crc,B,malignant cell,4696,25,0.9101362862010222,0.8599278368684321,0.9532491729756385,2000
scgpt,crc,B,secretory cell,1034,18,0.8955512572533849,0.8379373296279837,0.9211467473628188,2000
scgpt,crc,B,tuft cell of colon,149,16,0.9261744966442953,0.8333333333333334,0.9612409924664265,2000
scgpt,crc,P,BEST4+ colonocyte,262,11,0.9885496183206107,0.9548829621222868,1.0,2000
scgpt,crc,P,colon goblet cell,316,18,0.9683544303797469,0.954837798432659,0.9848503883051621,2000
scgpt,crc,P,colonocyte,383,17,0.7702349869451697,0.675050447920214,0.9318278120184899,2000
scgpt,crc,P,early colonocyte,1285,21,0.6669260700389105,0.4957138304652645,0.7208821553718092,2000
scgpt,crc,P,enteroendocrine cell of colon,33,12,0.8787878787878788,0.6956521739130435,1.0,2000
scgpt,crc,P,intestinal crypt stem cell of colon,414,20,0.8454106280193237,0.5651494565217391,0.9330482884153044,2000
scgpt,crc,P,malignant cell,4696,25,0.9593270868824532,0.9371720582131071,0.9779714150742683,2000
scgpt,crc,P,secretory cell,1034,18,0.9458413926499033,0.9178082191780822,0.9581480977805267,2000
scgpt,crc,P,tuft cell of colon,149,16,0.9932885906040269,0.9767441860465116,1.0,2000
scgpt,crc,P2BA,BEST4+ colonocyte,262,11,0.9618320610687023,0.9009976393884892,0.993976805425294,2000
scgpt,crc,P2BA,colon goblet cell,316,18,0.8259493670886076,0.7714247720364742,0.8793969849246231,2000
scgpt,crc,P2BA,colonocyte,383,17,0.8903394255874674,0.8511685829100853,0.9592896533613445,2000
scgpt,crc,P2BA,early colonocyte,1285,21,0.8708171206225681,0.8175444250182737,0.890980817995548,2000
scgpt,crc,P2BA,enteroendocrine cell of colon,33,12,0.9090909090909091,0.71875,1.0,2000
scgpt,crc,P2BA,intestinal crypt stem cell of colon,414,20,0.5966183574879227,0.1944220430107527,0.7671286506696086,2000
scgpt,crc,P2BA,malignant cell,4696,25,0.9870102214650767,0.9770767515092132,0.9947769305694192,2000
scgpt,crc,P2BA,secretory cell,1034,18,0.97678916827853,0.952808098697606,0.9883040935672515,2000
scgpt,crc,P2BA,tuft cell of colon,149,16,0.9463087248322147,0.8441362854013456,0.9777838827838827,2000
scgpt,crc,P2BJ,BEST4+ colonocyte,262,11,0.9770992366412213,0.9352501332267519,1.0,2000
scgpt,crc,P2BJ,colon goblet cell,316,18,0.9367088607594937,0.8987674490975371,0.9665306834030684,2000
scgpt,crc,P2BJ,colonocyte,383,17,0.8825065274151436,0.8371426092025163,0.9583369377162629,2000
scgpt,crc,P2BJ,early colonocyte,1285,21,0.7673151750972763,0.7284338674589259,0.8125012734311329,2000
scgpt,crc,P2BJ,enteroendocrine cell of colon,33,12,0.8484848484848485,0.6521739130434783,1.0,2000
scgpt,crc,P2BJ,intestinal crypt stem cell of colon,414,20,0.7995169082125604,0.3773448181569593,0.8416508153650742,2000
scgpt,crc,P2BJ,malignant cell,4696,25,0.9284497444633731,0.8915227923558544,0.9624135232991125,2000
scgpt,crc,P2BJ,secretory cell,1034,18,0.9729206963249516,0.952477840451249,0.9866869137772251,2000
scgpt,crc,P2BJ,tuft cell of colon,149,16,0.9798657718120806,0.9069585755813953,1.0,2000
scgpt,crc,P2BU,BEST4+ colonocyte,262,11,0.950381679389313,0.8783004258614014,0.992538006991067,2000
scgpt,crc,P2BU,colon goblet cell,316,18,0.8607594936708861,0.8149508525838244,0.8968831120670474,2000
scgpt,crc,P2BU,colonocyte,383,17,0.8877284595300261,0.8515452517059983,0.9514617244739596,2000
scgpt,crc,P2BU,early colonocyte,1285,21,0.6910505836575875,0.6220628503318085,0.7400580641415216,2000
scgpt,crc,P2BU,enteroendocrine cell of colon,33,12,0.8787878787878788,0.6956521739130435,1.0,2000
scgpt,crc,P2BU,intestinal crypt stem cell of colon,414,20,0.6859903381642513,0.23633689839572192,0.793229280049759,2000
scgpt,crc,P2BU,malignant cell,4696,25,0.9848807495741057,0.9752934983003976,0.9929419499379892,2000
scgpt,crc,P2BU,secretory cell,1034,18,0.9806576402321083,0.9683251398542125,0.9886230722199046,2000
scgpt,crc,P2BU,tuft cell of colon,149,16,0.9664429530201343,0.879938775510204,0.994286525974026,2000
scgpt,crc,P2DS,BEST4+ colonocyte,262,11,0.9847328244274809,0.9523809523809523,1.0,2000
scgpt,crc,P2DS,colon goblet cell,316,18,0.9683544303797469,0.9425146243842364,0.9895114032309154,2000
scgpt,crc,P2DS,colonocyte,383,17,0.6919060052219321,0.5586062159444003,0.8873239436619719,2000
scgpt,crc,P2DS,early colonocyte,1285,21,0.8108949416342413,0.670240532839214,0.8566634194944879,2000
scgpt,crc,P2DS,enteroendocrine cell of colon,33,12,0.9696969696969697,0.90625,1.0,2000
scgpt,crc,P2DS,intestinal crypt stem cell of colon,414,20,0.7391304347826086,0.2452320244773075,0.8674521645406462,2000
scgpt,crc,P2DS,malignant cell,4696,25,0.9902044293015332,0.9841260250323693,0.9951787931501755,2000
scgpt,crc,P2DS,secretory cell,1034,18,0.913926499032882,0.8821334347259295,0.9402128518417818,2000
scgpt,crc,P2DS,tuft cell of colon,149,16,0.9932885906040269,0.9767441860465116,1.0,2000
scgpt,ild,B,B cell,25,15,0.88,0.7619047619047619,1.0,2000
scgpt,ild,B,"CD8-positive, alpha-beta cytotoxic T cell",293,35,0.9078498293515358,0.8367254174397032,0.9436039195800584,2000
scgpt,ild,B,adventitial fibroblast,307,33,0.7166123778501629,0.676757335575037,0.8087029799706887,2000
scgpt,ild,B,alveolar macrophage,176,41,0.6022727272727273,0.46938775510204084,0.75,2000
scgpt,ild,B,alveolar type 1 fibroblast cell,74,20,0.527027027027027,0.3918168168168168,0.6851984126984126,2000
scgpt,ild,B,basal cell,366,32,0.8770491803278688,0.8201438848920863,0.9237012689541436,2000
scgpt,ild,B,ciliated cell,2304,64,0.9934895833333334,0.990021975258658,0.9960553821916563,2000
scgpt,ild,B,classical monocyte,680,60,0.3588235294117647,0.2833445280142881,0.4016450896277003,2000
scgpt,ild,B,conventional dendritic cell,163,41,0.7361963190184049,0.65,0.7972213574097134,2000
scgpt,ild,B,endothelial cell of arteriole,200,38,0.73,0.5448694029850746,0.8366683356987961,2000
scgpt,ild,B,endothelial cell of respiratory system lymphatic vessel,117,24,0.905982905982906,0.8455255096029222,1.0,2000
scgpt,ild,B,epithelial cell of lung,86,24,0.8604651162790697,0.7894590643274854,0.9285924369747899,2000
scgpt,ild,B,granzyme K-associated CD8 T cell,8,4,0.0,0.0,0.0,1971
scgpt,ild,B,helper T cell,91,28,0.7582417582417582,0.6785714285714286,0.8333762886597936,2000
scgpt,ild,B,hematopoietic cell,107,40,0.6822429906542056,0.6022601568785197,0.7530998389694041,2000
scgpt,ild,B,lung interstitial macrophage,140,30,0.65,0.49121588693957113,0.7530273266980967,2000
scgpt,ild,B,lung secretory cell,1724,61,0.9054524361948956,0.8288031729933353,0.9292986425339367,2000
scgpt,ild,B,macrophage,1992,80,0.8890562248995983,0.8266305645102527,0.9283312061482836,2000
scgpt,ild,B,mast cell,26,14,1.0,1.0,1.0,2000
scgpt,ild,B,mesothelial cell of pleura,33,12,1.0,1.0,1.0,2000
scgpt,ild,B,monocyte,384,43,0.7526041666666666,0.6714277271192164,0.8705536491463006,2000
scgpt,ild,B,"myeloid dendritic cell, human",249,36,0.5421686746987951,0.4703146318834252,0.609375,2000
scgpt,ild,B,myofibroblast cell,53,18,0.7169811320754716,0.5344540229885058,0.8823871409028725,2000
scgpt,ild,B,natural killer cell,163,31,0.7361963190184049,0.6595721753484959,0.8547539340696831,2000
scgpt,ild,B,pericyte,56,17,0.5357142857142857,0.4,0.6538636363636363,2000
scgpt,ild,B,plasma cell,26,8,0.5,0.3389830508474576,1.0,2000
scgpt,ild,B,plasmacytoid dendritic cell,14,11,0.9285714285714286,0.75,1.0,2000
scgpt,ild,B,pulmonary alveolar type 1 cell,196,23,0.9897959183673469,0.9761869118905047,1.0,2000
scgpt,ild,B,pulmonary alveolar type 2 cell,1521,60,0.9434582511505588,0.8197048611111111,0.9754903707563678,2000
scgpt,ild,B,pulmonary capillary endothelial cell,206,36,0.8349514563106796,0.75195,0.8816797785547784,2000
scgpt,ild,B,smooth muscle cell,55,20,0.9636363636363636,0.875,1.0,2000
scgpt,ild,B,vein endothelial cell of respiratory system,663,56,0.8717948717948718,0.7103533411209187,0.9802373981359489,2000
scgpt,ild,P,B cell,25,15,0.64,0.4166666666666667,0.9000806451612899,2000
scgpt,ild,P,"CD8-positive, alpha-beta cytotoxic T cell",293,35,0.8020477815699659,0.6568390259329538,0.8764724037763253,2000
scgpt,ild,P,adventitial fibroblast,307,33,0.990228013029316,0.9672063406042541,1.0,2000
scgpt,ild,P,alveolar macrophage,176,41,0.3181818181818182,0.19250185926266955,0.47059772296015173,2000
scgpt,ild,P,alveolar type 1 fibroblast cell,74,20,0.6351351351351351,0.4948997012377294,0.7553464266230222,2000
scgpt,ild,P,basal cell,366,32,0.9508196721311475,0.9166541916167664,0.9741935483870968,2000
scgpt,ild,P,ciliated cell,2304,64,0.9496527777777778,0.9357098517135081,0.9643564412439929,2000
scgpt,ild,P,classical monocyte,680,60,0.2926470588235294,0.21554944178628388,0.3351221816349666,2000
scgpt,ild,P,conventional dendritic cell,163,41,0.9079754601226994,0.855718732540506,0.9466035598705502,2000
scgpt,ild,P,endothelial cell of arteriole,200,38,0.855,0.6907155130093274,0.9285714285714286,2000
scgpt,ild,P,endothelial cell of respiratory system lymphatic vessel,117,24,0.9658119658119658,0.9259259259259259,1.0,2000
scgpt,ild,P,epithelial cell of lung,86,24,0.8255813953488372,0.7623644507307874,0.9143099273607747,2000
scgpt,ild,P,granzyme K-associated CD8 T cell,8,4,0.0,0.0,0.0,1971
scgpt,ild,P,helper T cell,91,28,0.8571428571428571,0.7857142857142857,0.9117727860374919,2000
scgpt,ild,P,hematopoietic cell,107,40,0.9065420560747663,0.8552583905415713,0.967741935483871,2000
scgpt,ild,P,lung interstitial macrophage,140,30,0.9714285714285714,0.9279981981981983,1.0,2000
scgpt,ild,P,lung secretory cell,1724,61,0.8764501160092807,0.8005378106191525,0.917879119099668,2000
scgpt,ild,P,macrophage,1992,80,0.6726907630522089,0.5257329374057316,0.8165054854223024,2000
scgpt,ild,P,mast cell,26,14,0.9615384615384616,0.84609375,1.0,2000
scgpt,ild,P,mesothelial cell of pleura,33,12,0.9696969696969697,0.8822941176470588,1.0,2000
scgpt,ild,P,monocyte,384,43,0.9270833333333334,0.9115180681273993,0.9785003431708991,2000
scgpt,ild,P,"myeloid dendritic cell, human",249,36,0.6345381526104418,0.38382575757575754,0.8000136612021858,2000
scgpt,ild,P,myofibroblast cell,53,18,0.22641509433962265,0.07497685185185185,0.39285714285714285,2000
scgpt,ild,P,natural killer cell,163,31,0.6319018404907976,0.5353480753480754,0.8036210317460315,2000
scgpt,ild,P,pericyte,56,17,0.44642857142857145,0.3333333333333333,0.6429147465437786,2000
scgpt,ild,P,plasma cell,26,8,0.5384615384615384,0.3898305084745763,1.0,2000
scgpt,ild,P,plasmacytoid dendritic cell,14,11,1.0,1.0,1.0,2000
scgpt,ild,P,pulmonary alveolar type 1 cell,196,23,0.9795918367346939,0.9375,1.0,2000
scgpt,ild,P,pulmonary alveolar type 2 cell,1521,60,0.9658119658119658,0.8702064606326734,0.9883202229517923,2000
scgpt,ild,P,pulmonary capillary endothelial cell,206,36,0.883495145631068,0.8246701436861011,0.9330148880724538,2000
scgpt,ild,P,smooth muscle cell,55,20,0.9636363636363636,0.8666666666666667,1.0,2000
scgpt,ild,P,vein endothelial cell of respiratory system,663,56,0.799396681749623,0.6451416750669239,0.9111918719196891,2000
scgpt,ild,P2BA,B cell,25,15,0.96,0.875,1.0,2000
scgpt,ild,P2BA,"CD8-positive, alpha-beta cytotoxic T cell",293,35,0.7815699658703071,0.6634603658536585,0.8552374863993275,2000
scgpt,ild,P2BA,adventitial fibroblast,307,33,0.9218241042345277,0.8437456354748604,0.9452588998779303,2000
scgpt,ild,P2BA,alveolar macrophage,176,41,0.6079545454545454,0.4817272599663111,0.7488940568475448,2000
scgpt,ild,P2BA,alveolar type 1 fibroblast cell,74,20,0.8243243243243243,0.7428341013824885,0.9183673469387755,2000
scgpt,ild,P2BA,basal cell,366,32,0.7349726775956285,0.6684703402222655,0.7760644184557228,2000
scgpt,ild,P2BA,ciliated cell,2304,64,0.9848090277777778,0.9765391653753397,0.9915193094340838,2000
scgpt,ild,P2BA,classical monocyte,680,60,0.5544117647058824,0.4947798984023204,0.5974376434236132,2000
scgpt,ild,P2BA,conventional dendritic cell,163,41,0.49693251533742333,0.398876404494382,0.592608286252354,2000
scgpt,ild,P2BA,endothelial cell of arteriole,200,38,0.805,0.6448540202363482,0.897572609114249,2000
scgpt,ild,P2BA,endothelial cell of respiratory system lymphatic vessel,117,24,0.8974358974358975,0.8157651072124756,0.9407516339869281,2000
scgpt,ild,P2BA,epithelial cell of lung,86,24,0.8488372093023255,0.757116724738676,0.9054054054054054,2000
scgpt,ild,P2BA,granzyme K-associated CD8 T cell,8,4,0.25,0.0,1.0,1971
scgpt,ild,P2BA,helper T cell,91,28,0.6923076923076923,0.5925836030204962,0.7857316227461857,2000
scgpt,ild,P2BA,hematopoietic cell,107,40,0.8878504672897196,0.8224247144340602,0.9423132183908045,2000
scgpt,ild,P2BA,lung interstitial macrophage,140,30,0.5928571428571429,0.4102409638554217,0.6833467741935483,2000
scgpt,ild,P2BA,lung secretory cell,1724,61,0.9477958236658933,0.8960145169111408,0.9612414275315122,2000
scgpt,ild,P2BA,macrophage,1992,80,0.8855421686746988,0.8169430142683554,0.9157604330562443,2000
scgpt,ild,P2BA,mast cell,26,14,0.9615384615384616,0.84609375,1.0,2000
scgpt,ild,P2BA,mesothelial cell of pleura,33,12,0.9393939393939394,0.8147569444444444,1.0,2000
scgpt,ild,P2BA,monocyte,384,43,0.7838541666666666,0.7324361219864001,0.8412717490842491,2000
scgpt,ild,P2BA,"myeloid dendritic cell, human",249,36,0.5542168674698795,0.4586211290939212,0.6113207547169811,2000
scgpt,ild,P2BA,myofibroblast cell,53,18,0.4716981132075472,0.25325000000000003,0.7,2000
scgpt,ild,P2BA,natural killer cell,163,31,0.9263803680981595,0.8835331617733068,0.9741401528617135,2000
scgpt,ild,P2BA,pericyte,56,17,0.875,0.7599655172413793,0.9375,2000
scgpt,ild,P2BA,plasma cell,26,8,0.5384615384615384,0.3898305084745763,1.0,2000
scgpt,ild,P2BA,plasmacytoid dendritic cell,14,11,0.8571428571428571,0.6150000000000001,1.0,2000
scgpt,ild,P2BA,pulmonary alveolar type 1 cell,196,23,0.9591836734693877,0.8904034321842541,0.989422123015873,2000
scgpt,ild,P2BA,pulmonary alveolar type 2 cell,1521,60,0.967784352399737,0.8863606301106302,0.9870995809751293,2000
scgpt,ild,P2BA,pulmonary capillary endothelial cell,206,36,0.7330097087378641,0.6187887386299605,0.8068965517241379,2000
scgpt,ild,P2BA,smooth muscle cell,55,20,0.9818181818181818,0.9090909090909091,1.0,2000
scgpt,ild,P2BA,vein endothelial cell of respiratory system,663,56,0.8054298642533937,0.6290967080909571,0.9324791506665094,2000
scgpt,ild,P2BJ,B cell,25,15,0.84,0.6773757628596337,1.0,2000
scgpt,ild,P2BJ,"CD8-positive, alpha-beta cytotoxic T cell",293,35,0.8703071672354948,0.7727272727272727,0.9263421608258798,2000
scgpt,ild,P2BJ,adventitial fibroblast,307,33,0.8501628664495114,0.7126113384689456,0.8855143971659837,2000
scgpt,ild,P2BJ,alveolar macrophage,176,41,0.7556818181818182,0.6071270076077768,0.9017517270548427,2000
scgpt,ild,P2BJ,alveolar type 1 fibroblast cell,74,20,0.8918918918918919,0.8245554765291607,0.9787451150673033,2000
scgpt,ild,P2BJ,basal cell,366,32,0.8032786885245902,0.76,0.8508495631119065,2000
scgpt,ild,P2BJ,ciliated cell,2304,64,0.9743923611111112,0.9615892468687276,0.9833614106718783,2000
scgpt,ild,P2BJ,classical monocyte,680,60,0.4117647058823529,0.37950658794468095,0.49050951923467234,2000
scgpt,ild,P2BJ,conventional dendritic cell,163,41,0.9141104294478528,0.8759663191659984,0.9450613839285714,2000
scgpt,ild,P2BJ,endothelial cell of arteriole,200,38,0.8,0.605235745614035,0.8895950556878903,2000
scgpt,ild,P2BJ,endothelial cell of respiratory system lymphatic vessel,117,24,0.9572649572649573,0.9047455968688846,0.9893672429078014,2000
scgpt,ild,P2BJ,epithelial cell of lung,86,24,0.8837209302325582,0.8333333333333334,0.9473684210526315,2000
scgpt,ild,P2BJ,granzyme K-associated CD8 T cell,8,4,0.25,0.0,1.0,1971
scgpt,ild,P2BJ,helper T cell,91,28,0.7252747252747253,0.6499537037037038,0.8,2000
scgpt,ild,P2BJ,hematopoietic cell,107,40,0.7663551401869159,0.6857062600321028,0.8373983739837398,2000
scgpt,ild,P2BJ,lung interstitial macrophage,140,30,0.8,0.6666666666666666,0.8690521978021978,2000
scgpt,ild,P2BJ,lung secretory cell,1724,61,0.839907192575406,0.7466060266068281,0.8854854247242515,2000
scgpt,ild,P2BJ,macrophage,1992,80,0.7871485943775101,0.6800771997102315,0.8574449997921876,2000
scgpt,ild,P2BJ,mast cell,26,14,1.0,1.0,1.0,2000
scgpt,ild,P2BJ,mesothelial cell of pleura,33,12,1.0,1.0,1.0,2000
scgpt,ild,P2BJ,monocyte,384,43,0.84375,0.7957819209975275,0.9101181712514529,2000
scgpt,ild,P2BJ,"myeloid dendritic cell, human",249,36,0.6024096385542169,0.4169956140350877,0.7548753345349282,2000
scgpt,ild,P2BJ,myofibroblast cell,53,18,0.5094339622641509,0.27630444646098007,0.7917025862068964,2000
scgpt,ild,P2BJ,natural killer cell,163,31,0.7975460122699386,0.7435052186033861,0.9102678571428571,2000
scgpt,ild,P2BJ,pericyte,56,17,0.5535714285714286,0.4166666666666667,0.6944940476190473,2000
scgpt,ild,P2BJ,plasma cell,26,8,0.5384615384615384,0.3898305084745763,1.0,2000
scgpt,ild,P2BJ,plasmacytoid dendritic cell,14,11,1.0,1.0,1.0,2000
scgpt,ild,P2BJ,pulmonary alveolar type 1 cell,196,23,0.9693877551020408,0.9027693089430895,0.9940837104072398,2000
scgpt,ild,P2BJ,pulmonary alveolar type 2 cell,1521,60,0.9671268902038133,0.8913343133295136,0.9853585835937569,2000
scgpt,ild,P2BJ,pulmonary capillary endothelial cell,206,36,0.7864077669902912,0.6415787383707737,0.8937591911764706,2000
scgpt,ild,P2BJ,smooth muscle cell,55,20,1.0,1.0,1.0,2000
scgpt,ild,P2BJ,vein endothelial cell of respiratory system,663,56,0.7526395173453997,0.601455223880597,0.8636373082445402,2000
scgpt,ild,P2BU,B cell,25,15,0.8,0.7096774193548387,0.9230769230769231,2000
scgpt,ild,P2BU,"CD8-positive, alpha-beta cytotoxic T cell",293,35,0.8703071672354948,0.7601579520697167,0.9298245614035088,2000
scgpt,ild,P2BU,adventitial fibroblast,307,33,0.8957654723127035,0.7034296365330848,0.9494178676500494,2000
scgpt,ild,P2BU,alveolar macrophage,176,41,0.5568181818181818,0.43955627705627703,0.6837719298245614,2000
scgpt,ild,P2BU,alveolar type 1 fibroblast cell,74,20,0.8513513513513513,0.7652911164465785,0.9347896668548843,2000
scgpt,ild,P2BU,basal cell,366,32,0.8333333333333334,0.7588683170376533,0.8942307692307693,2000
scgpt,ild,P2BU,ciliated cell,2304,64,0.9848090277777778,0.982390406874718,0.9887956302521009,2000
scgpt,ild,P2BU,classical monocyte,680,60,0.3764705882352941,0.3229886128846841,0.4269337606837606,2000
scgpt,ild,P2BU,conventional dendritic cell,163,41,0.8773006134969326,0.8201402877697842,0.9352988614800759,2000
scgpt,ild,P2BU,endothelial cell of arteriole,200,38,0.795,0.6206816730523628,0.8825536162873533,2000
scgpt,ild,P2BU,endothelial cell of respiratory system lymphatic vessel,117,24,0.9487179487179487,0.919348908918406,1.0,2000
scgpt,ild,P2BU,epithelial cell of lung,86,24,0.7325581395348837,0.6428571428571429,0.8571931589537221,2000
scgpt,ild,P2BU,granzyme K-associated CD8 T cell,8,4,0.25,0.0,0.5,1971
scgpt,ild,P2BU,helper T cell,91,28,0.5384615384615384,0.41379310344827586,0.6511715997181113,2000
scgpt,ild,P2BU,hematopoietic cell,107,40,0.897196261682243,0.8392825924075924,0.9565217391304348,2000
scgpt,ild,P2BU,lung interstitial macrophage,140,30,0.6,0.42053059993970454,0.7183098591549296,2000
scgpt,ild,P2BU,lung secretory cell,1724,61,0.9269141531322506,0.8623942054227076,0.9453598009942791,2000
scgpt,ild,P2BU,macrophage,1992,80,0.8187751004016064,0.7370071999524482,0.8629437251490404,2000
scgpt,ild,P2BU,mast cell,26,14,0.9615384615384616,0.84609375,1.0,2000
scgpt,ild,P2BU,mesothelial cell of pleura,33,12,0.9696969696969697,0.8695652173913043,1.0,2000
scgpt,ild,P2BU,monocyte,384,43,0.484375,0.3709446497086827,0.5453136291371585,2000
scgpt,ild,P2BU,"myeloid dendritic cell, human",249,36,0.6867469879518072,0.47673964389534884,0.8404779801910152,2000
scgpt,ild,P2BU,myofibroblast cell,53,18,0.1509433962264151,0.06348370927318295,0.3181818181818182,2000
scgpt,ild,P2BU,natural killer cell,163,31,0.8588957055214724,0.801318272448907,0.9473684210526315,2000
scgpt,ild,P2BU,pericyte,56,17,0.3392857142857143,0.2,0.5385135135135132,2000
scgpt,ild,P2BU,plasma cell,26,8,0.5384615384615384,0.3898305084745763,1.0,2000
scgpt,ild,P2BU,plasmacytoid dendritic cell,14,11,0.8571428571428571,0.5833333333333334,1.0,2000
scgpt,ild,P2BU,pulmonary alveolar type 1 cell,196,23,0.9642857142857143,0.8888888888888888,0.9903252816792715,2000
scgpt,ild,P2BU,pulmonary alveolar type 2 cell,1521,60,0.9552925706771861,0.8603362068965518,0.9784635568918479,2000
scgpt,ild,P2BU,pulmonary capillary endothelial cell,206,36,0.8155339805825242,0.7654139433551198,0.859375,2000
scgpt,ild,P2BU,smooth muscle cell,55,20,1.0,1.0,1.0,2000
scgpt,ild,P2BU,vein endothelial cell of respiratory system,663,56,0.8416289592760181,0.6866156392075403,0.9528920518957047,2000
scgpt,ild,P2DS,B cell,25,15,0.52,0.3333333333333333,0.7692307692307693,2000
scgpt,ild,P2DS,"CD8-positive, alpha-beta cytotoxic T cell",293,35,0.9795221843003413,0.948382082567274,0.9950273025118311,2000
scgpt,ild,P2DS,adventitial fibroblast,307,33,0.36807817589576547,0.2333139534883721,0.40880985453563295,2000
scgpt,ild,P2DS,alveolar macrophage,176,41,0.9431818181818182,0.9115631208235506,0.9761951631046119,2000
scgpt,ild,P2DS,alveolar type 1 fibroblast cell,74,20,0.8243243243243243,0.7,0.9176470588235294,2000
scgpt,ild,P2DS,basal cell,366,32,0.8060109289617486,0.7229693008225617,0.8660070390118532,2000
scgpt,ild,P2DS,ciliated cell,2304,64,0.9986979166666666,0.9960687166532535,1.0,2000
scgpt,ild,P2DS,classical monocyte,680,60,0.4485294117647059,0.35060684647302903,0.5000109745390693,2000
scgpt,ild,P2DS,conventional dendritic cell,163,41,0.7423312883435583,0.6797385620915033,0.7943957239790039,2000
scgpt,ild,P2DS,endothelial cell of arteriole,200,38,0.905,0.7928527874564459,0.9559196603860177,2000
scgpt,ild,P2DS,endothelial cell of respiratory system lymphatic vessel,117,24,0.9487179487179487,0.8888629283489096,1.0,2000
scgpt,ild,P2DS,epithelial cell of lung,86,24,0.8953488372093024,0.8441528654831406,0.9622816212438853,2000
scgpt,ild,P2DS,granzyme K-associated CD8 T cell,8,4,0.0,0.0,0.0,1971
scgpt,ild,P2DS,helper T cell,91,28,0.1978021978021978,0.12497577519379845,0.28788520801232664,2000
scgpt,ild,P2DS,hematopoietic cell,107,40,0.9345794392523364,0.8834856890682133,0.9855072463768116,2000
scgpt,ild,P2DS,lung interstitial macrophage,140,30,0.7714285714285715,0.6385542168674698,0.8511904761904762,2000
scgpt,ild,P2DS,lung secretory cell,1724,61,0.9286542923433875,0.8690765993265994,0.9497759083778574,2000
scgpt,ild,P2DS,macrophage,1992,80,0.6807228915662651,0.5992407611872443,0.739942253075978,2000
scgpt,ild,P2DS,mast cell,26,14,0.9615384615384616,0.84609375,1.0,2000
scgpt,ild,P2DS,mesothelial cell of pleura,33,12,0.9696969696969697,0.8822941176470588,1.0,2000
scgpt,ild,P2DS,monocyte,384,43,0.0,0.0,0.0,2000
scgpt,ild,P2DS,"myeloid dendritic cell, human",249,36,0.27710843373493976,0.15037593984962405,0.37957080929461634,2000
scgpt,ild,P2DS,myofibroblast cell,53,18,0.3584905660377358,0.15380434782608696,0.5909322820037105,2000
scgpt,ild,P2DS,natural killer cell,163,31,0.6196319018404908,0.5344785327924273,0.7941365007541477,2000
scgpt,ild,P2DS,pericyte,56,17,0.32142857142857145,0.19439102564102564,0.5142857142857142,2000
scgpt,ild,P2DS,plasma cell,26,8,0.46153846153846156,0.288135593220339,1.0,2000
scgpt,ild,P2DS,plasmacytoid dendritic cell,14,11,1.0,1.0,1.0,2000
scgpt,ild,P2DS,pulmonary alveolar type 1 cell,196,23,0.9846938775510204,0.9523738237810093,1.0,2000
scgpt,ild,P2DS,pulmonary alveolar type 2 cell,1521,60,0.9526627218934911,0.8507109319834567,0.9779554481032631,2000
scgpt,ild,P2DS,pulmonary capillary endothelial cell,206,36,0.1553398058252427,0.10235789413184666,0.1954114212734902,2000
scgpt,ild,P2DS,smooth muscle cell,55,20,0.9818181818181818,0.9130434782608695,1.0,2000
scgpt,ild,P2DS,vein endothelial cell of respiratory system,663,56,0.803921568627451,0.6470412212763234,0.920257281821699,2000
